dataset,setting,seed,method,adaptive_min_edges,best_val,test_at_best_val,macro_f1,macro_f1_at_best_val,best_observed_test,final_test,train_comm,inference_comm,peer_to_peer_comm,global_readout_comm,total_comm,protocol_type,label_protocol,training_protocol,validation_protocol,validation_evaluator,active_party_id,passive_label_access,local_training_labels,validation_label_protocol,topology_evaluator,local_training_protocol,validation_split_mode,topology_val_fraction,topology_val_count,selection_val_count,topology_objective,joint_lambda,active_readout_acc,local_post_consensus_mean_acc,active_party_post_consensus_acc,local_worst_acc,local_best_acc,dropout_protocol,dropout_rate,dropout_seed,remaining_parties,dropped_party_ids,test_acc_after_dropout,local_post_consensus_acc_after_dropout,num_edges,peer_comm,readout_comm,control_plane_comm,final_edges,topology_update_comm,topology_eval_count,topology_update_time,useful_useful_edges,useful_noisy_edges,noisy_noisy_edges,selected_edges,useful_party_mask,party_view_names,party_reliabilities,party_permutation,prediction_cache_path,prediction_cache_fingerprint,K,method_label,connected_components,largest_component_size,mean_component_size_nonisolated,graph_diameter,reachable_1hop,reachable_Khop,multihop_gain_fraction
ACM,hard,42,topk_reliability_vote,5,0.8692052960395813,0.8451400399208069,0.8450327839801525,0.8450327839801525,0.874794065952301,0.8714991807937622,0,0,0,45375,45375,global_diagnostic,all_supervised,supervised,shared_val,all_parties,0,True,all_parties_supervised_simulation,all_parties,all_parties,all_parties_supervised,shared,1.0,604,604,active,0.5,0.8451400399208069,0.424382201830546,0.3739703595638275,0.3080724775791168,0.8171334266662598,none,0.0,0,15,[],-1.0,-1.0,0,0,45375,0,0,0,0,0.0,0,0,0,[],"[false, false, true, false, false, false, true, false, true, false, false, false, false, false, false]","[""RANDOM"", ""RANDOM"", ""PSP"", ""RANDOM"", ""RANDOM"", ""RANDOM"", ""KNN"", ""RANDOM"", ""PAP"", ""RANDOM"", ""RANDOM"", ""RANDOM"", ""RANDOM"", ""RANDOM"", ""RANDOM""]","[0.3460264801979065, 0.33278146386146545, 0.695364236831665, 0.33112582564353943, 0.3526490032672882, 0.3592715263366699, 0.7764900922775269, 0.3460264801979065, 0.809602677822113, 0.36589404940605164, 0.3460264801979065, 0.3360927104949951, 0.3344370722770691, 0.33774834871292114, 0.3294701874256134]","[9, 12, 1, 13, 3, 8, 2, 4, 0, 11, 6, 10, 14, 5, 7]",C:\Users\Yin Kuan\OneDrive\桌面\Durham_CS\Research\TA-DVFG\results\core_cache_v2\acm_hard_useful3_seed42_party_preds.pt,6cc21828a72da96ee6d41054c060e412e11d5d7c25af6103d3c45ace5829a8dc,1,Global Top-k,15.0,1.0,0.0,,1.0,1.0,0.0
ACM,hard,42,full_mesh,5,0.809602677822113,0.7627677321434021,0.7635599816308171,0.7635599816308171,0.8006590008735657,0.7858319878578186,0,1905750,1905750,136125,2041875,peer_to_peer_topology,all_supervised,supervised,shared_val,all_parties,0,True,all_parties_supervised_simulation,all_parties,all_parties,all_parties_supervised,shared,1.0,604,604,active,0.5,0.7627677321434021,0.4344865441322326,0.3690280020236969,0.3097199201583862,0.813838541507721,none,0.0,0,15,[],-1.0,-1.0,105,1905750,136125,0,105,0,0,0.0,3,36,66,"[[0,1],[0,2],[0,3],[0,4],[0,5],[0,6],[0,7],[0,8],[0,9],[0,10],[0,11],[0,12],[0,13],[0,14],[1,2],[1,3],[1,4],[1,5],[1,6],[1,7],[1,8],[1,9],[1,10],[1,11],[1,12],[1,13],[1,14],[2,3],[2,4],[2,5],[2,6],[2,7],[2,8],[2,9],[2,10],[2,11],[2,12],[2,13],[2,14],[3,4],[3,5],[3,6],[3,7],[3,8],[3,9],[3,10],[3,11],[3,12],[3,13],[3,14],[4,5],[4,6],[4,7],[4,8],[4,9],[4,10],[4,11],[4,12],[4,13],[4,14],[5,6],[5,7],[5,8],[5,9],[5,10],[5,11],[5,12],[5,13],[5,14],[6,7],[6,8],[6,9],[6,10],[6,11],[6,12],[6,13],[6,14],[7,8],[7,9],[7,10],[7,11],[7,12],[7,13],[7,14],[8,9],[8,10],[8,11],[8,12],[8,13],[8,14],[9,10],[9,11],[9,12],[9,13],[9,14],[10,11],[10,12],[10,13],[10,14],[11,12],[11,13],[11,14],[12,13],[12,14],[13,14]]","[false, false, true, false, false, false, true, false, true, false, false, false, false, false, false]","[""RANDOM"", ""RANDOM"", ""PSP"", ""RANDOM"", ""RANDOM"", ""RANDOM"", ""KNN"", ""RANDOM"", ""PAP"", ""RANDOM"", ""RANDOM"", ""RANDOM"", ""RANDOM"", ""RANDOM"", ""RANDOM""]","[0.3460264801979065, 0.33278146386146545, 0.695364236831665, 0.33112582564353943, 0.3526490032672882, 0.3592715263366699, 0.7764900922775269, 0.3460264801979065, 0.809602677822113, 0.36589404940605164, 0.3460264801979065, 0.3360927104949951, 0.3344370722770691, 0.33774834871292114, 0.3294701874256134]","[9, 12, 1, 13, 3, 8, 2, 4, 0, 11, 6, 10, 14, 5, 7]",C:\Users\Yin Kuan\OneDrive\桌面\Durham_CS\Research\TA-DVFG\results\core_cache_v2\acm_hard_useful3_seed42_party_preds.pt,6cc21828a72da96ee6d41054c060e412e11d5d7c25af6103d3c45ace5829a8dc,1,Full Mesh,1.0,15.0,15.0,1.0,15.0,15.0,0.0
ACM,hard,42,adaptive_pair,5,0.8129138946533203,0.7693575024604797,0.7688261006562666,0.7688261006562666,0.8023064136505127,0.7841845154762268,0,254100,254100,127050,381150,peer_to_peer_topology,all_supervised,supervised,shared_val,all_parties,0,True,all_parties_supervised_simulation,all_parties,all_parties,all_parties_supervised,shared,1.0,604,604,active,0.5,0.7693575024604797,0.4404173533121744,0.3574958741664886,0.304777592420578,0.8698517084121704,none,0.0,0,15,[],-1.0,-1.0,14,254100,127050,407700,14,407700,0,0.6310082000127295,3,0,11,"[[0,1],[0,13],[1,3],[2,6],[2,8],[3,11],[4,10],[4,13],[5,10],[5,14],[6,8],[7,9],[7,14],[9,11]]","[false, false, true, false, false, false, true, false, true, false, false, false, false, false, false]","[""RANDOM"", ""RANDOM"", ""PSP"", ""RANDOM"", ""RANDOM"", ""RANDOM"", ""KNN"", ""RANDOM"", ""PAP"", ""RANDOM"", ""RANDOM"", ""RANDOM"", ""RANDOM"", ""RANDOM"", ""RANDOM""]","[0.3460264801979065, 0.33278146386146545, 0.695364236831665, 0.33112582564353943, 0.3526490032672882, 0.3592715263366699, 0.7764900922775269, 0.3460264801979065, 0.809602677822113, 0.36589404940605164, 0.3460264801979065, 0.3360927104949951, 0.3344370722770691, 0.33774834871292114, 0.3294701874256134]","[9, 12, 1, 13, 3, 8, 2, 4, 0, 11, 6, 10, 14, 5, 7]",C:\Users\Yin Kuan\OneDrive\桌面\Durham_CS\Research\TA-DVFG\results\core_cache_v2\acm_hard_useful3_seed42_party_preds.pt,6cc21828a72da96ee6d41054c060e412e11d5d7c25af6103d3c45ace5829a8dc,1,Adaptive Pairwise,3.0,11.0,7.0,5.0,2.8666666666666667,2.8666666666666667,0.0
ACM,hard,42,adaptive_complementarity,5,0.8112582564353943,0.7841845154762268,0.7822905525846703,0.7822905525846703,0.8006590008735657,0.7841845154762268,0,254100,254100,127050,381150,peer_to_peer_topology,all_supervised,supervised,shared_val,all_parties,0,True,all_parties_supervised_simulation,all_parties,all_parties,all_parties_supervised,shared,1.0,604,604,active,0.5,0.7841845154762268,0.4405271808306376,0.3789126873016357,0.311367392539978,0.8649094104766846,none,0.0,0,15,[],-1.0,-1.0,14,254100,127050,407700,14,407700,0,0.5928423000004841,3,0,11,"[[0,7],[0,10],[1,3],[1,13],[2,6],[2,8],[3,11],[4,9],[4,14],[5,10],[5,11],[6,8],[7,9],[13,14]]","[false, false, true, false, false, false, true, false, true, false, false, false, false, false, false]","[""RANDOM"", ""RANDOM"", ""PSP"", ""RANDOM"", ""RANDOM"", ""RANDOM"", ""KNN"", ""RANDOM"", ""PAP"", ""RANDOM"", ""RANDOM"", ""RANDOM"", ""RANDOM"", ""RANDOM"", ""RANDOM""]","[0.3460264801979065, 0.33278146386146545, 0.695364236831665, 0.33112582564353943, 0.3526490032672882, 0.3592715263366699, 0.7764900922775269, 0.3460264801979065, 0.809602677822113, 0.36589404940605164, 0.3460264801979065, 0.3360927104949951, 0.3344370722770691, 0.33774834871292114, 0.3294701874256134]","[9, 12, 1, 13, 3, 8, 2, 4, 0, 11, 6, 10, 14, 5, 7]",C:\Users\Yin Kuan\OneDrive\桌面\Durham_CS\Research\TA-DVFG\results\core_cache_v2\acm_hard_useful3_seed42_party_preds.pt,6cc21828a72da96ee6d41054c060e412e11d5d7c25af6103d3c45ace5829a8dc,1,Adaptive Complementarity,3.0,11.0,7.0,5.0,2.8666666666666667,2.8666666666666667,0.0
ACM,hard,42,adaptive_graph_val,5,0.8791390657424927,0.8336079120635986,0.834434517113447,0.834434517113447,0.8731465935707092,0.8484349250793457,0,90750,90750,54450,145200,peer_to_peer_topology,all_supervised,supervised,shared_val,all_parties,0,True,all_parties_supervised_simulation,all_parties,all_parties,all_parties_supervised,shared,1.0,604,604,active,0.5,0.8336079120635986,0.4336079080899556,0.3690280020236969,0.3146622776985168,0.8204283118247986,none,0.0,0,15,[],-1.0,-1.0,5,90750,54450,407700,5,407700,7564,9.181748000046356,2,2,1,"[[2,3],[2,6],[3,8],[5,14],[6,8]]","[false, false, true, false, false, false, true, false, true, false, false, false, false, false, false]","[""RANDOM"", ""RANDOM"", ""PSP"", ""RANDOM"", ""RANDOM"", ""RANDOM"", ""KNN"", ""RANDOM"", ""PAP"", ""RANDOM"", ""RANDOM"", ""RANDOM"", ""RANDOM"", ""RANDOM"", ""RANDOM""]","[0.3460264801979065, 0.33278146386146545, 0.695364236831665, 0.33112582564353943, 0.3526490032672882, 0.3592715263366699, 0.7764900922775269, 0.3460264801979065, 0.809602677822113, 0.36589404940605164, 0.3460264801979065, 0.3360927104949951, 0.3344370722770691, 0.33774834871292114, 0.3294701874256134]","[9, 12, 1, 13, 3, 8, 2, 4, 0, 11, 6, 10, 14, 5, 7]",C:\Users\Yin Kuan\OneDrive\桌面\Durham_CS\Research\TA-DVFG\results\core_cache_v2\acm_hard_useful3_seed42_party_preds.pt,6cc21828a72da96ee6d41054c060e412e11d5d7c25af6103d3c45ace5829a8dc,1,TA-DVFG,11.0,4.0,3.0,2.0,1.6666666666666667,1.6666666666666667,0.0
ACM,hard,43,topk_reliability_vote,5,0.9288079738616944,0.8863261938095093,0.886485081636233,0.886485081636233,0.9011532068252563,0.8929159641265869,0,0,0,45375,45375,global_diagnostic,all_supervised,supervised,shared_val,all_parties,0,True,all_parties_supervised_simulation,all_parties,all_parties,all_parties_supervised,shared,1.0,604,604,active,0.5,0.8863261938095093,0.4207578261693319,0.3805601298809051,0.2981878221035003,0.8418451547622681,none,0.0,0,15,[],-1.0,-1.0,0,0,45375,0,0,0,0,0.0,0,0,0,[],"[false, false, false, false, false, false, false, true, false, false, false, true, true, false, false]","[""RANDOM"", ""RANDOM"", ""RANDOM"", ""RANDOM"", ""RANDOM"", ""RANDOM"", ""RANDOM"", ""PSP"", ""RANDOM"", ""RANDOM"", ""RANDOM"", ""PAP"", ""KNN"", ""RANDOM"", ""RANDOM""]","[0.3526490032672882, 0.3013245165348053, 0.34437087178230286, 0.34271523356437683, 0.3576158881187439, 0.34271523356437683, 0.33112582564353943, 0.6821191906929016, 0.3245033025741577, 0.36589404940605164, 0.30463576316833496, 0.8675496578216553, 0.8907284736633301, 0.32781457901000977, 0.3460264801979065]","[8, 4, 9, 13, 6, 3, 12, 1, 14, 11, 7, 0, 2, 10, 5]",C:\Users\Yin Kuan\OneDrive\桌面\Durham_CS\Research\TA-DVFG\results\core_cache_v2\acm_hard_useful3_seed43_party_preds.pt,a32bccdb8fd6963f187be3505d94a56efc0619c5de973270db2f8e1f07e55fb8,1,Global Top-k,15.0,1.0,0.0,,1.0,1.0,0.0
ACM,hard,43,full_mesh,5,0.8708609342575073,0.8253706693649292,0.8265413047626279,0.8265413047626279,0.8369027972221375,0.827018141746521,0,1905750,1905750,136125,2041875,peer_to_peer_topology,all_supervised,supervised,shared_val,all_parties,0,True,all_parties_supervised_simulation,all_parties,all_parties,all_parties_supervised,shared,1.0,604,604,active,0.5,0.8253706693649292,0.437451950709025,0.3871499300003052,0.304777592420578,0.8500823974609375,none,0.0,0,15,[],-1.0,-1.0,105,1905750,136125,0,105,0,0,0.0,3,36,66,"[[0,1],[0,2],[0,3],[0,4],[0,5],[0,6],[0,7],[0,8],[0,9],[0,10],[0,11],[0,12],[0,13],[0,14],[1,2],[1,3],[1,4],[1,5],[1,6],[1,7],[1,8],[1,9],[1,10],[1,11],[1,12],[1,13],[1,14],[2,3],[2,4],[2,5],[2,6],[2,7],[2,8],[2,9],[2,10],[2,11],[2,12],[2,13],[2,14],[3,4],[3,5],[3,6],[3,7],[3,8],[3,9],[3,10],[3,11],[3,12],[3,13],[3,14],[4,5],[4,6],[4,7],[4,8],[4,9],[4,10],[4,11],[4,12],[4,13],[4,14],[5,6],[5,7],[5,8],[5,9],[5,10],[5,11],[5,12],[5,13],[5,14],[6,7],[6,8],[6,9],[6,10],[6,11],[6,12],[6,13],[6,14],[7,8],[7,9],[7,10],[7,11],[7,12],[7,13],[7,14],[8,9],[8,10],[8,11],[8,12],[8,13],[8,14],[9,10],[9,11],[9,12],[9,13],[9,14],[10,11],[10,12],[10,13],[10,14],[11,12],[11,13],[11,14],[12,13],[12,14],[13,14]]","[false, false, false, false, false, false, false, true, false, false, false, true, true, false, false]","[""RANDOM"", ""RANDOM"", ""RANDOM"", ""RANDOM"", ""RANDOM"", ""RANDOM"", ""RANDOM"", ""PSP"", ""RANDOM"", ""RANDOM"", ""RANDOM"", ""PAP"", ""KNN"", ""RANDOM"", ""RANDOM""]","[0.3526490032672882, 0.3013245165348053, 0.34437087178230286, 0.34271523356437683, 0.3576158881187439, 0.34271523356437683, 0.33112582564353943, 0.6821191906929016, 0.3245033025741577, 0.36589404940605164, 0.30463576316833496, 0.8675496578216553, 0.8907284736633301, 0.32781457901000977, 0.3460264801979065]","[8, 4, 9, 13, 6, 3, 12, 1, 14, 11, 7, 0, 2, 10, 5]",C:\Users\Yin Kuan\OneDrive\桌面\Durham_CS\Research\TA-DVFG\results\core_cache_v2\acm_hard_useful3_seed43_party_preds.pt,a32bccdb8fd6963f187be3505d94a56efc0619c5de973270db2f8e1f07e55fb8,1,Full Mesh,1.0,15.0,15.0,1.0,15.0,15.0,0.0
ACM,hard,43,adaptive_pair,5,0.8774834275245667,0.8220757842063904,0.8236857920771601,0.8236857920771601,0.8385502696037292,0.8303130269050598,0,254100,254100,136125,390225,peer_to_peer_topology,all_supervised,supervised,shared_val,all_parties,0,True,all_parties_supervised_simulation,all_parties,all_parties,all_parties_supervised,shared,1.0,604,604,active,0.5,0.8220757842063904,0.4369028011957804,0.3789126873016357,0.304777592420578,0.8632619380950928,none,0.0,0,15,[],-1.0,-1.0,14,254100,136125,407700,14,407700,0,0.6195755999942776,3,0,11,"[[0,9],[0,14],[1,10],[2,5],[2,13],[3,6],[3,8],[4,9],[4,13],[5,14],[6,8],[7,11],[7,12],[11,12]]","[false, false, false, false, false, false, false, true, false, false, false, true, true, false, false]","[""RANDOM"", ""RANDOM"", ""RANDOM"", ""RANDOM"", ""RANDOM"", ""RANDOM"", ""RANDOM"", ""PSP"", ""RANDOM"", ""RANDOM"", ""RANDOM"", ""PAP"", ""KNN"", ""RANDOM"", ""RANDOM""]","[0.3526490032672882, 0.3013245165348053, 0.34437087178230286, 0.34271523356437683, 0.3576158881187439, 0.34271523356437683, 0.33112582564353943, 0.6821191906929016, 0.3245033025741577, 0.36589404940605164, 0.30463576316833496, 0.8675496578216553, 0.8907284736633301, 0.32781457901000977, 0.3460264801979065]","[8, 4, 9, 13, 6, 3, 12, 1, 14, 11, 7, 0, 2, 10, 5]",C:\Users\Yin Kuan\OneDrive\桌面\Durham_CS\Research\TA-DVFG\results\core_cache_v2\acm_hard_useful3_seed43_party_preds.pt,a32bccdb8fd6963f187be3505d94a56efc0619c5de973270db2f8e1f07e55fb8,1,Adaptive Pairwise,4.0,7.0,3.75,3.0,2.8666666666666667,2.8666666666666667,0.0
ACM,hard,43,adaptive_complementarity,5,0.8725165724754333,0.8319604396820068,0.8335504963161261,0.8335504963161261,0.8451400399208069,0.8303130269050598,0,254100,254100,127050,381150,peer_to_peer_topology,all_supervised,supervised,shared_val,all_parties,0,True,all_parties_supervised_simulation,all_parties,all_parties,all_parties_supervised,shared,1.0,604,604,active,0.5,0.8319604396820068,0.4371224621931712,0.390444815158844,0.2948929071426391,0.859967052936554,none,0.0,0,15,[],-1.0,-1.0,14,254100,127050,407700,14,407700,0,0.6230278999719303,3,0,11,"[[0,9],[0,14],[2,5],[2,13],[3,6],[3,10],[4,8],[4,13],[5,14],[6,10],[7,11],[7,12],[8,9],[11,12]]","[false, false, false, false, false, false, false, true, false, false, false, true, true, false, false]","[""RANDOM"", ""RANDOM"", ""RANDOM"", ""RANDOM"", ""RANDOM"", ""RANDOM"", ""RANDOM"", ""PSP"", ""RANDOM"", ""RANDOM"", ""RANDOM"", ""PAP"", ""KNN"", ""RANDOM"", ""RANDOM""]","[0.3526490032672882, 0.3013245165348053, 0.34437087178230286, 0.34271523356437683, 0.3576158881187439, 0.34271523356437683, 0.33112582564353943, 0.6821191906929016, 0.3245033025741577, 0.36589404940605164, 0.30463576316833496, 0.8675496578216553, 0.8907284736633301, 0.32781457901000977, 0.3460264801979065]","[8, 4, 9, 13, 6, 3, 12, 1, 14, 11, 7, 0, 2, 10, 5]",C:\Users\Yin Kuan\OneDrive\桌面\Durham_CS\Research\TA-DVFG\results\core_cache_v2\acm_hard_useful3_seed43_party_preds.pt,a32bccdb8fd6963f187be3505d94a56efc0619c5de973270db2f8e1f07e55fb8,1,Adaptive Complementarity,4.0,8.0,4.666666666666667,4.0,2.8666666666666667,2.8666666666666667,0.0
ACM,hard,43,adaptive_graph_val,5,0.9337748289108276,0.8863261938095093,0.8865876638872683,0.8865876638872683,0.9011532068252563,0.8896210789680481,0,90750,90750,63525,154275,peer_to_peer_topology,all_supervised,supervised,shared_val,all_parties,0,True,all_parties_supervised_simulation,all_parties,all_parties,all_parties_supervised,shared,1.0,604,604,active,0.5,0.8863261938095093,0.438660079240799,0.3789126873016357,0.3146622776985168,0.8632619380950928,none,0.0,0,15,[],-1.0,-1.0,5,90750,63525,407700,5,407700,7667,10.795398899979771,2,2,1,"[[5,6],[7,11],[7,12],[8,12],[9,11]]","[false, false, false, false, false, false, false, true, false, false, false, true, true, false, false]","[""RANDOM"", ""RANDOM"", ""RANDOM"", ""RANDOM"", ""RANDOM"", ""RANDOM"", ""RANDOM"", ""PSP"", ""RANDOM"", ""RANDOM"", ""RANDOM"", ""PAP"", ""KNN"", ""RANDOM"", ""RANDOM""]","[0.3526490032672882, 0.3013245165348053, 0.34437087178230286, 0.34271523356437683, 0.3576158881187439, 0.34271523356437683, 0.33112582564353943, 0.6821191906929016, 0.3245033025741577, 0.36589404940605164, 0.30463576316833496, 0.8675496578216553, 0.8907284736633301, 0.32781457901000977, 0.3460264801979065]","[8, 4, 9, 13, 6, 3, 12, 1, 14, 11, 7, 0, 2, 10, 5]",C:\Users\Yin Kuan\OneDrive\桌面\Durham_CS\Research\TA-DVFG\results\core_cache_v2\acm_hard_useful3_seed43_party_preds.pt,a32bccdb8fd6963f187be3505d94a56efc0619c5de973270db2f8e1f07e55fb8,1,TA-DVFG,10.0,5.0,3.5,4.0,1.6666666666666667,1.6666666666666667,0.0
ACM,hard,44,topk_reliability_vote,5,0.8344370722770691,0.8171334266662598,0.8189538096123744,0.8189538096123744,0.8550246953964233,0.8303130269050598,0,0,0,45375,45375,global_diagnostic,all_supervised,supervised,shared_val,all_parties,0,True,all_parties_supervised_simulation,all_parties,all_parties,all_parties_supervised,shared,1.0,604,604,active,0.5,0.8171334266662598,0.3974739154179891,0.344316303730011,0.3064250349998474,0.813838541507721,none,0.0,0,15,[],-1.0,-1.0,0,0,45375,0,0,0,0,0.0,0,0,0,[],"[false, false, false, false, false, true, false, false, false, false, true, true, false, false, false]","[""RANDOM"", ""RANDOM"", ""RANDOM"", ""RANDOM"", ""RANDOM"", ""PSP"", ""RANDOM"", ""RANDOM"", ""RANDOM"", ""RANDOM"", ""KNN"", ""PAP"", ""RANDOM"", ""RANDOM"", ""RANDOM""]","[0.3228476941585541, 0.35430464148521423, 0.3360927104949951, 0.3526490032672882, 0.3526490032672882, 0.3509933650493622, 0.32615894079208374, 0.31456953287124634, 0.306291401386261, 0.31456953287124634, 0.7731788158416748, 0.8162251710891724, 0.33278146386146545, 0.3410595953464508, 0.3410595953464508]","[6, 11, 10, 4, 7, 1, 12, 14, 8, 9, 2, 0, 5, 3, 13]",C:\Users\Yin Kuan\OneDrive\桌面\Durham_CS\Research\TA-DVFG\results\core_cache_v2\acm_hard_useful3_seed44_party_preds.pt,fafec304836823a69367da4b8d97dd4bd2c59bc53076953bcf7a7fc2e8760cb9,1,Global Top-k,15.0,1.0,0.0,,1.0,1.0,0.0
ACM,hard,44,full_mesh,5,0.7235099077224731,0.6919274926185608,0.6896080971964021,0.6896080971964021,0.7298187613487244,0.7001647353172302,0,1905750,1905750,136125,2041875,peer_to_peer_topology,all_supervised,supervised,shared_val,all_parties,0,True,all_parties_supervised_simulation,all_parties,all_parties,all_parties_supervised,shared,1.0,604,604,active,0.5,0.6919274926185608,0.4153761665026347,0.350906103849411,0.3163097202777862,0.8303130269050598,none,0.0,0,15,[],-1.0,-1.0,105,1905750,136125,0,105,0,0,0.0,3,36,66,"[[0,1],[0,2],[0,3],[0,4],[0,5],[0,6],[0,7],[0,8],[0,9],[0,10],[0,11],[0,12],[0,13],[0,14],[1,2],[1,3],[1,4],[1,5],[1,6],[1,7],[1,8],[1,9],[1,10],[1,11],[1,12],[1,13],[1,14],[2,3],[2,4],[2,5],[2,6],[2,7],[2,8],[2,9],[2,10],[2,11],[2,12],[2,13],[2,14],[3,4],[3,5],[3,6],[3,7],[3,8],[3,9],[3,10],[3,11],[3,12],[3,13],[3,14],[4,5],[4,6],[4,7],[4,8],[4,9],[4,10],[4,11],[4,12],[4,13],[4,14],[5,6],[5,7],[5,8],[5,9],[5,10],[5,11],[5,12],[5,13],[5,14],[6,7],[6,8],[6,9],[6,10],[6,11],[6,12],[6,13],[6,14],[7,8],[7,9],[7,10],[7,11],[7,12],[7,13],[7,14],[8,9],[8,10],[8,11],[8,12],[8,13],[8,14],[9,10],[9,11],[9,12],[9,13],[9,14],[10,11],[10,12],[10,13],[10,14],[11,12],[11,13],[11,14],[12,13],[12,14],[13,14]]","[false, false, false, false, false, true, false, false, false, false, true, true, false, false, false]","[""RANDOM"", ""RANDOM"", ""RANDOM"", ""RANDOM"", ""RANDOM"", ""PSP"", ""RANDOM"", ""RANDOM"", ""RANDOM"", ""RANDOM"", ""KNN"", ""PAP"", ""RANDOM"", ""RANDOM"", ""RANDOM""]","[0.3228476941585541, 0.35430464148521423, 0.3360927104949951, 0.3526490032672882, 0.3526490032672882, 0.3509933650493622, 0.32615894079208374, 0.31456953287124634, 0.306291401386261, 0.31456953287124634, 0.7731788158416748, 0.8162251710891724, 0.33278146386146545, 0.3410595953464508, 0.3410595953464508]","[6, 11, 10, 4, 7, 1, 12, 14, 8, 9, 2, 0, 5, 3, 13]",C:\Users\Yin Kuan\OneDrive\桌面\Durham_CS\Research\TA-DVFG\results\core_cache_v2\acm_hard_useful3_seed44_party_preds.pt,fafec304836823a69367da4b8d97dd4bd2c59bc53076953bcf7a7fc2e8760cb9,1,Full Mesh,1.0,15.0,15.0,1.0,15.0,15.0,0.0
ACM,hard,44,adaptive_pair,5,0.7350993156433105,0.7051070928573608,0.7063054592466358,0.7063054592466358,0.7446457743644714,0.703459620475769,0,254100,254100,127050,381150,peer_to_peer_topology,all_supervised,supervised,shared_val,all_parties,0,True,all_parties_supervised_simulation,all_parties,all_parties,all_parties_supervised,shared,1.0,604,604,active,0.5,0.7051070928573608,0.431301486492157,0.3261944055557251,0.3064250349998474,0.8714991807937622,none,0.0,0,15,[],-1.0,-1.0,14,254100,127050,407700,14,407700,0,0.7264738999656402,3,0,11,"[[0,2],[0,7],[1,6],[1,7],[2,13],[3,4],[3,12],[4,13],[5,10],[5,11],[6,9],[9,14],[10,11],[12,14]]","[false, false, false, false, false, true, false, false, false, false, true, true, false, false, false]","[""RANDOM"", ""RANDOM"", ""RANDOM"", ""RANDOM"", ""RANDOM"", ""PSP"", ""RANDOM"", ""RANDOM"", ""RANDOM"", ""RANDOM"", ""KNN"", ""PAP"", ""RANDOM"", ""RANDOM"", ""RANDOM""]","[0.3228476941585541, 0.35430464148521423, 0.3360927104949951, 0.3526490032672882, 0.3526490032672882, 0.3509933650493622, 0.32615894079208374, 0.31456953287124634, 0.306291401386261, 0.31456953287124634, 0.7731788158416748, 0.8162251710891724, 0.33278146386146545, 0.3410595953464508, 0.3410595953464508]","[6, 11, 10, 4, 7, 1, 12, 14, 8, 9, 2, 0, 5, 3, 13]",C:\Users\Yin Kuan\OneDrive\桌面\Durham_CS\Research\TA-DVFG\results\core_cache_v2\acm_hard_useful3_seed44_party_preds.pt,fafec304836823a69367da4b8d97dd4bd2c59bc53076953bcf7a7fc2e8760cb9,1,Adaptive Pairwise,3.0,11.0,7.0,5.0,2.8666666666666667,2.8666666666666667,0.0
ACM,hard,44,adaptive_complementarity,5,0.7350993156433105,0.703459620475769,0.7048073659131586,0.7048073659131586,0.7298187613487244,0.7133443355560303,0,254100,254100,127050,381150,peer_to_peer_topology,all_supervised,supervised,shared_val,all_parties,0,True,all_parties_supervised_simulation,all_parties,all_parties,all_parties_supervised,shared,1.0,604,604,active,0.5,0.703459620475769,0.4299835284550984,0.3261944055557251,0.3064250349998474,0.8714991807937622,none,0.0,0,15,[],-1.0,-1.0,14,254100,127050,407700,14,407700,0,0.6296548999671359,3,0,11,"[[0,2],[0,7],[1,6],[1,7],[2,13],[3,4],[3,12],[4,9],[5,10],[5,11],[6,9],[10,11],[12,14],[13,14]]","[false, false, false, false, false, true, false, false, false, false, true, true, false, false, false]","[""RANDOM"", ""RANDOM"", ""RANDOM"", ""RANDOM"", ""RANDOM"", ""PSP"", ""RANDOM"", ""RANDOM"", ""RANDOM"", ""RANDOM"", ""KNN"", ""PAP"", ""RANDOM"", ""RANDOM"", ""RANDOM""]","[0.3228476941585541, 0.35430464148521423, 0.3360927104949951, 0.3526490032672882, 0.3526490032672882, 0.3509933650493622, 0.32615894079208374, 0.31456953287124634, 0.306291401386261, 0.31456953287124634, 0.7731788158416748, 0.8162251710891724, 0.33278146386146545, 0.3410595953464508, 0.3410595953464508]","[6, 11, 10, 4, 7, 1, 12, 14, 8, 9, 2, 0, 5, 3, 13]",C:\Users\Yin Kuan\OneDrive\桌面\Durham_CS\Research\TA-DVFG\results\core_cache_v2\acm_hard_useful3_seed44_party_preds.pt,fafec304836823a69367da4b8d97dd4bd2c59bc53076953bcf7a7fc2e8760cb9,1,Adaptive Complementarity,3.0,11.0,7.0,5.0,2.8666666666666667,2.8666666666666667,0.0
ACM,hard,44,adaptive_graph_val,5,0.8642383813858032,0.8319604396820068,0.8336397474159599,0.8336397474159599,0.8401976823806763,0.8336079120635986,0,90750,90750,45375,136125,peer_to_peer_topology,all_supervised,supervised,shared_val,all_parties,0,True,all_parties_supervised_simulation,all_parties,all_parties,all_parties_supervised,shared,1.0,604,604,active,0.5,0.8319604396820068,0.4243822077910105,0.350906103849411,0.304777592420578,0.8237232565879822,none,0.0,0,15,[],-1.0,-1.0,5,90750,45375,407700,5,407700,7428,8.553979800009984,2,2,1,"[[5,7],[5,10],[7,12],[10,11],[11,12]]","[false, false, false, false, false, true, false, false, false, false, true, true, false, false, false]","[""RANDOM"", ""RANDOM"", ""RANDOM"", ""RANDOM"", ""RANDOM"", ""PSP"", ""RANDOM"", ""RANDOM"", ""RANDOM"", ""RANDOM"", ""KNN"", ""PAP"", ""RANDOM"", ""RANDOM"", ""RANDOM""]","[0.3228476941585541, 0.35430464148521423, 0.3360927104949951, 0.3526490032672882, 0.3526490032672882, 0.3509933650493622, 0.32615894079208374, 0.31456953287124634, 0.306291401386261, 0.31456953287124634, 0.7731788158416748, 0.8162251710891724, 0.33278146386146545, 0.3410595953464508, 0.3410595953464508]","[6, 11, 10, 4, 7, 1, 12, 14, 8, 9, 2, 0, 5, 3, 13]",C:\Users\Yin Kuan\OneDrive\桌面\Durham_CS\Research\TA-DVFG\results\core_cache_v2\acm_hard_useful3_seed44_party_preds.pt,fafec304836823a69367da4b8d97dd4bd2c59bc53076953bcf7a7fc2e8760cb9,1,TA-DVFG,11.0,5.0,5.0,2.0,1.6666666666666667,1.6666666666666667,0.0
ACM,hard,45,topk_reliability_vote,5,0.8592715263366699,0.8484349250793457,0.8487234779957155,0.8487234779957155,0.8566721677780151,0.8352553248405457,0,0,0,45375,45375,global_diagnostic,all_supervised,supervised,shared_val,all_parties,0,True,all_parties_supervised_simulation,all_parties,all_parties,all_parties_supervised,shared,1.0,604,604,active,0.5,0.8484349250793457,0.4026359140872955,0.359143316745758,0.3080724775791168,0.8369027972221375,none,0.0,0,15,[],-1.0,-1.0,0,0,45375,0,0,0,0,0.0,0,0,0,[],"[false, false, false, false, true, true, false, false, true, false, false, false, false, false, false]","[""RANDOM"", ""RANDOM"", ""RANDOM"", ""RANDOM"", ""KNN"", ""PSP"", ""RANDOM"", ""RANDOM"", ""PAP"", ""RANDOM"", ""RANDOM"", ""RANDOM"", ""RANDOM"", ""RANDOM"", ""RANDOM""]","[0.34437087178230286, 0.30298012495040894, 0.3410595953464508, 0.3178808093070984, 0.7367549538612366, 0.3509933650493622, 0.32615894079208374, 0.34933775663375854, 0.8195364475250244, 0.33278146386146545, 0.34271523356437683, 0.32781457901000977, 0.32615894079208374, 0.3112582862377167, 0.3476821184158325]","[10, 13, 11, 14, 2, 1, 5, 12, 0, 9, 8, 3, 4, 7, 6]",C:\Users\Yin Kuan\OneDrive\桌面\Durham_CS\Research\TA-DVFG\results\core_cache_v2\acm_hard_useful3_seed45_party_preds.pt,d6f212aca1d6321753df32d17bf286dfed4606a73d440a4517c34fc7e8f39e03,1,Global Top-k,15.0,1.0,0.0,,1.0,1.0,0.0
ACM,hard,45,full_mesh,5,0.7052980065345764,0.7248764634132385,0.7232977234996348,0.7232977234996348,0.7413508892059326,0.7215815782546997,0,1905750,1905750,136125,2041875,peer_to_peer_topology,all_supervised,supervised,shared_val,all_parties,0,True,all_parties_supervised_simulation,all_parties,all_parties,all_parties_supervised,shared,1.0,604,604,active,0.5,0.7248764634132385,0.4210873146851857,0.3673805594444275,0.3196046054363251,0.8336079120635986,none,0.0,0,15,[],-1.0,-1.0,105,1905750,136125,0,105,0,0,0.0,3,36,66,"[[0,1],[0,2],[0,3],[0,4],[0,5],[0,6],[0,7],[0,8],[0,9],[0,10],[0,11],[0,12],[0,13],[0,14],[1,2],[1,3],[1,4],[1,5],[1,6],[1,7],[1,8],[1,9],[1,10],[1,11],[1,12],[1,13],[1,14],[2,3],[2,4],[2,5],[2,6],[2,7],[2,8],[2,9],[2,10],[2,11],[2,12],[2,13],[2,14],[3,4],[3,5],[3,6],[3,7],[3,8],[3,9],[3,10],[3,11],[3,12],[3,13],[3,14],[4,5],[4,6],[4,7],[4,8],[4,9],[4,10],[4,11],[4,12],[4,13],[4,14],[5,6],[5,7],[5,8],[5,9],[5,10],[5,11],[5,12],[5,13],[5,14],[6,7],[6,8],[6,9],[6,10],[6,11],[6,12],[6,13],[6,14],[7,8],[7,9],[7,10],[7,11],[7,12],[7,13],[7,14],[8,9],[8,10],[8,11],[8,12],[8,13],[8,14],[9,10],[9,11],[9,12],[9,13],[9,14],[10,11],[10,12],[10,13],[10,14],[11,12],[11,13],[11,14],[12,13],[12,14],[13,14]]","[false, false, false, false, true, true, false, false, true, false, false, false, false, false, false]","[""RANDOM"", ""RANDOM"", ""RANDOM"", ""RANDOM"", ""KNN"", ""PSP"", ""RANDOM"", ""RANDOM"", ""PAP"", ""RANDOM"", ""RANDOM"", ""RANDOM"", ""RANDOM"", ""RANDOM"", ""RANDOM""]","[0.34437087178230286, 0.30298012495040894, 0.3410595953464508, 0.3178808093070984, 0.7367549538612366, 0.3509933650493622, 0.32615894079208374, 0.34933775663375854, 0.8195364475250244, 0.33278146386146545, 0.34271523356437683, 0.32781457901000977, 0.32615894079208374, 0.3112582862377167, 0.3476821184158325]","[10, 13, 11, 14, 2, 1, 5, 12, 0, 9, 8, 3, 4, 7, 6]",C:\Users\Yin Kuan\OneDrive\桌面\Durham_CS\Research\TA-DVFG\results\core_cache_v2\acm_hard_useful3_seed45_party_preds.pt,d6f212aca1d6321753df32d17bf286dfed4606a73d440a4517c34fc7e8f39e03,1,Full Mesh,1.0,15.0,15.0,1.0,15.0,15.0,0.0
ACM,hard,45,adaptive_pair,5,0.7218543291091919,0.734761118888855,0.7323637718426786,0.7323637718426786,0.747940719127655,0.7314662337303162,0,254100,254100,127050,381150,peer_to_peer_topology,all_supervised,supervised,shared_val,all_parties,0,True,all_parties_supervised_simulation,all_parties,all_parties,all_parties_supervised,shared,1.0,604,604,active,0.5,0.734761118888855,0.434816038608551,0.3640856742858886,0.3196046054363251,0.8517298102378845,none,0.0,0,15,[],-1.0,-1.0,14,254100,127050,407700,14,407700,0,0.5044047000119463,3,0,11,"[[0,7],[0,9],[1,11],[1,12],[2,13],[2,14],[4,5],[4,8],[5,8],[6,10],[6,11],[7,9],[10,12],[13,14]]","[false, false, false, false, true, true, false, false, true, false, false, false, false, false, false]","[""RANDOM"", ""RANDOM"", ""RANDOM"", ""RANDOM"", ""KNN"", ""PSP"", ""RANDOM"", ""RANDOM"", ""PAP"", ""RANDOM"", ""RANDOM"", ""RANDOM"", ""RANDOM"", ""RANDOM"", ""RANDOM""]","[0.34437087178230286, 0.30298012495040894, 0.3410595953464508, 0.3178808093070984, 0.7367549538612366, 0.3509933650493622, 0.32615894079208374, 0.34933775663375854, 0.8195364475250244, 0.33278146386146545, 0.34271523356437683, 0.32781457901000977, 0.32615894079208374, 0.3112582862377167, 0.3476821184158325]","[10, 13, 11, 14, 2, 1, 5, 12, 0, 9, 8, 3, 4, 7, 6]",C:\Users\Yin Kuan\OneDrive\桌面\Durham_CS\Research\TA-DVFG\results\core_cache_v2\acm_hard_useful3_seed45_party_preds.pt,d6f212aca1d6321753df32d17bf286dfed4606a73d440a4517c34fc7e8f39e03,1,Adaptive Pairwise,5.0,5.0,3.5,2.0,2.8666666666666667,2.8666666666666667,0.0
ACM,hard,45,adaptive_complementarity,5,0.7201986908912659,0.7265238761901855,0.7289814431166494,0.7289814431166494,0.7528830170631409,0.7199341058731079,0,254100,254100,127050,381150,peer_to_peer_topology,all_supervised,supervised,shared_val,all_parties,0,True,all_parties_supervised_simulation,all_parties,all_parties,all_parties_supervised,shared,1.0,604,604,active,0.5,0.7265238761901855,0.4347062031428019,0.3492586612701416,0.3064250349998474,0.859967052936554,none,0.0,0,15,[],-1.0,-1.0,14,254100,127050,407700,14,407700,0,0.5432801000133622,3,0,11,"[[0,1],[0,11],[1,14],[2,10],[2,13],[4,5],[4,8],[5,8],[6,7],[6,12],[7,9],[9,13],[10,14],[11,12]]","[false, false, false, false, true, true, false, false, true, false, false, false, false, false, false]","[""RANDOM"", ""RANDOM"", ""RANDOM"", ""RANDOM"", ""KNN"", ""PSP"", ""RANDOM"", ""RANDOM"", ""PAP"", ""RANDOM"", ""RANDOM"", ""RANDOM"", ""RANDOM"", ""RANDOM"", ""RANDOM""]","[0.34437087178230286, 0.30298012495040894, 0.3410595953464508, 0.3178808093070984, 0.7367549538612366, 0.3509933650493622, 0.32615894079208374, 0.34933775663375854, 0.8195364475250244, 0.33278146386146545, 0.34271523356437683, 0.32781457901000977, 0.32615894079208374, 0.3112582862377167, 0.3476821184158325]","[10, 13, 11, 14, 2, 1, 5, 12, 0, 9, 8, 3, 4, 7, 6]",C:\Users\Yin Kuan\OneDrive\桌面\Durham_CS\Research\TA-DVFG\results\core_cache_v2\acm_hard_useful3_seed45_party_preds.pt,d6f212aca1d6321753df32d17bf286dfed4606a73d440a4517c34fc7e8f39e03,1,Adaptive Complementarity,3.0,11.0,7.0,5.0,2.8666666666666667,2.8666666666666667,0.0
ACM,hard,45,adaptive_graph_val,5,0.8692052960395813,0.8369027972221375,0.8376540267580372,0.8376540267580372,0.8533772826194763,0.8385502696037292,0,90750,90750,45375,136125,peer_to_peer_topology,all_supervised,supervised,shared_val,all_parties,0,True,all_parties_supervised_simulation,all_parties,all_parties,all_parties_supervised,shared,1.0,604,604,active,0.5,0.8369027972221375,0.4249313533306121,0.3607907891273498,0.3080724775791168,0.8352553248405457,none,0.0,0,15,[],-1.0,-1.0,5,90750,45375,407700,5,407700,7400,9.985035299963783,2,2,1,"[[4,5],[4,8],[5,12],[8,11],[11,12]]","[false, false, false, false, true, true, false, false, true, false, false, false, false, false, false]","[""RANDOM"", ""RANDOM"", ""RANDOM"", ""RANDOM"", ""KNN"", ""PSP"", ""RANDOM"", ""RANDOM"", ""PAP"", ""RANDOM"", ""RANDOM"", ""RANDOM"", ""RANDOM"", ""RANDOM"", ""RANDOM""]","[0.34437087178230286, 0.30298012495040894, 0.3410595953464508, 0.3178808093070984, 0.7367549538612366, 0.3509933650493622, 0.32615894079208374, 0.34933775663375854, 0.8195364475250244, 0.33278146386146545, 0.34271523356437683, 0.32781457901000977, 0.32615894079208374, 0.3112582862377167, 0.3476821184158325]","[10, 13, 11, 14, 2, 1, 5, 12, 0, 9, 8, 3, 4, 7, 6]",C:\Users\Yin Kuan\OneDrive\桌面\Durham_CS\Research\TA-DVFG\results\core_cache_v2\acm_hard_useful3_seed45_party_preds.pt,d6f212aca1d6321753df32d17bf286dfed4606a73d440a4517c34fc7e8f39e03,1,TA-DVFG,11.0,5.0,5.0,2.0,1.6666666666666667,1.6666666666666667,0.0
ACM,hard,46,topk_reliability_vote,5,0.9039735198020936,0.8780889511108398,0.8782183656684697,0.8782183656684697,0.8879736661911011,0.8797364234924316,0,0,0,45375,45375,global_diagnostic,all_supervised,supervised,shared_val,all_parties,0,True,all_parties_supervised_simulation,all_parties,all_parties,all_parties_supervised,shared,1.0,604,604,active,0.5,0.8780889511108398,0.4293245474497477,0.3377265334129333,0.3163097202777862,0.8484349250793457,none,0.0,0,15,[],-1.0,-1.0,0,0,45375,0,0,0,0,0.0,0,0,0,[],"[false, false, true, false, true, false, false, false, true, false, false, false, false, false, false]","[""RANDOM"", ""RANDOM"", ""PAP"", ""RANDOM"", ""PSP"", ""RANDOM"", ""RANDOM"", ""RANDOM"", ""KNN"", ""RANDOM"", ""RANDOM"", ""RANDOM"", ""RANDOM"", ""RANDOM"", ""RANDOM""]","[0.33774834871292114, 0.3708609342575073, 0.8145695328712463, 0.3791390657424927, 0.6771523356437683, 0.33774834871292114, 0.319536417722702, 0.3344370722770691, 0.7897350788116455, 0.3245033025741577, 0.33278146386146545, 0.31456953287124634, 0.34437087178230286, 0.30960264801979065, 0.31622517108917236]","[4, 9, 0, 5, 1, 8, 11, 12, 2, 14, 13, 7, 10, 6, 3]",C:\Users\Yin Kuan\OneDrive\桌面\Durham_CS\Research\TA-DVFG\results\core_cache_v2\acm_hard_useful3_seed46_party_preds.pt,78fa04998aaceb78c35114d5073ab90b90977b56a927a7a8c3136b76bf7b72b8,1,Global Top-k,15.0,1.0,0.0,,1.0,1.0,0.0
ACM,hard,46,full_mesh,5,0.8029801249504089,0.7710049152374268,0.7662078378711029,0.7662078378711029,0.7990115284919739,0.7874794006347656,0,1905750,1905750,136125,2041875,peer_to_peer_topology,all_supervised,supervised,shared_val,all_parties,0,True,all_parties_supervised_simulation,all_parties,all_parties,all_parties_supervised,shared,1.0,604,604,active,0.5,0.7710049152374268,0.4386600812276204,0.3525535464286804,0.3064250349998474,0.8303130269050598,none,0.0,0,15,[],-1.0,-1.0,105,1905750,136125,0,105,0,0,0.0,3,36,66,"[[0,1],[0,2],[0,3],[0,4],[0,5],[0,6],[0,7],[0,8],[0,9],[0,10],[0,11],[0,12],[0,13],[0,14],[1,2],[1,3],[1,4],[1,5],[1,6],[1,7],[1,8],[1,9],[1,10],[1,11],[1,12],[1,13],[1,14],[2,3],[2,4],[2,5],[2,6],[2,7],[2,8],[2,9],[2,10],[2,11],[2,12],[2,13],[2,14],[3,4],[3,5],[3,6],[3,7],[3,8],[3,9],[3,10],[3,11],[3,12],[3,13],[3,14],[4,5],[4,6],[4,7],[4,8],[4,9],[4,10],[4,11],[4,12],[4,13],[4,14],[5,6],[5,7],[5,8],[5,9],[5,10],[5,11],[5,12],[5,13],[5,14],[6,7],[6,8],[6,9],[6,10],[6,11],[6,12],[6,13],[6,14],[7,8],[7,9],[7,10],[7,11],[7,12],[7,13],[7,14],[8,9],[8,10],[8,11],[8,12],[8,13],[8,14],[9,10],[9,11],[9,12],[9,13],[9,14],[10,11],[10,12],[10,13],[10,14],[11,12],[11,13],[11,14],[12,13],[12,14],[13,14]]","[false, false, true, false, true, false, false, false, true, false, false, false, false, false, false]","[""RANDOM"", ""RANDOM"", ""PAP"", ""RANDOM"", ""PSP"", ""RANDOM"", ""RANDOM"", ""RANDOM"", ""KNN"", ""RANDOM"", ""RANDOM"", ""RANDOM"", ""RANDOM"", ""RANDOM"", ""RANDOM""]","[0.33774834871292114, 0.3708609342575073, 0.8145695328712463, 0.3791390657424927, 0.6771523356437683, 0.33774834871292114, 0.319536417722702, 0.3344370722770691, 0.7897350788116455, 0.3245033025741577, 0.33278146386146545, 0.31456953287124634, 0.34437087178230286, 0.30960264801979065, 0.31622517108917236]","[4, 9, 0, 5, 1, 8, 11, 12, 2, 14, 13, 7, 10, 6, 3]",C:\Users\Yin Kuan\OneDrive\桌面\Durham_CS\Research\TA-DVFG\results\core_cache_v2\acm_hard_useful3_seed46_party_preds.pt,78fa04998aaceb78c35114d5073ab90b90977b56a927a7a8c3136b76bf7b72b8,1,Full Mesh,1.0,15.0,15.0,1.0,15.0,15.0,0.0
ACM,hard,46,adaptive_pair,5,0.8129138946533203,0.7891268730163574,0.789332885708817,0.789332885708817,0.8088961839675903,0.7891268730163574,0,254100,254100,127050,381150,peer_to_peer_topology,all_supervised,supervised,shared_val,all_parties,0,True,all_parties_supervised_simulation,all_parties,all_parties,all_parties_supervised,shared,1.0,604,604,active,0.5,0.7891268730163574,0.4433827499548594,0.3245469629764557,0.3196046054363251,0.8731465935707092,none,0.0,0,15,[],-1.0,-1.0,14,254100,127050,407700,14,407700,0,0.6144980000099167,3,0,11,"[[0,6],[0,11],[1,3],[1,12],[2,4],[2,8],[3,9],[4,8],[5,7],[5,13],[6,11],[7,10],[9,13],[10,12]]","[false, false, true, false, true, false, false, false, true, false, false, false, false, false, false]","[""RANDOM"", ""RANDOM"", ""PAP"", ""RANDOM"", ""PSP"", ""RANDOM"", ""RANDOM"", ""RANDOM"", ""KNN"", ""RANDOM"", ""RANDOM"", ""RANDOM"", ""RANDOM"", ""RANDOM"", ""RANDOM""]","[0.33774834871292114, 0.3708609342575073, 0.8145695328712463, 0.3791390657424927, 0.6771523356437683, 0.33774834871292114, 0.319536417722702, 0.3344370722770691, 0.7897350788116455, 0.3245033025741577, 0.33278146386146545, 0.31456953287124634, 0.34437087178230286, 0.30960264801979065, 0.31622517108917236]","[4, 9, 0, 5, 1, 8, 11, 12, 2, 14, 13, 7, 10, 6, 3]",C:\Users\Yin Kuan\OneDrive\桌面\Durham_CS\Research\TA-DVFG\results\core_cache_v2\acm_hard_useful3_seed46_party_preds.pt,78fa04998aaceb78c35114d5073ab90b90977b56a927a7a8c3136b76bf7b72b8,1,Adaptive Pairwise,4.0,8.0,4.666666666666667,4.0,2.8666666666666667,2.8666666666666667,0.0
ACM,hard,46,adaptive_complementarity,5,0.8195364475250244,0.7907742857933044,0.7887420630495224,0.7887420630495224,0.8023064136505127,0.7891268730163574,0,254100,254100,127050,381150,peer_to_peer_topology,all_supervised,supervised,shared_val,all_parties,0,True,all_parties_supervised_simulation,all_parties,all_parties,all_parties_supervised,shared,1.0,604,604,active,0.5,0.7907742857933044,0.4377814372380574,0.3426688611507416,0.304777592420578,0.8632619380950928,none,0.0,0,15,[],-1.0,-1.0,14,254100,127050,407700,14,407700,0,0.603585100005148,3,0,11,"[[0,6],[0,10],[1,11],[1,13],[2,4],[2,8],[3,7],[3,9],[4,8],[5,9],[5,12],[6,7],[10,12],[11,13]]","[false, false, true, false, true, false, false, false, true, false, false, false, false, false, false]","[""RANDOM"", ""RANDOM"", ""PAP"", ""RANDOM"", ""PSP"", ""RANDOM"", ""RANDOM"", ""RANDOM"", ""KNN"", ""RANDOM"", ""RANDOM"", ""RANDOM"", ""RANDOM"", ""RANDOM"", ""RANDOM""]","[0.33774834871292114, 0.3708609342575073, 0.8145695328712463, 0.3791390657424927, 0.6771523356437683, 0.33774834871292114, 0.319536417722702, 0.3344370722770691, 0.7897350788116455, 0.3245033025741577, 0.33278146386146545, 0.31456953287124634, 0.34437087178230286, 0.30960264801979065, 0.31622517108917236]","[4, 9, 0, 5, 1, 8, 11, 12, 2, 14, 13, 7, 10, 6, 3]",C:\Users\Yin Kuan\OneDrive\桌面\Durham_CS\Research\TA-DVFG\results\core_cache_v2\acm_hard_useful3_seed46_party_preds.pt,78fa04998aaceb78c35114d5073ab90b90977b56a927a7a8c3136b76bf7b72b8,1,Adaptive Complementarity,4.0,8.0,4.666666666666667,4.0,2.8666666666666667,2.8666666666666667,0.0
ACM,hard,46,adaptive_graph_val,5,0.9056291580200196,0.8879736661911011,0.8878508110838931,0.8878508110838931,0.8896210789680481,0.8649094104766846,0,90750,90750,54450,145200,peer_to_peer_topology,all_supervised,supervised,shared_val,all_parties,0,True,all_parties_supervised_simulation,all_parties,all_parties,all_parties_supervised,shared,1.0,604,604,active,0.5,0.8879736661911011,0.4371224621931712,0.3212520480155945,0.3146622776985168,0.8401976823806763,none,0.0,0,15,[],-1.0,-1.0,5,90750,54450,407700,5,407700,7543,11.445908299996518,2,2,1,"[[1,2],[1,4],[2,8],[4,8],[10,12]]","[false, false, true, false, true, false, false, false, true, false, false, false, false, false, false]","[""RANDOM"", ""RANDOM"", ""PAP"", ""RANDOM"", ""PSP"", ""RANDOM"", ""RANDOM"", ""RANDOM"", ""KNN"", ""RANDOM"", ""RANDOM"", ""RANDOM"", ""RANDOM"", ""RANDOM"", ""RANDOM""]","[0.33774834871292114, 0.3708609342575073, 0.8145695328712463, 0.3791390657424927, 0.6771523356437683, 0.33774834871292114, 0.319536417722702, 0.3344370722770691, 0.7897350788116455, 0.3245033025741577, 0.33278146386146545, 0.31456953287124634, 0.34437087178230286, 0.30960264801979065, 0.31622517108917236]","[4, 9, 0, 5, 1, 8, 11, 12, 2, 14, 13, 7, 10, 6, 3]",C:\Users\Yin Kuan\OneDrive\桌面\Durham_CS\Research\TA-DVFG\results\core_cache_v2\acm_hard_useful3_seed46_party_preds.pt,78fa04998aaceb78c35114d5073ab90b90977b56a927a7a8c3136b76bf7b72b8,1,TA-DVFG,11.0,4.0,3.0,2.0,1.6666666666666667,1.6666666666666667,0.0
ACM,hard,42,full_mesh,5,0.809602677822113,0.7627677321434021,0.7631832235957138,0.7631832235957138,0.7973640561103821,0.7841845154762268,0,3811500,3811500,136125,3947625,peer_to_peer_topology,all_supervised,supervised,shared_val,all_parties,0,True,all_parties_supervised_simulation,all_parties,all_parties,all_parties_supervised,shared,1.0,604,604,active,0.5,0.7627677321434021,0.4429434359073639,0.3805601298809051,0.3212520480155945,0.8088961839675903,none,0.0,0,15,[],-1.0,-1.0,105,3811500,136125,0,105,0,0,0.0,3,36,66,"[[0,1],[0,2],[0,3],[0,4],[0,5],[0,6],[0,7],[0,8],[0,9],[0,10],[0,11],[0,12],[0,13],[0,14],[1,2],[1,3],[1,4],[1,5],[1,6],[1,7],[1,8],[1,9],[1,10],[1,11],[1,12],[1,13],[1,14],[2,3],[2,4],[2,5],[2,6],[2,7],[2,8],[2,9],[2,10],[2,11],[2,12],[2,13],[2,14],[3,4],[3,5],[3,6],[3,7],[3,8],[3,9],[3,10],[3,11],[3,12],[3,13],[3,14],[4,5],[4,6],[4,7],[4,8],[4,9],[4,10],[4,11],[4,12],[4,13],[4,14],[5,6],[5,7],[5,8],[5,9],[5,10],[5,11],[5,12],[5,13],[5,14],[6,7],[6,8],[6,9],[6,10],[6,11],[6,12],[6,13],[6,14],[7,8],[7,9],[7,10],[7,11],[7,12],[7,13],[7,14],[8,9],[8,10],[8,11],[8,12],[8,13],[8,14],[9,10],[9,11],[9,12],[9,13],[9,14],[10,11],[10,12],[10,13],[10,14],[11,12],[11,13],[11,14],[12,13],[12,14],[13,14]]","[false, false, true, false, false, false, true, false, true, false, false, false, false, false, false]","[""RANDOM"", ""RANDOM"", ""PSP"", ""RANDOM"", ""RANDOM"", ""RANDOM"", ""KNN"", ""RANDOM"", ""PAP"", ""RANDOM"", ""RANDOM"", ""RANDOM"", ""RANDOM"", ""RANDOM"", ""RANDOM""]","[0.3460264801979065, 0.33278146386146545, 0.695364236831665, 0.33112582564353943, 0.3526490032672882, 0.3592715263366699, 0.7764900922775269, 0.3460264801979065, 0.809602677822113, 0.36589404940605164, 0.3460264801979065, 0.3360927104949951, 0.3344370722770691, 0.33774834871292114, 0.3294701874256134]","[9, 12, 1, 13, 3, 8, 2, 4, 0, 11, 6, 10, 14, 5, 7]",C:\Users\Yin Kuan\OneDrive\桌面\Durham_CS\Research\TA-DVFG\results\core_cache_v2\acm_hard_useful3_seed42_party_preds.pt,6cc21828a72da96ee6d41054c060e412e11d5d7c25af6103d3c45ace5829a8dc,2,Full Mesh,1.0,15.0,15.0,1.0,15.0,15.0,0.0
ACM,hard,42,adaptive_pair,5,0.8129138946533203,0.7693575024604797,0.7685910418133449,0.7685910418133449,0.8023064136505127,0.7841845154762268,0,508200,508200,127050,635250,peer_to_peer_topology,all_supervised,supervised,shared_val,all_parties,0,True,all_parties_supervised_simulation,all_parties,all_parties,all_parties_supervised,shared,1.0,604,604,active,0.5,0.7693575024604797,0.4440417349338531,0.3558484315872192,0.3097199201583862,0.874794065952301,none,0.0,0,15,[],-1.0,-1.0,14,508200,127050,407700,14,407700,0,0.6269238000386395,3,0,11,"[[0,1],[0,13],[1,3],[2,6],[2,8],[3,11],[4,10],[4,13],[5,10],[5,14],[6,8],[7,9],[7,14],[9,11]]","[false, false, true, false, false, false, true, false, true, false, false, false, false, false, false]","[""RANDOM"", ""RANDOM"", ""PSP"", ""RANDOM"", ""RANDOM"", ""RANDOM"", ""KNN"", ""RANDOM"", ""PAP"", ""RANDOM"", ""RANDOM"", ""RANDOM"", ""RANDOM"", ""RANDOM"", ""RANDOM""]","[0.3460264801979065, 0.33278146386146545, 0.695364236831665, 0.33112582564353943, 0.3526490032672882, 0.3592715263366699, 0.7764900922775269, 0.3460264801979065, 0.809602677822113, 0.36589404940605164, 0.3460264801979065, 0.3360927104949951, 0.3344370722770691, 0.33774834871292114, 0.3294701874256134]","[9, 12, 1, 13, 3, 8, 2, 4, 0, 11, 6, 10, 14, 5, 7]",C:\Users\Yin Kuan\OneDrive\桌面\Durham_CS\Research\TA-DVFG\results\core_cache_v2\acm_hard_useful3_seed42_party_preds.pt,6cc21828a72da96ee6d41054c060e412e11d5d7c25af6103d3c45ace5829a8dc,2,Adaptive Pairwise,3.0,11.0,7.0,5.0,2.8666666666666667,4.333333333333333,0.7333333333333333
ACM,hard,42,adaptive_complementarity,5,0.8112582564353943,0.7841845154762268,0.782074256998115,0.782074256998115,0.8006590008735657,0.7841845154762268,0,508200,508200,127050,635250,peer_to_peer_topology,all_supervised,supervised,shared_val,all_parties,0,True,all_parties_supervised_simulation,all_parties,all_parties,all_parties_supervised,shared,1.0,604,604,active,0.5,0.7841845154762268,0.4429434378941854,0.3772652447223663,0.3097199201583862,0.874794065952301,none,0.0,0,15,[],-1.0,-1.0,14,508200,127050,407700,14,407700,0,0.5069515999930445,3,0,11,"[[0,7],[0,10],[1,3],[1,13],[2,6],[2,8],[3,11],[4,9],[4,14],[5,10],[5,11],[6,8],[7,9],[13,14]]","[false, false, true, false, false, false, true, false, true, false, false, false, false, false, false]","[""RANDOM"", ""RANDOM"", ""PSP"", ""RANDOM"", ""RANDOM"", ""RANDOM"", ""KNN"", ""RANDOM"", ""PAP"", ""RANDOM"", ""RANDOM"", ""RANDOM"", ""RANDOM"", ""RANDOM"", ""RANDOM""]","[0.3460264801979065, 0.33278146386146545, 0.695364236831665, 0.33112582564353943, 0.3526490032672882, 0.3592715263366699, 0.7764900922775269, 0.3460264801979065, 0.809602677822113, 0.36589404940605164, 0.3460264801979065, 0.3360927104949951, 0.3344370722770691, 0.33774834871292114, 0.3294701874256134]","[9, 12, 1, 13, 3, 8, 2, 4, 0, 11, 6, 10, 14, 5, 7]",C:\Users\Yin Kuan\OneDrive\桌面\Durham_CS\Research\TA-DVFG\results\core_cache_v2\acm_hard_useful3_seed42_party_preds.pt,6cc21828a72da96ee6d41054c060e412e11d5d7c25af6103d3c45ace5829a8dc,2,Adaptive Complementarity,3.0,11.0,7.0,5.0,2.8666666666666667,4.333333333333333,0.7333333333333333
ACM,hard,42,adaptive_graph_val,5,0.8708609342575073,0.8237232565879822,0.8227237141013591,0.8227237141013591,0.8780889511108398,0.8517298102378845,0,181500,181500,54450,235950,peer_to_peer_topology,all_supervised,supervised,shared_val,all_parties,0,True,all_parties_supervised_simulation,all_parties,all_parties,all_parties_supervised,shared,1.0,604,604,active,0.5,0.8237232565879822,0.4385502477486928,0.3607907891273498,0.3130148351192474,0.8220757842063904,none,0.0,0,15,[],-1.0,-1.0,5,181500,54450,407700,5,407700,7697,12.725011899980018,2,1,2,"[[2,3],[2,6],[3,14],[6,8],[10,14]]","[false, false, true, false, false, false, true, false, true, false, false, false, false, false, false]","[""RANDOM"", ""RANDOM"", ""PSP"", ""RANDOM"", ""RANDOM"", ""RANDOM"", ""KNN"", ""RANDOM"", ""PAP"", ""RANDOM"", ""RANDOM"", ""RANDOM"", ""RANDOM"", ""RANDOM"", ""RANDOM""]","[0.3460264801979065, 0.33278146386146545, 0.695364236831665, 0.33112582564353943, 0.3526490032672882, 0.3592715263366699, 0.7764900922775269, 0.3460264801979065, 0.809602677822113, 0.36589404940605164, 0.3460264801979065, 0.3360927104949951, 0.3344370722770691, 0.33774834871292114, 0.3294701874256134]","[9, 12, 1, 13, 3, 8, 2, 4, 0, 11, 6, 10, 14, 5, 7]",C:\Users\Yin Kuan\OneDrive\桌面\Durham_CS\Research\TA-DVFG\results\core_cache_v2\acm_hard_useful3_seed42_party_preds.pt,6cc21828a72da96ee6d41054c060e412e11d5d7c25af6103d3c45ace5829a8dc,2,TA-DVFG,10.0,6.0,6.0,5.0,1.6666666666666667,2.2,0.4
ACM,hard,43,full_mesh,5,0.8708609342575073,0.8253706693649292,0.8265413047626279,0.8265413047626279,0.8319604396820068,0.8237232565879822,0,3811500,3811500,136125,3947625,peer_to_peer_topology,all_supervised,supervised,shared_val,all_parties,0,True,all_parties_supervised_simulation,all_parties,all_parties,all_parties_supervised,shared,1.0,604,604,active,0.5,0.8253706693649292,0.4453596889972687,0.3920922577381134,0.3179571628570556,0.8583195805549622,none,0.0,0,15,[],-1.0,-1.0,105,3811500,136125,0,105,0,0,0.0,3,36,66,"[[0,1],[0,2],[0,3],[0,4],[0,5],[0,6],[0,7],[0,8],[0,9],[0,10],[0,11],[0,12],[0,13],[0,14],[1,2],[1,3],[1,4],[1,5],[1,6],[1,7],[1,8],[1,9],[1,10],[1,11],[1,12],[1,13],[1,14],[2,3],[2,4],[2,5],[2,6],[2,7],[2,8],[2,9],[2,10],[2,11],[2,12],[2,13],[2,14],[3,4],[3,5],[3,6],[3,7],[3,8],[3,9],[3,10],[3,11],[3,12],[3,13],[3,14],[4,5],[4,6],[4,7],[4,8],[4,9],[4,10],[4,11],[4,12],[4,13],[4,14],[5,6],[5,7],[5,8],[5,9],[5,10],[5,11],[5,12],[5,13],[5,14],[6,7],[6,8],[6,9],[6,10],[6,11],[6,12],[6,13],[6,14],[7,8],[7,9],[7,10],[7,11],[7,12],[7,13],[7,14],[8,9],[8,10],[8,11],[8,12],[8,13],[8,14],[9,10],[9,11],[9,12],[9,13],[9,14],[10,11],[10,12],[10,13],[10,14],[11,12],[11,13],[11,14],[12,13],[12,14],[13,14]]","[false, false, false, false, false, false, false, true, false, false, false, true, true, false, false]","[""RANDOM"", ""RANDOM"", ""RANDOM"", ""RANDOM"", ""RANDOM"", ""RANDOM"", ""RANDOM"", ""PSP"", ""RANDOM"", ""RANDOM"", ""RANDOM"", ""PAP"", ""KNN"", ""RANDOM"", ""RANDOM""]","[0.3526490032672882, 0.3013245165348053, 0.34437087178230286, 0.34271523356437683, 0.3576158881187439, 0.34271523356437683, 0.33112582564353943, 0.6821191906929016, 0.3245033025741577, 0.36589404940605164, 0.30463576316833496, 0.8675496578216553, 0.8907284736633301, 0.32781457901000977, 0.3460264801979065]","[8, 4, 9, 13, 6, 3, 12, 1, 14, 11, 7, 0, 2, 10, 5]",C:\Users\Yin Kuan\OneDrive\桌面\Durham_CS\Research\TA-DVFG\results\core_cache_v2\acm_hard_useful3_seed43_party_preds.pt,a32bccdb8fd6963f187be3505d94a56efc0619c5de973270db2f8e1f07e55fb8,2,Full Mesh,1.0,15.0,15.0,1.0,15.0,15.0,0.0
ACM,hard,43,adaptive_pair,5,0.8741722106933594,0.8204283118247986,0.8220127778127663,0.8220127778127663,0.8369027972221375,0.8303130269050598,0,508200,508200,136125,644325,peer_to_peer_topology,all_supervised,supervised,shared_val,all_parties,0,True,all_parties_supervised_simulation,all_parties,all_parties,all_parties_supervised,shared,1.0,604,604,active,0.5,0.8204283118247986,0.4407468418280283,0.3805601298809051,0.3031301498413086,0.8780889511108398,none,0.0,0,15,[],-1.0,-1.0,14,508200,136125,407700,14,407700,0,0.6000040999642806,3,0,11,"[[0,9],[0,14],[1,10],[2,5],[2,13],[3,6],[3,8],[4,9],[4,13],[5,14],[6,8],[7,11],[7,12],[11,12]]","[false, false, false, false, false, false, false, true, false, false, false, true, true, false, false]","[""RANDOM"", ""RANDOM"", ""RANDOM"", ""RANDOM"", ""RANDOM"", ""RANDOM"", ""RANDOM"", ""PSP"", ""RANDOM"", ""RANDOM"", ""RANDOM"", ""PAP"", ""KNN"", ""RANDOM"", ""RANDOM""]","[0.3526490032672882, 0.3013245165348053, 0.34437087178230286, 0.34271523356437683, 0.3576158881187439, 0.34271523356437683, 0.33112582564353943, 0.6821191906929016, 0.3245033025741577, 0.36589404940605164, 0.30463576316833496, 0.8675496578216553, 0.8907284736633301, 0.32781457901000977, 0.3460264801979065]","[8, 4, 9, 13, 6, 3, 12, 1, 14, 11, 7, 0, 2, 10, 5]",C:\Users\Yin Kuan\OneDrive\桌面\Durham_CS\Research\TA-DVFG\results\core_cache_v2\acm_hard_useful3_seed43_party_preds.pt,a32bccdb8fd6963f187be3505d94a56efc0619c5de973270db2f8e1f07e55fb8,2,Adaptive Pairwise,4.0,7.0,3.75,3.0,2.8666666666666667,3.8,0.4666666666666667
ACM,hard,43,adaptive_complementarity,5,0.8725165724754333,0.828665554523468,0.8302896446249167,0.8302896446249167,0.8401976823806763,0.8303130269050598,0,508200,508200,127050,635250,peer_to_peer_topology,all_supervised,supervised,shared_val,all_parties,0,True,all_parties_supervised_simulation,all_parties,all_parties,all_parties_supervised,shared,1.0,604,604,active,0.5,0.828665554523468,0.4407468378543854,0.3970345854759216,0.2948929071426391,0.874794065952301,none,0.0,0,15,[],-1.0,-1.0,14,508200,127050,407700,14,407700,0,0.6386721999879228,3,0,11,"[[0,9],[0,14],[2,5],[2,13],[3,6],[3,10],[4,8],[4,13],[5,14],[6,10],[7,11],[7,12],[8,9],[11,12]]","[false, false, false, false, false, false, false, true, false, false, false, true, true, false, false]","[""RANDOM"", ""RANDOM"", ""RANDOM"", ""RANDOM"", ""RANDOM"", ""RANDOM"", ""RANDOM"", ""PSP"", ""RANDOM"", ""RANDOM"", ""RANDOM"", ""PAP"", ""KNN"", ""RANDOM"", ""RANDOM""]","[0.3526490032672882, 0.3013245165348053, 0.34437087178230286, 0.34271523356437683, 0.3576158881187439, 0.34271523356437683, 0.33112582564353943, 0.6821191906929016, 0.3245033025741577, 0.36589404940605164, 0.30463576316833496, 0.8675496578216553, 0.8907284736633301, 0.32781457901000977, 0.3460264801979065]","[8, 4, 9, 13, 6, 3, 12, 1, 14, 11, 7, 0, 2, 10, 5]",C:\Users\Yin Kuan\OneDrive\桌面\Durham_CS\Research\TA-DVFG\results\core_cache_v2\acm_hard_useful3_seed43_party_preds.pt,a32bccdb8fd6963f187be3505d94a56efc0619c5de973270db2f8e1f07e55fb8,2,Adaptive Complementarity,4.0,8.0,4.666666666666667,4.0,2.8666666666666667,3.933333333333333,0.5333333333333333
ACM,hard,43,adaptive_graph_val,5,0.9370861053466796,0.8879736661911011,0.8881288662779666,0.8881288662779666,0.902800679206848,0.8863261938095093,0,181500,181500,63525,245025,peer_to_peer_topology,all_supervised,supervised,shared_val,all_parties,0,True,all_parties_supervised_simulation,all_parties,all_parties,all_parties_supervised,shared,1.0,604,604,active,0.5,0.8879736661911011,0.4448105454444885,0.3789126873016357,0.3146622776985168,0.8764415383338928,none,0.0,0,15,[],-1.0,-1.0,5,181500,63525,407700,5,407700,7605,12.970978199984527,2,2,1,"[[5,6],[7,9],[7,12],[8,11],[11,12]]","[false, false, false, false, false, false, false, true, false, false, false, true, true, false, false]","[""RANDOM"", ""RANDOM"", ""RANDOM"", ""RANDOM"", ""RANDOM"", ""RANDOM"", ""RANDOM"", ""PSP"", ""RANDOM"", ""RANDOM"", ""RANDOM"", ""PAP"", ""KNN"", ""RANDOM"", ""RANDOM""]","[0.3526490032672882, 0.3013245165348053, 0.34437087178230286, 0.34271523356437683, 0.3576158881187439, 0.34271523356437683, 0.33112582564353943, 0.6821191906929016, 0.3245033025741577, 0.36589404940605164, 0.30463576316833496, 0.8675496578216553, 0.8907284736633301, 0.32781457901000977, 0.3460264801979065]","[8, 4, 9, 13, 6, 3, 12, 1, 14, 11, 7, 0, 2, 10, 5]",C:\Users\Yin Kuan\OneDrive\桌面\Durham_CS\Research\TA-DVFG\results\core_cache_v2\acm_hard_useful3_seed43_party_preds.pt,a32bccdb8fd6963f187be3505d94a56efc0619c5de973270db2f8e1f07e55fb8,2,TA-DVFG,10.0,5.0,3.5,4.0,1.6666666666666667,2.066666666666667,0.3333333333333333
ACM,hard,44,full_mesh,5,0.7201986908912659,0.6902800798416138,0.688045272305318,0.688045272305318,0.7265238761901855,0.6968698501586914,0,3811500,3811500,136125,3947625,peer_to_peer_topology,all_supervised,supervised,shared_val,all_parties,0,True,all_parties_supervised_simulation,all_parties,all_parties,all_parties_supervised,shared,1.0,604,604,active,0.5,0.6902800798416138,0.4231740752855936,0.3542009890079498,0.3212520480155945,0.828665554523468,none,0.0,0,15,[],-1.0,-1.0,105,3811500,136125,0,105,0,0,0.0,3,36,66,"[[0,1],[0,2],[0,3],[0,4],[0,5],[0,6],[0,7],[0,8],[0,9],[0,10],[0,11],[0,12],[0,13],[0,14],[1,2],[1,3],[1,4],[1,5],[1,6],[1,7],[1,8],[1,9],[1,10],[1,11],[1,12],[1,13],[1,14],[2,3],[2,4],[2,5],[2,6],[2,7],[2,8],[2,9],[2,10],[2,11],[2,12],[2,13],[2,14],[3,4],[3,5],[3,6],[3,7],[3,8],[3,9],[3,10],[3,11],[3,12],[3,13],[3,14],[4,5],[4,6],[4,7],[4,8],[4,9],[4,10],[4,11],[4,12],[4,13],[4,14],[5,6],[5,7],[5,8],[5,9],[5,10],[5,11],[5,12],[5,13],[5,14],[6,7],[6,8],[6,9],[6,10],[6,11],[6,12],[6,13],[6,14],[7,8],[7,9],[7,10],[7,11],[7,12],[7,13],[7,14],[8,9],[8,10],[8,11],[8,12],[8,13],[8,14],[9,10],[9,11],[9,12],[9,13],[9,14],[10,11],[10,12],[10,13],[10,14],[11,12],[11,13],[11,14],[12,13],[12,14],[13,14]]","[false, false, false, false, false, true, false, false, false, false, true, true, false, false, false]","[""RANDOM"", ""RANDOM"", ""RANDOM"", ""RANDOM"", ""RANDOM"", ""PSP"", ""RANDOM"", ""RANDOM"", ""RANDOM"", ""RANDOM"", ""KNN"", ""PAP"", ""RANDOM"", ""RANDOM"", ""RANDOM""]","[0.3228476941585541, 0.35430464148521423, 0.3360927104949951, 0.3526490032672882, 0.3526490032672882, 0.3509933650493622, 0.32615894079208374, 0.31456953287124634, 0.306291401386261, 0.31456953287124634, 0.7731788158416748, 0.8162251710891724, 0.33278146386146545, 0.3410595953464508, 0.3410595953464508]","[6, 11, 10, 4, 7, 1, 12, 14, 8, 9, 2, 0, 5, 3, 13]",C:\Users\Yin Kuan\OneDrive\桌面\Durham_CS\Research\TA-DVFG\results\core_cache_v2\acm_hard_useful3_seed44_party_preds.pt,fafec304836823a69367da4b8d97dd4bd2c59bc53076953bcf7a7fc2e8760cb9,2,Full Mesh,1.0,15.0,15.0,1.0,15.0,15.0,0.0
ACM,hard,44,adaptive_pair,5,0.7350993156433105,0.701812207698822,0.702791326320738,0.702791326320738,0.7462932467460632,0.6985173225402832,0,508200,508200,127050,635250,peer_to_peer_topology,all_supervised,supervised,shared_val,all_parties,0,True,all_parties_supervised_simulation,all_parties,all_parties,all_parties_supervised,shared,1.0,604,604,active,0.5,0.701812207698822,0.4336079100767771,0.3228995203971863,0.3064250349998474,0.8665568232536316,none,0.0,0,15,[],-1.0,-1.0,14,508200,127050,407700,14,407700,0,0.469977100045071,3,0,11,"[[0,2],[0,7],[1,6],[1,7],[2,13],[3,4],[3,12],[4,13],[5,10],[5,11],[6,9],[9,14],[10,11],[12,14]]","[false, false, false, false, false, true, false, false, false, false, true, true, false, false, false]","[""RANDOM"", ""RANDOM"", ""RANDOM"", ""RANDOM"", ""RANDOM"", ""PSP"", ""RANDOM"", ""RANDOM"", ""RANDOM"", ""RANDOM"", ""KNN"", ""PAP"", ""RANDOM"", ""RANDOM"", ""RANDOM""]","[0.3228476941585541, 0.35430464148521423, 0.3360927104949951, 0.3526490032672882, 0.3526490032672882, 0.3509933650493622, 0.32615894079208374, 0.31456953287124634, 0.306291401386261, 0.31456953287124634, 0.7731788158416748, 0.8162251710891724, 0.33278146386146545, 0.3410595953464508, 0.3410595953464508]","[6, 11, 10, 4, 7, 1, 12, 14, 8, 9, 2, 0, 5, 3, 13]",C:\Users\Yin Kuan\OneDrive\桌面\Durham_CS\Research\TA-DVFG\results\core_cache_v2\acm_hard_useful3_seed44_party_preds.pt,fafec304836823a69367da4b8d97dd4bd2c59bc53076953bcf7a7fc2e8760cb9,2,Adaptive Pairwise,3.0,11.0,7.0,5.0,2.8666666666666667,4.333333333333333,0.7333333333333333
ACM,hard,44,adaptive_complementarity,5,0.7350993156433105,0.7001647353172302,0.7012977190021097,0.7012977190021097,0.7265238761901855,0.7084019780158997,0,508200,508200,127050,635250,peer_to_peer_topology,all_supervised,supervised,shared_val,all_parties,0,True,all_parties_supervised_simulation,all_parties,all_parties,all_parties_supervised,shared,1.0,604,604,active,0.5,0.7001647353172302,0.4321801245212555,0.3228995203971863,0.3064250349998474,0.8665568232536316,none,0.0,0,15,[],-1.0,-1.0,14,508200,127050,407700,14,407700,0,0.477459700035979,3,0,11,"[[0,2],[0,7],[1,6],[1,7],[2,13],[3,4],[3,12],[4,9],[5,10],[5,11],[6,9],[10,11],[12,14],[13,14]]","[false, false, false, false, false, true, false, false, false, false, true, true, false, false, false]","[""RANDOM"", ""RANDOM"", ""RANDOM"", ""RANDOM"", ""RANDOM"", ""PSP"", ""RANDOM"", ""RANDOM"", ""RANDOM"", ""RANDOM"", ""KNN"", ""PAP"", ""RANDOM"", ""RANDOM"", ""RANDOM""]","[0.3228476941585541, 0.35430464148521423, 0.3360927104949951, 0.3526490032672882, 0.3526490032672882, 0.3509933650493622, 0.32615894079208374, 0.31456953287124634, 0.306291401386261, 0.31456953287124634, 0.7731788158416748, 0.8162251710891724, 0.33278146386146545, 0.3410595953464508, 0.3410595953464508]","[6, 11, 10, 4, 7, 1, 12, 14, 8, 9, 2, 0, 5, 3, 13]",C:\Users\Yin Kuan\OneDrive\桌面\Durham_CS\Research\TA-DVFG\results\core_cache_v2\acm_hard_useful3_seed44_party_preds.pt,fafec304836823a69367da4b8d97dd4bd2c59bc53076953bcf7a7fc2e8760cb9,2,Adaptive Complementarity,3.0,11.0,7.0,5.0,2.8666666666666667,4.333333333333333,0.7333333333333333
ACM,hard,44,adaptive_graph_val,5,0.8642383813858032,0.8352553248405457,0.8369446674971647,0.8369446674971647,0.8533772826194763,0.8253706693649292,0,181500,181500,45375,226875,peer_to_peer_topology,all_supervised,supervised,shared_val,all_parties,0,True,all_parties_supervised_simulation,all_parties,all_parties,all_parties_supervised,shared,1.0,604,604,active,0.5,0.8352553248405457,0.4288852274417877,0.3426688611507416,0.3064250349998474,0.8253706693649292,none,0.0,0,15,[],-1.0,-1.0,5,181500,45375,407700,5,407700,7472,11.738296800016542,2,2,1,"[[5,7],[5,10],[7,12],[10,11],[11,12]]","[false, false, false, false, false, true, false, false, false, false, true, true, false, false, false]","[""RANDOM"", ""RANDOM"", ""RANDOM"", ""RANDOM"", ""RANDOM"", ""PSP"", ""RANDOM"", ""RANDOM"", ""RANDOM"", ""RANDOM"", ""KNN"", ""PAP"", ""RANDOM"", ""RANDOM"", ""RANDOM""]","[0.3228476941585541, 0.35430464148521423, 0.3360927104949951, 0.3526490032672882, 0.3526490032672882, 0.3509933650493622, 0.32615894079208374, 0.31456953287124634, 0.306291401386261, 0.31456953287124634, 0.7731788158416748, 0.8162251710891724, 0.33278146386146545, 0.3410595953464508, 0.3410595953464508]","[6, 11, 10, 4, 7, 1, 12, 14, 8, 9, 2, 0, 5, 3, 13]",C:\Users\Yin Kuan\OneDrive\桌面\Durham_CS\Research\TA-DVFG\results\core_cache_v2\acm_hard_useful3_seed44_party_preds.pt,fafec304836823a69367da4b8d97dd4bd2c59bc53076953bcf7a7fc2e8760cb9,2,TA-DVFG,11.0,5.0,5.0,2.0,1.6666666666666667,2.3333333333333335,0.3333333333333333
ACM,hard,45,full_mesh,5,0.7036423683166504,0.7215815782546997,0.7222886762360448,0.7222886762360448,0.7364085912704468,0.7182866334915161,0,3811500,3811500,136125,3947625,peer_to_peer_topology,all_supervised,supervised,shared_val,all_parties,0,True,all_parties_supervised_simulation,all_parties,all_parties,all_parties_supervised,shared,1.0,604,604,active,0.5,0.7215815782546997,0.4359143356482188,0.3772652447223663,0.3196046054363251,0.8418451547622681,none,0.0,0,15,[],-1.0,-1.0,105,3811500,136125,0,105,0,0,0.0,3,36,66,"[[0,1],[0,2],[0,3],[0,4],[0,5],[0,6],[0,7],[0,8],[0,9],[0,10],[0,11],[0,12],[0,13],[0,14],[1,2],[1,3],[1,4],[1,5],[1,6],[1,7],[1,8],[1,9],[1,10],[1,11],[1,12],[1,13],[1,14],[2,3],[2,4],[2,5],[2,6],[2,7],[2,8],[2,9],[2,10],[2,11],[2,12],[2,13],[2,14],[3,4],[3,5],[3,6],[3,7],[3,8],[3,9],[3,10],[3,11],[3,12],[3,13],[3,14],[4,5],[4,6],[4,7],[4,8],[4,9],[4,10],[4,11],[4,12],[4,13],[4,14],[5,6],[5,7],[5,8],[5,9],[5,10],[5,11],[5,12],[5,13],[5,14],[6,7],[6,8],[6,9],[6,10],[6,11],[6,12],[6,13],[6,14],[7,8],[7,9],[7,10],[7,11],[7,12],[7,13],[7,14],[8,9],[8,10],[8,11],[8,12],[8,13],[8,14],[9,10],[9,11],[9,12],[9,13],[9,14],[10,11],[10,12],[10,13],[10,14],[11,12],[11,13],[11,14],[12,13],[12,14],[13,14]]","[false, false, false, false, true, true, false, false, true, false, false, false, false, false, false]","[""RANDOM"", ""RANDOM"", ""RANDOM"", ""RANDOM"", ""KNN"", ""PSP"", ""RANDOM"", ""RANDOM"", ""PAP"", ""RANDOM"", ""RANDOM"", ""RANDOM"", ""RANDOM"", ""RANDOM"", ""RANDOM""]","[0.34437087178230286, 0.30298012495040894, 0.3410595953464508, 0.3178808093070984, 0.7367549538612366, 0.3509933650493622, 0.32615894079208374, 0.34933775663375854, 0.8195364475250244, 0.33278146386146545, 0.34271523356437683, 0.32781457901000977, 0.32615894079208374, 0.3112582862377167, 0.3476821184158325]","[10, 13, 11, 14, 2, 1, 5, 12, 0, 9, 8, 3, 4, 7, 6]",C:\Users\Yin Kuan\OneDrive\桌面\Durham_CS\Research\TA-DVFG\results\core_cache_v2\acm_hard_useful3_seed45_party_preds.pt,d6f212aca1d6321753df32d17bf286dfed4606a73d440a4517c34fc7e8f39e03,2,Full Mesh,1.0,15.0,15.0,1.0,15.0,15.0,0.0
ACM,hard,45,adaptive_pair,5,0.7218543291091919,0.734761118888855,0.7322048852976688,0.7322048852976688,0.7446457743644714,0.7215815782546997,0,508200,508200,127050,635250,peer_to_peer_topology,all_supervised,supervised,shared_val,all_parties,0,True,all_parties_supervised_simulation,all_parties,all_parties,all_parties_supervised,shared,1.0,604,604,active,0.5,0.734761118888855,0.4376716097195943,0.3640856742858886,0.3179571628570556,0.8533772826194763,none,0.0,0,15,[],-1.0,-1.0,14,508200,127050,407700,14,407700,0,0.6329553000250598,3,0,11,"[[0,7],[0,9],[1,11],[1,12],[2,13],[2,14],[4,5],[4,8],[5,8],[6,10],[6,11],[7,9],[10,12],[13,14]]","[false, false, false, false, true, true, false, false, true, false, false, false, false, false, false]","[""RANDOM"", ""RANDOM"", ""RANDOM"", ""RANDOM"", ""KNN"", ""PSP"", ""RANDOM"", ""RANDOM"", ""PAP"", ""RANDOM"", ""RANDOM"", ""RANDOM"", ""RANDOM"", ""RANDOM"", ""RANDOM""]","[0.34437087178230286, 0.30298012495040894, 0.3410595953464508, 0.3178808093070984, 0.7367549538612366, 0.3509933650493622, 0.32615894079208374, 0.34933775663375854, 0.8195364475250244, 0.33278146386146545, 0.34271523356437683, 0.32781457901000977, 0.32615894079208374, 0.3112582862377167, 0.3476821184158325]","[10, 13, 11, 14, 2, 1, 5, 12, 0, 9, 8, 3, 4, 7, 6]",C:\Users\Yin Kuan\OneDrive\桌面\Durham_CS\Research\TA-DVFG\results\core_cache_v2\acm_hard_useful3_seed45_party_preds.pt,d6f212aca1d6321753df32d17bf286dfed4606a73d440a4517c34fc7e8f39e03,2,Adaptive Pairwise,5.0,5.0,3.5,2.0,2.8666666666666667,3.533333333333333,0.3333333333333333
ACM,hard,45,adaptive_complementarity,5,0.7168874144554138,0.7215815782546997,0.7209229380398275,0.7209229380398275,0.749588131904602,0.7182866334915161,0,508200,508200,127050,635250,peer_to_peer_topology,all_supervised,supervised,shared_val,all_parties,0,True,all_parties_supervised_simulation,all_parties,all_parties,all_parties_supervised,shared,1.0,604,604,active,0.5,0.7215815782546997,0.4389895677566528,0.3525535464286804,0.3212520480155945,0.8484349250793457,none,0.0,0,15,[],-1.0,-1.0,14,508200,127050,407700,14,407700,0,0.5747990000381833,3,0,11,"[[0,1],[0,11],[1,14],[2,10],[2,13],[4,5],[4,8],[5,8],[6,7],[6,12],[7,9],[9,13],[10,14],[11,12]]","[false, false, false, false, true, true, false, false, true, false, false, false, false, false, false]","[""RANDOM"", ""RANDOM"", ""RANDOM"", ""RANDOM"", ""KNN"", ""PSP"", ""RANDOM"", ""RANDOM"", ""PAP"", ""RANDOM"", ""RANDOM"", ""RANDOM"", ""RANDOM"", ""RANDOM"", ""RANDOM""]","[0.34437087178230286, 0.30298012495040894, 0.3410595953464508, 0.3178808093070984, 0.7367549538612366, 0.3509933650493622, 0.32615894079208374, 0.34933775663375854, 0.8195364475250244, 0.33278146386146545, 0.34271523356437683, 0.32781457901000977, 0.32615894079208374, 0.3112582862377167, 0.3476821184158325]","[10, 13, 11, 14, 2, 1, 5, 12, 0, 9, 8, 3, 4, 7, 6]",C:\Users\Yin Kuan\OneDrive\桌面\Durham_CS\Research\TA-DVFG\results\core_cache_v2\acm_hard_useful3_seed45_party_preds.pt,d6f212aca1d6321753df32d17bf286dfed4606a73d440a4517c34fc7e8f39e03,2,Adaptive Complementarity,3.0,11.0,7.0,5.0,2.8666666666666667,4.333333333333333,0.7333333333333333
ACM,hard,45,adaptive_graph_val,5,0.8675496578216553,0.8303130269050598,0.8301735351035816,0.8301735351035816,0.8517298102378845,0.8385502696037292,0,181500,181500,54450,235950,peer_to_peer_topology,all_supervised,supervised,shared_val,all_parties,0,True,all_parties_supervised_simulation,all_parties,all_parties,all_parties_supervised,shared,1.0,604,604,active,0.5,0.8303130269050598,0.4083470602830251,0.359143316745758,0.3064250349998474,0.8533772826194763,none,0.0,0,15,[],-1.0,-1.0,5,181500,54450,407700,5,407700,7396,11.172681500029285,1,3,1,"[[2,5],[4,8],[4,12],[8,11],[11,12]]","[false, false, false, false, true, true, false, false, true, false, false, false, false, false, false]","[""RANDOM"", ""RANDOM"", ""RANDOM"", ""RANDOM"", ""KNN"", ""PSP"", ""RANDOM"", ""RANDOM"", ""PAP"", ""RANDOM"", ""RANDOM"", ""RANDOM"", ""RANDOM"", ""RANDOM"", ""RANDOM""]","[0.34437087178230286, 0.30298012495040894, 0.3410595953464508, 0.3178808093070984, 0.7367549538612366, 0.3509933650493622, 0.32615894079208374, 0.34933775663375854, 0.8195364475250244, 0.33278146386146545, 0.34271523356437683, 0.32781457901000977, 0.32615894079208374, 0.3112582862377167, 0.3476821184158325]","[10, 13, 11, 14, 2, 1, 5, 12, 0, 9, 8, 3, 4, 7, 6]",C:\Users\Yin Kuan\OneDrive\桌面\Durham_CS\Research\TA-DVFG\results\core_cache_v2\acm_hard_useful3_seed45_party_preds.pt,d6f212aca1d6321753df32d17bf286dfed4606a73d440a4517c34fc7e8f39e03,2,TA-DVFG,11.0,4.0,3.0,2.0,1.6666666666666667,1.9333333333333333,0.26666666666666666
ACM,hard,46,full_mesh,5,0.7996688485145569,0.7660626173019409,0.7613255510911286,0.7613255510911286,0.7990115284919739,0.7858319878578186,0,3811500,3811500,136125,3947625,peer_to_peer_topology,all_supervised,supervised,shared_val,all_parties,0,True,all_parties_supervised_simulation,all_parties,all_parties,all_parties_supervised,shared,1.0,604,604,active,0.5,0.7660626173019409,0.4473366240660349,0.3657331168651581,0.3228995203971863,0.8352553248405457,none,0.0,0,15,[],-1.0,-1.0,105,3811500,136125,0,105,0,0,0.0,3,36,66,"[[0,1],[0,2],[0,3],[0,4],[0,5],[0,6],[0,7],[0,8],[0,9],[0,10],[0,11],[0,12],[0,13],[0,14],[1,2],[1,3],[1,4],[1,5],[1,6],[1,7],[1,8],[1,9],[1,10],[1,11],[1,12],[1,13],[1,14],[2,3],[2,4],[2,5],[2,6],[2,7],[2,8],[2,9],[2,10],[2,11],[2,12],[2,13],[2,14],[3,4],[3,5],[3,6],[3,7],[3,8],[3,9],[3,10],[3,11],[3,12],[3,13],[3,14],[4,5],[4,6],[4,7],[4,8],[4,9],[4,10],[4,11],[4,12],[4,13],[4,14],[5,6],[5,7],[5,8],[5,9],[5,10],[5,11],[5,12],[5,13],[5,14],[6,7],[6,8],[6,9],[6,10],[6,11],[6,12],[6,13],[6,14],[7,8],[7,9],[7,10],[7,11],[7,12],[7,13],[7,14],[8,9],[8,10],[8,11],[8,12],[8,13],[8,14],[9,10],[9,11],[9,12],[9,13],[9,14],[10,11],[10,12],[10,13],[10,14],[11,12],[11,13],[11,14],[12,13],[12,14],[13,14]]","[false, false, true, false, true, false, false, false, true, false, false, false, false, false, false]","[""RANDOM"", ""RANDOM"", ""PAP"", ""RANDOM"", ""PSP"", ""RANDOM"", ""RANDOM"", ""RANDOM"", ""KNN"", ""RANDOM"", ""RANDOM"", ""RANDOM"", ""RANDOM"", ""RANDOM"", ""RANDOM""]","[0.33774834871292114, 0.3708609342575073, 0.8145695328712463, 0.3791390657424927, 0.6771523356437683, 0.33774834871292114, 0.319536417722702, 0.3344370722770691, 0.7897350788116455, 0.3245033025741577, 0.33278146386146545, 0.31456953287124634, 0.34437087178230286, 0.30960264801979065, 0.31622517108917236]","[4, 9, 0, 5, 1, 8, 11, 12, 2, 14, 13, 7, 10, 6, 3]",C:\Users\Yin Kuan\OneDrive\桌面\Durham_CS\Research\TA-DVFG\results\core_cache_v2\acm_hard_useful3_seed46_party_preds.pt,78fa04998aaceb78c35114d5073ab90b90977b56a927a7a8c3136b76bf7b72b8,2,Full Mesh,1.0,15.0,15.0,1.0,15.0,15.0,0.0
ACM,hard,46,adaptive_pair,5,0.8129138946533203,0.7907742857933044,0.7908545110617649,0.7908545110617649,0.8088961839675903,0.7907742857933044,0,508200,508200,127050,635250,peer_to_peer_topology,all_supervised,supervised,shared_val,all_parties,0,True,all_parties_supervised_simulation,all_parties,all_parties,all_parties_supervised,shared,1.0,604,604,active,0.5,0.7907742857933044,0.4472268025080363,0.3261944055557251,0.3146622776985168,0.8929159641265869,none,0.0,0,15,[],-1.0,-1.0,14,508200,127050,407700,14,407700,0,0.4800377000356093,3,0,11,"[[0,6],[0,11],[1,3],[1,12],[2,4],[2,8],[3,9],[4,8],[5,7],[5,13],[6,11],[7,10],[9,13],[10,12]]","[false, false, true, false, true, false, false, false, true, false, false, false, false, false, false]","[""RANDOM"", ""RANDOM"", ""PAP"", ""RANDOM"", ""PSP"", ""RANDOM"", ""RANDOM"", ""RANDOM"", ""KNN"", ""RANDOM"", ""RANDOM"", ""RANDOM"", ""RANDOM"", ""RANDOM"", ""RANDOM""]","[0.33774834871292114, 0.3708609342575073, 0.8145695328712463, 0.3791390657424927, 0.6771523356437683, 0.33774834871292114, 0.319536417722702, 0.3344370722770691, 0.7897350788116455, 0.3245033025741577, 0.33278146386146545, 0.31456953287124634, 0.34437087178230286, 0.30960264801979065, 0.31622517108917236]","[4, 9, 0, 5, 1, 8, 11, 12, 2, 14, 13, 7, 10, 6, 3]",C:\Users\Yin Kuan\OneDrive\桌面\Durham_CS\Research\TA-DVFG\results\core_cache_v2\acm_hard_useful3_seed46_party_preds.pt,78fa04998aaceb78c35114d5073ab90b90977b56a927a7a8c3136b76bf7b72b8,2,Adaptive Pairwise,4.0,8.0,4.666666666666667,4.0,2.8666666666666667,3.933333333333333,0.5333333333333333
ACM,hard,46,adaptive_complementarity,5,0.8195364475250244,0.7907742857933044,0.7887420630495224,0.7887420630495224,0.8023064136505127,0.7891268730163574,0,508200,508200,127050,635250,peer_to_peer_topology,all_supervised,supervised,shared_val,all_parties,0,True,all_parties_supervised_simulation,all_parties,all_parties,all_parties_supervised,shared,1.0,604,604,active,0.5,0.7907742857933044,0.4426139493783315,0.344316303730011,0.304777592420578,0.8797364234924316,none,0.0,0,15,[],-1.0,-1.0,14,508200,127050,407700,14,407700,0,0.4731463999632979,3,0,11,"[[0,6],[0,10],[1,11],[1,13],[2,4],[2,8],[3,7],[3,9],[4,8],[5,9],[5,12],[6,7],[10,12],[11,13]]","[false, false, true, false, true, false, false, false, true, false, false, false, false, false, false]","[""RANDOM"", ""RANDOM"", ""PAP"", ""RANDOM"", ""PSP"", ""RANDOM"", ""RANDOM"", ""RANDOM"", ""KNN"", ""RANDOM"", ""RANDOM"", ""RANDOM"", ""RANDOM"", ""RANDOM"", ""RANDOM""]","[0.33774834871292114, 0.3708609342575073, 0.8145695328712463, 0.3791390657424927, 0.6771523356437683, 0.33774834871292114, 0.319536417722702, 0.3344370722770691, 0.7897350788116455, 0.3245033025741577, 0.33278146386146545, 0.31456953287124634, 0.34437087178230286, 0.30960264801979065, 0.31622517108917236]","[4, 9, 0, 5, 1, 8, 11, 12, 2, 14, 13, 7, 10, 6, 3]",C:\Users\Yin Kuan\OneDrive\桌面\Durham_CS\Research\TA-DVFG\results\core_cache_v2\acm_hard_useful3_seed46_party_preds.pt,78fa04998aaceb78c35114d5073ab90b90977b56a927a7a8c3136b76bf7b72b8,2,Adaptive Complementarity,4.0,8.0,4.666666666666667,4.0,2.8666666666666667,3.933333333333333,0.5333333333333333
ACM,hard,46,adaptive_graph_val,5,0.9072847962379456,0.8813838362693787,0.8815421509471807,0.8815421509471807,0.8929159641265869,0.8649094104766846,0,181500,181500,45375,226875,peer_to_peer_topology,all_supervised,supervised,shared_val,all_parties,0,True,all_parties_supervised_simulation,all_parties,all_parties,all_parties_supervised,shared,1.0,604,604,active,0.5,0.8813838362693787,0.4423942923545837,0.3196046054363251,0.3130148351192474,0.8500823974609375,none,0.0,0,15,[],-1.0,-1.0,5,181500,45375,407700,5,407700,7494,11.361792100025925,2,2,1,"[[1,2],[1,12],[2,8],[4,8],[4,12]]","[false, false, true, false, true, false, false, false, true, false, false, false, false, false, false]","[""RANDOM"", ""RANDOM"", ""PAP"", ""RANDOM"", ""PSP"", ""RANDOM"", ""RANDOM"", ""RANDOM"", ""KNN"", ""RANDOM"", ""RANDOM"", ""RANDOM"", ""RANDOM"", ""RANDOM"", ""RANDOM""]","[0.33774834871292114, 0.3708609342575073, 0.8145695328712463, 0.3791390657424927, 0.6771523356437683, 0.33774834871292114, 0.319536417722702, 0.3344370722770691, 0.7897350788116455, 0.3245033025741577, 0.33278146386146545, 0.31456953287124634, 0.34437087178230286, 0.30960264801979065, 0.31622517108917236]","[4, 9, 0, 5, 1, 8, 11, 12, 2, 14, 13, 7, 10, 6, 3]",C:\Users\Yin Kuan\OneDrive\桌面\Durham_CS\Research\TA-DVFG\results\core_cache_v2\acm_hard_useful3_seed46_party_preds.pt,78fa04998aaceb78c35114d5073ab90b90977b56a927a7a8c3136b76bf7b72b8,2,TA-DVFG,11.0,5.0,5.0,2.0,1.6666666666666667,2.3333333333333335,0.3333333333333333
ACM,hard,42,full_mesh,5,0.809602677822113,0.7627677321434021,0.7631832235957138,0.7631832235957138,0.7957166433334351,0.782537043094635,0,5717250,5717250,136125,5853375,peer_to_peer_topology,all_supervised,supervised,shared_val,all_parties,0,True,all_parties_supervised_simulation,all_parties,all_parties,all_parties_supervised,shared,1.0,604,604,active,0.5,0.7627677321434021,0.4541460712750753,0.3838550150394439,0.3327841758728027,0.8171334266662598,none,0.0,0,15,[],-1.0,-1.0,105,5717250,136125,0,105,0,0,0.0,3,36,66,"[[0,1],[0,2],[0,3],[0,4],[0,5],[0,6],[0,7],[0,8],[0,9],[0,10],[0,11],[0,12],[0,13],[0,14],[1,2],[1,3],[1,4],[1,5],[1,6],[1,7],[1,8],[1,9],[1,10],[1,11],[1,12],[1,13],[1,14],[2,3],[2,4],[2,5],[2,6],[2,7],[2,8],[2,9],[2,10],[2,11],[2,12],[2,13],[2,14],[3,4],[3,5],[3,6],[3,7],[3,8],[3,9],[3,10],[3,11],[3,12],[3,13],[3,14],[4,5],[4,6],[4,7],[4,8],[4,9],[4,10],[4,11],[4,12],[4,13],[4,14],[5,6],[5,7],[5,8],[5,9],[5,10],[5,11],[5,12],[5,13],[5,14],[6,7],[6,8],[6,9],[6,10],[6,11],[6,12],[6,13],[6,14],[7,8],[7,9],[7,10],[7,11],[7,12],[7,13],[7,14],[8,9],[8,10],[8,11],[8,12],[8,13],[8,14],[9,10],[9,11],[9,12],[9,13],[9,14],[10,11],[10,12],[10,13],[10,14],[11,12],[11,13],[11,14],[12,13],[12,14],[13,14]]","[false, false, true, false, false, false, true, false, true, false, false, false, false, false, false]","[""RANDOM"", ""RANDOM"", ""PSP"", ""RANDOM"", ""RANDOM"", ""RANDOM"", ""KNN"", ""RANDOM"", ""PAP"", ""RANDOM"", ""RANDOM"", ""RANDOM"", ""RANDOM"", ""RANDOM"", ""RANDOM""]","[0.3460264801979065, 0.33278146386146545, 0.695364236831665, 0.33112582564353943, 0.3526490032672882, 0.3592715263366699, 0.7764900922775269, 0.3460264801979065, 0.809602677822113, 0.36589404940605164, 0.3460264801979065, 0.3360927104949951, 0.3344370722770691, 0.33774834871292114, 0.3294701874256134]","[9, 12, 1, 13, 3, 8, 2, 4, 0, 11, 6, 10, 14, 5, 7]",C:\Users\Yin Kuan\OneDrive\桌面\Durham_CS\Research\TA-DVFG\results\core_cache_v2\acm_hard_useful3_seed42_party_preds.pt,6cc21828a72da96ee6d41054c060e412e11d5d7c25af6103d3c45ace5829a8dc,3,Full Mesh,1.0,15.0,15.0,1.0,15.0,15.0,0.0
ACM,hard,42,adaptive_pair,5,0.8129138946533203,0.7693575024604797,0.7685910418133449,0.7685910418133449,0.8039538860321045,0.7841845154762268,0,762300,762300,127050,889350,peer_to_peer_topology,all_supervised,supervised,shared_val,all_parties,0,True,all_parties_supervised_simulation,all_parties,all_parties,all_parties_supervised,shared,1.0,604,604,active,0.5,0.7693575024604797,0.4467874785264333,0.359143316745758,0.3146622776985168,0.8698517084121704,none,0.0,0,15,[],-1.0,-1.0,14,762300,127050,407700,14,407700,0,0.5928625000087777,3,0,11,"[[0,1],[0,13],[1,3],[2,6],[2,8],[3,11],[4,10],[4,13],[5,10],[5,14],[6,8],[7,9],[7,14],[9,11]]","[false, false, true, false, false, false, true, false, true, false, false, false, false, false, false]","[""RANDOM"", ""RANDOM"", ""PSP"", ""RANDOM"", ""RANDOM"", ""RANDOM"", ""KNN"", ""RANDOM"", ""PAP"", ""RANDOM"", ""RANDOM"", ""RANDOM"", ""RANDOM"", ""RANDOM"", ""RANDOM""]","[0.3460264801979065, 0.33278146386146545, 0.695364236831665, 0.33112582564353943, 0.3526490032672882, 0.3592715263366699, 0.7764900922775269, 0.3460264801979065, 0.809602677822113, 0.36589404940605164, 0.3460264801979065, 0.3360927104949951, 0.3344370722770691, 0.33774834871292114, 0.3294701874256134]","[9, 12, 1, 13, 3, 8, 2, 4, 0, 11, 6, 10, 14, 5, 7]",C:\Users\Yin Kuan\OneDrive\桌面\Durham_CS\Research\TA-DVFG\results\core_cache_v2\acm_hard_useful3_seed42_party_preds.pt,6cc21828a72da96ee6d41054c060e412e11d5d7c25af6103d3c45ace5829a8dc,3,Adaptive Pairwise,3.0,11.0,7.0,5.0,2.8666666666666667,5.8,0.7333333333333333
ACM,hard,42,adaptive_complementarity,5,0.8112582564353943,0.7660626173019409,0.7662443934937508,0.7662443934937508,0.8006590008735657,0.7841845154762268,0,816750,816750,136125,952875,peer_to_peer_topology,all_supervised,supervised,shared_val,all_parties,0,True,all_parties_supervised_simulation,all_parties,all_parties,all_parties_supervised,shared,1.0,604,604,active,0.5,0.7660626173019409,0.4409665008385976,0.3574958741664886,0.311367392539978,0.8714991807937622,none,0.0,0,15,[],-1.0,-1.0,15,816750,136125,407700,15,407700,0,0.6392373999842675,3,0,12,"[[0,12],[0,13],[1,7],[1,11],[2,6],[2,8],[3,11],[3,14],[4,9],[4,10],[5,9],[5,14],[6,8],[7,10],[12,13]]","[false, false, true, false, false, false, true, false, true, false, false, false, false, false, false]","[""RANDOM"", ""RANDOM"", ""PSP"", ""RANDOM"", ""RANDOM"", ""RANDOM"", ""KNN"", ""RANDOM"", ""PAP"", ""RANDOM"", ""RANDOM"", ""RANDOM"", ""RANDOM"", ""RANDOM"", ""RANDOM""]","[0.3460264801979065, 0.33278146386146545, 0.695364236831665, 0.33112582564353943, 0.3526490032672882, 0.3592715263366699, 0.7764900922775269, 0.3460264801979065, 0.809602677822113, 0.36589404940605164, 0.3460264801979065, 0.3360927104949951, 0.3344370722770691, 0.33774834871292114, 0.3294701874256134]","[9, 12, 1, 13, 3, 8, 2, 4, 0, 11, 6, 10, 14, 5, 7]",C:\Users\Yin Kuan\OneDrive\桌面\Durham_CS\Research\TA-DVFG\results\core_cache_v2\acm_hard_useful3_seed42_party_preds.pt,6cc21828a72da96ee6d41054c060e412e11d5d7c25af6103d3c45ace5829a8dc,3,Adaptive Complementarity,3.0,9.0,5.0,4.0,3.0,5.4,0.6
ACM,hard,42,adaptive_graph_val,5,0.8725165724754333,0.8467874526977539,0.8465106440586184,0.8465106440586184,0.8616145253181458,0.8616145253181458,0,272250,272250,54450,326700,peer_to_peer_topology,all_supervised,supervised,shared_val,all_parties,0,True,all_parties_supervised_simulation,all_parties,all_parties,all_parties_supervised,shared,1.0,604,604,active,0.5,0.8467874526977539,0.4477759520212809,0.3607907891273498,0.3130148351192474,0.8385502696037292,none,0.0,0,15,[],-1.0,-1.0,5,272250,54450,407700,5,407700,7716,14.765272299962817,2,2,1,"[[1,2],[2,6],[6,8],[8,14],[10,14]]","[false, false, true, false, false, false, true, false, true, false, false, false, false, false, false]","[""RANDOM"", ""RANDOM"", ""PSP"", ""RANDOM"", ""RANDOM"", ""RANDOM"", ""KNN"", ""RANDOM"", ""PAP"", ""RANDOM"", ""RANDOM"", ""RANDOM"", ""RANDOM"", ""RANDOM"", ""RANDOM""]","[0.3460264801979065, 0.33278146386146545, 0.695364236831665, 0.33112582564353943, 0.3526490032672882, 0.3592715263366699, 0.7764900922775269, 0.3460264801979065, 0.809602677822113, 0.36589404940605164, 0.3460264801979065, 0.3360927104949951, 0.3344370722770691, 0.33774834871292114, 0.3294701874256134]","[9, 12, 1, 13, 3, 8, 2, 4, 0, 11, 6, 10, 14, 5, 7]",C:\Users\Yin Kuan\OneDrive\桌面\Durham_CS\Research\TA-DVFG\results\core_cache_v2\acm_hard_useful3_seed42_party_preds.pt,6cc21828a72da96ee6d41054c060e412e11d5d7c25af6103d3c45ace5829a8dc,3,TA-DVFG,10.0,6.0,6.0,5.0,1.6666666666666667,2.6,0.4
ACM,hard,43,full_mesh,5,0.8692052960395813,0.8220757842063904,0.8231190832087693,0.8231190832087693,0.8303130269050598,0.8237232565879822,0,5717250,5717250,136125,5853375,peer_to_peer_topology,all_supervised,supervised,shared_val,all_parties,0,True,all_parties_supervised_simulation,all_parties,all_parties,all_parties_supervised,shared,1.0,604,604,active,0.5,0.8220757842063904,0.4554640352725982,0.4036243855953216,0.3278418481349945,0.8616145253181458,none,0.0,0,15,[],-1.0,-1.0,105,5717250,136125,0,105,0,0,0.0,3,36,66,"[[0,1],[0,2],[0,3],[0,4],[0,5],[0,6],[0,7],[0,8],[0,9],[0,10],[0,11],[0,12],[0,13],[0,14],[1,2],[1,3],[1,4],[1,5],[1,6],[1,7],[1,8],[1,9],[1,10],[1,11],[1,12],[1,13],[1,14],[2,3],[2,4],[2,5],[2,6],[2,7],[2,8],[2,9],[2,10],[2,11],[2,12],[2,13],[2,14],[3,4],[3,5],[3,6],[3,7],[3,8],[3,9],[3,10],[3,11],[3,12],[3,13],[3,14],[4,5],[4,6],[4,7],[4,8],[4,9],[4,10],[4,11],[4,12],[4,13],[4,14],[5,6],[5,7],[5,8],[5,9],[5,10],[5,11],[5,12],[5,13],[5,14],[6,7],[6,8],[6,9],[6,10],[6,11],[6,12],[6,13],[6,14],[7,8],[7,9],[7,10],[7,11],[7,12],[7,13],[7,14],[8,9],[8,10],[8,11],[8,12],[8,13],[8,14],[9,10],[9,11],[9,12],[9,13],[9,14],[10,11],[10,12],[10,13],[10,14],[11,12],[11,13],[11,14],[12,13],[12,14],[13,14]]","[false, false, false, false, false, false, false, true, false, false, false, true, true, false, false]","[""RANDOM"", ""RANDOM"", ""RANDOM"", ""RANDOM"", ""RANDOM"", ""RANDOM"", ""RANDOM"", ""PSP"", ""RANDOM"", ""RANDOM"", ""RANDOM"", ""PAP"", ""KNN"", ""RANDOM"", ""RANDOM""]","[0.3526490032672882, 0.3013245165348053, 0.34437087178230286, 0.34271523356437683, 0.3576158881187439, 0.34271523356437683, 0.33112582564353943, 0.6821191906929016, 0.3245033025741577, 0.36589404940605164, 0.30463576316833496, 0.8675496578216553, 0.8907284736633301, 0.32781457901000977, 0.3460264801979065]","[8, 4, 9, 13, 6, 3, 12, 1, 14, 11, 7, 0, 2, 10, 5]",C:\Users\Yin Kuan\OneDrive\桌面\Durham_CS\Research\TA-DVFG\results\core_cache_v2\acm_hard_useful3_seed43_party_preds.pt,a32bccdb8fd6963f187be3505d94a56efc0619c5de973270db2f8e1f07e55fb8,3,Full Mesh,1.0,15.0,15.0,1.0,15.0,15.0,0.0
ACM,hard,43,adaptive_pair,5,0.8741722106933594,0.8220757842063904,0.8236084539924563,0.8236084539924563,0.8385502696037292,0.828665554523468,0,762300,762300,136125,898425,peer_to_peer_topology,all_supervised,supervised,shared_val,all_parties,0,True,all_parties_supervised_simulation,all_parties,all_parties,all_parties_supervised,shared,1.0,604,604,active,0.5,0.8220757842063904,0.4419549703598022,0.3739703595638275,0.3014827072620392,0.8929159641265869,none,0.0,0,15,[],-1.0,-1.0,14,762300,136125,407700,14,407700,0,0.5057947999739554,3,0,11,"[[0,9],[0,14],[1,10],[2,5],[2,13],[3,6],[3,8],[4,9],[4,13],[5,14],[6,8],[7,11],[7,12],[11,12]]","[false, false, false, false, false, false, false, true, false, false, false, true, true, false, false]","[""RANDOM"", ""RANDOM"", ""RANDOM"", ""RANDOM"", ""RANDOM"", ""RANDOM"", ""RANDOM"", ""PSP"", ""RANDOM"", ""RANDOM"", ""RANDOM"", ""PAP"", ""KNN"", ""RANDOM"", ""RANDOM""]","[0.3526490032672882, 0.3013245165348053, 0.34437087178230286, 0.34271523356437683, 0.3576158881187439, 0.34271523356437683, 0.33112582564353943, 0.6821191906929016, 0.3245033025741577, 0.36589404940605164, 0.30463576316833496, 0.8675496578216553, 0.8907284736633301, 0.32781457901000977, 0.3460264801979065]","[8, 4, 9, 13, 6, 3, 12, 1, 14, 11, 7, 0, 2, 10, 5]",C:\Users\Yin Kuan\OneDrive\桌面\Durham_CS\Research\TA-DVFG\results\core_cache_v2\acm_hard_useful3_seed43_party_preds.pt,a32bccdb8fd6963f187be3505d94a56efc0619c5de973270db2f8e1f07e55fb8,3,Adaptive Pairwise,4.0,7.0,3.75,3.0,2.8666666666666667,4.733333333333333,0.4666666666666667
ACM,hard,43,adaptive_complementarity,5,0.8708609342575073,0.828665554523468,0.8302896446249167,0.8302896446249167,0.8401976823806763,0.8303130269050598,0,762300,762300,127050,889350,peer_to_peer_topology,all_supervised,supervised,shared_val,all_parties,0,True,all_parties_supervised_simulation,all_parties,all_parties,all_parties_supervised,shared,1.0,604,604,active,0.5,0.828665554523468,0.44305326739947,0.4003295004367828,0.2948929071426391,0.8912685513496399,none,0.0,0,15,[],-1.0,-1.0,14,762300,127050,407700,14,407700,0,0.5720308999880217,3,0,11,"[[0,9],[0,14],[2,5],[2,13],[3,6],[3,10],[4,8],[4,13],[5,14],[6,10],[7,11],[7,12],[8,9],[11,12]]","[false, false, false, false, false, false, false, true, false, false, false, true, true, false, false]","[""RANDOM"", ""RANDOM"", ""RANDOM"", ""RANDOM"", ""RANDOM"", ""RANDOM"", ""RANDOM"", ""PSP"", ""RANDOM"", ""RANDOM"", ""RANDOM"", ""PAP"", ""KNN"", ""RANDOM"", ""RANDOM""]","[0.3526490032672882, 0.3013245165348053, 0.34437087178230286, 0.34271523356437683, 0.3576158881187439, 0.34271523356437683, 0.33112582564353943, 0.6821191906929016, 0.3245033025741577, 0.36589404940605164, 0.30463576316833496, 0.8675496578216553, 0.8907284736633301, 0.32781457901000977, 0.3460264801979065]","[8, 4, 9, 13, 6, 3, 12, 1, 14, 11, 7, 0, 2, 10, 5]",C:\Users\Yin Kuan\OneDrive\桌面\Durham_CS\Research\TA-DVFG\results\core_cache_v2\acm_hard_useful3_seed43_party_preds.pt,a32bccdb8fd6963f187be3505d94a56efc0619c5de973270db2f8e1f07e55fb8,3,Adaptive Complementarity,4.0,8.0,4.666666666666667,4.0,2.8666666666666667,5.0,0.5333333333333333
ACM,hard,43,adaptive_graph_val,5,0.9387417435646056,0.8879736661911011,0.8880481826847769,0.8880481826847769,0.9044480919837952,0.8945634365081787,0,272250,272250,63525,335775,peer_to_peer_topology,all_supervised,supervised,shared_val,all_parties,0,True,all_parties_supervised_simulation,all_parties,all_parties,all_parties_supervised,shared,1.0,604,604,active,0.5,0.8879736661911011,0.4514003256956736,0.3789126873016357,0.3146622776985168,0.8863261938095093,none,0.0,0,15,[],-1.0,-1.0,5,272250,63525,407700,5,407700,7635,16.156850100000156,2,2,1,"[[5,6],[7,9],[7,12],[8,11],[11,12]]","[false, false, false, false, false, false, false, true, false, false, false, true, true, false, false]","[""RANDOM"", ""RANDOM"", ""RANDOM"", ""RANDOM"", ""RANDOM"", ""RANDOM"", ""RANDOM"", ""PSP"", ""RANDOM"", ""RANDOM"", ""RANDOM"", ""PAP"", ""KNN"", ""RANDOM"", ""RANDOM""]","[0.3526490032672882, 0.3013245165348053, 0.34437087178230286, 0.34271523356437683, 0.3576158881187439, 0.34271523356437683, 0.33112582564353943, 0.6821191906929016, 0.3245033025741577, 0.36589404940605164, 0.30463576316833496, 0.8675496578216553, 0.8907284736633301, 0.32781457901000977, 0.3460264801979065]","[8, 4, 9, 13, 6, 3, 12, 1, 14, 11, 7, 0, 2, 10, 5]",C:\Users\Yin Kuan\OneDrive\桌面\Durham_CS\Research\TA-DVFG\results\core_cache_v2\acm_hard_useful3_seed43_party_preds.pt,a32bccdb8fd6963f187be3505d94a56efc0619c5de973270db2f8e1f07e55fb8,3,TA-DVFG,10.0,5.0,3.5,4.0,1.6666666666666667,2.3333333333333335,0.3333333333333333
ACM,hard,44,full_mesh,5,0.7185430526733398,0.686985194683075,0.6854702036711858,0.6854702036711858,0.7232289910316467,0.6919274926185608,0,5717250,5717250,136125,5853375,peer_to_peer_topology,all_supervised,supervised,shared_val,all_parties,0,True,all_parties_supervised_simulation,all_parties,all_parties,all_parties_supervised,shared,1.0,604,604,active,0.5,0.686985194683075,0.4333882490793864,0.3640856742858886,0.3179571628570556,0.8237232565879822,none,0.0,0,15,[],-1.0,-1.0,105,5717250,136125,0,105,0,0,0.0,3,36,66,"[[0,1],[0,2],[0,3],[0,4],[0,5],[0,6],[0,7],[0,8],[0,9],[0,10],[0,11],[0,12],[0,13],[0,14],[1,2],[1,3],[1,4],[1,5],[1,6],[1,7],[1,8],[1,9],[1,10],[1,11],[1,12],[1,13],[1,14],[2,3],[2,4],[2,5],[2,6],[2,7],[2,8],[2,9],[2,10],[2,11],[2,12],[2,13],[2,14],[3,4],[3,5],[3,6],[3,7],[3,8],[3,9],[3,10],[3,11],[3,12],[3,13],[3,14],[4,5],[4,6],[4,7],[4,8],[4,9],[4,10],[4,11],[4,12],[4,13],[4,14],[5,6],[5,7],[5,8],[5,9],[5,10],[5,11],[5,12],[5,13],[5,14],[6,7],[6,8],[6,9],[6,10],[6,11],[6,12],[6,13],[6,14],[7,8],[7,9],[7,10],[7,11],[7,12],[7,13],[7,14],[8,9],[8,10],[8,11],[8,12],[8,13],[8,14],[9,10],[9,11],[9,12],[9,13],[9,14],[10,11],[10,12],[10,13],[10,14],[11,12],[11,13],[11,14],[12,13],[12,14],[13,14]]","[false, false, false, false, false, true, false, false, false, false, true, true, false, false, false]","[""RANDOM"", ""RANDOM"", ""RANDOM"", ""RANDOM"", ""RANDOM"", ""PSP"", ""RANDOM"", ""RANDOM"", ""RANDOM"", ""RANDOM"", ""KNN"", ""PAP"", ""RANDOM"", ""RANDOM"", ""RANDOM""]","[0.3228476941585541, 0.35430464148521423, 0.3360927104949951, 0.3526490032672882, 0.3526490032672882, 0.3509933650493622, 0.32615894079208374, 0.31456953287124634, 0.306291401386261, 0.31456953287124634, 0.7731788158416748, 0.8162251710891724, 0.33278146386146545, 0.3410595953464508, 0.3410595953464508]","[6, 11, 10, 4, 7, 1, 12, 14, 8, 9, 2, 0, 5, 3, 13]",C:\Users\Yin Kuan\OneDrive\桌面\Durham_CS\Research\TA-DVFG\results\core_cache_v2\acm_hard_useful3_seed44_party_preds.pt,fafec304836823a69367da4b8d97dd4bd2c59bc53076953bcf7a7fc2e8760cb9,3,Full Mesh,1.0,15.0,15.0,1.0,15.0,15.0,0.0
ACM,hard,44,adaptive_pair,5,0.7317880988121033,0.7001647353172302,0.7008975885225887,0.7008975885225887,0.7429983615875244,0.6968698501586914,0,762300,762300,127050,889350,peer_to_peer_topology,all_supervised,supervised,shared_val,all_parties,0,True,all_parties_supervised_simulation,all_parties,all_parties,all_parties_supervised,shared,1.0,604,604,active,0.5,0.7001647353172302,0.4349258701006571,0.3261944055557251,0.3064250349998474,0.8616145253181458,none,0.0,0,15,[],-1.0,-1.0,14,762300,127050,407700,14,407700,0,0.6086283999902662,3,0,11,"[[0,2],[0,7],[1,6],[1,7],[2,13],[3,4],[3,12],[4,13],[5,10],[5,11],[6,9],[9,14],[10,11],[12,14]]","[false, false, false, false, false, true, false, false, false, false, true, true, false, false, false]","[""RANDOM"", ""RANDOM"", ""RANDOM"", ""RANDOM"", ""RANDOM"", ""PSP"", ""RANDOM"", ""RANDOM"", ""RANDOM"", ""RANDOM"", ""KNN"", ""PAP"", ""RANDOM"", ""RANDOM"", ""RANDOM""]","[0.3228476941585541, 0.35430464148521423, 0.3360927104949951, 0.3526490032672882, 0.3526490032672882, 0.3509933650493622, 0.32615894079208374, 0.31456953287124634, 0.306291401386261, 0.31456953287124634, 0.7731788158416748, 0.8162251710891724, 0.33278146386146545, 0.3410595953464508, 0.3410595953464508]","[6, 11, 10, 4, 7, 1, 12, 14, 8, 9, 2, 0, 5, 3, 13]",C:\Users\Yin Kuan\OneDrive\桌面\Durham_CS\Research\TA-DVFG\results\core_cache_v2\acm_hard_useful3_seed44_party_preds.pt,fafec304836823a69367da4b8d97dd4bd2c59bc53076953bcf7a7fc2e8760cb9,3,Adaptive Pairwise,3.0,11.0,7.0,5.0,2.8666666666666667,5.8,0.7333333333333333
ACM,hard,44,adaptive_complementarity,5,0.7317880988121033,0.6985173225402832,0.6994056868241891,0.6994056868241891,0.7215815782546997,0.7051070928573608,0,762300,762300,127050,889350,peer_to_peer_topology,all_supervised,supervised,shared_val,all_parties,0,True,all_parties_supervised_simulation,all_parties,all_parties,all_parties_supervised,shared,1.0,604,604,active,0.5,0.6985173225402832,0.4338275690873464,0.3245469629764557,0.3064250349998474,0.8616145253181458,none,0.0,0,15,[],-1.0,-1.0,14,762300,127050,407700,14,407700,0,0.4985277000232599,3,0,11,"[[0,2],[0,7],[1,6],[1,7],[2,13],[3,4],[3,12],[4,9],[5,10],[5,11],[6,9],[10,11],[12,14],[13,14]]","[false, false, false, false, false, true, false, false, false, false, true, true, false, false, false]","[""RANDOM"", ""RANDOM"", ""RANDOM"", ""RANDOM"", ""RANDOM"", ""PSP"", ""RANDOM"", ""RANDOM"", ""RANDOM"", ""RANDOM"", ""KNN"", ""PAP"", ""RANDOM"", ""RANDOM"", ""RANDOM""]","[0.3228476941585541, 0.35430464148521423, 0.3360927104949951, 0.3526490032672882, 0.3526490032672882, 0.3509933650493622, 0.32615894079208374, 0.31456953287124634, 0.306291401386261, 0.31456953287124634, 0.7731788158416748, 0.8162251710891724, 0.33278146386146545, 0.3410595953464508, 0.3410595953464508]","[6, 11, 10, 4, 7, 1, 12, 14, 8, 9, 2, 0, 5, 3, 13]",C:\Users\Yin Kuan\OneDrive\桌面\Durham_CS\Research\TA-DVFG\results\core_cache_v2\acm_hard_useful3_seed44_party_preds.pt,fafec304836823a69367da4b8d97dd4bd2c59bc53076953bcf7a7fc2e8760cb9,3,Adaptive Complementarity,3.0,11.0,7.0,5.0,2.8666666666666667,5.8,0.7333333333333333
ACM,hard,44,adaptive_graph_val,5,0.8642383813858032,0.8434925675392151,0.8442203271599596,0.8442203271599596,0.8517298102378845,0.8303130269050598,0,272250,272250,45375,317625,peer_to_peer_topology,all_supervised,supervised,shared_val,all_parties,0,True,all_parties_supervised_simulation,all_parties,all_parties,all_parties_supervised,shared,1.0,604,604,active,0.5,0.8434925675392151,0.4342668871084849,0.3377265334129333,0.3080724775791168,0.8385502696037292,none,0.0,0,15,[],-1.0,-1.0,5,272250,45375,407700,5,407700,7513,12.91307420002704,2,2,1,"[[5,7],[5,10],[7,13],[10,11],[11,13]]","[false, false, false, false, false, true, false, false, false, false, true, true, false, false, false]","[""RANDOM"", ""RANDOM"", ""RANDOM"", ""RANDOM"", ""RANDOM"", ""PSP"", ""RANDOM"", ""RANDOM"", ""RANDOM"", ""RANDOM"", ""KNN"", ""PAP"", ""RANDOM"", ""RANDOM"", ""RANDOM""]","[0.3228476941585541, 0.35430464148521423, 0.3360927104949951, 0.3526490032672882, 0.3526490032672882, 0.3509933650493622, 0.32615894079208374, 0.31456953287124634, 0.306291401386261, 0.31456953287124634, 0.7731788158416748, 0.8162251710891724, 0.33278146386146545, 0.3410595953464508, 0.3410595953464508]","[6, 11, 10, 4, 7, 1, 12, 14, 8, 9, 2, 0, 5, 3, 13]",C:\Users\Yin Kuan\OneDrive\桌面\Durham_CS\Research\TA-DVFG\results\core_cache_v2\acm_hard_useful3_seed44_party_preds.pt,fafec304836823a69367da4b8d97dd4bd2c59bc53076953bcf7a7fc2e8760cb9,3,TA-DVFG,11.0,5.0,5.0,2.0,1.6666666666666667,2.3333333333333335,0.3333333333333333
ACM,hard,45,full_mesh,5,0.7003311514854431,0.7199341058731079,0.720379101889934,0.720379101889934,0.7331136465072632,0.7166392207145691,0,5717250,5717250,136125,5853375,peer_to_peer_topology,all_supervised,supervised,shared_val,all_parties,0,True,all_parties_supervised_simulation,all_parties,all_parties,all_parties_supervised,shared,1.0,604,604,active,0.5,0.7199341058731079,0.4438220739364624,0.3789126873016357,0.3344316184520721,0.8401976823806763,none,0.0,0,15,[],-1.0,-1.0,105,5717250,136125,0,105,0,0,0.0,3,36,66,"[[0,1],[0,2],[0,3],[0,4],[0,5],[0,6],[0,7],[0,8],[0,9],[0,10],[0,11],[0,12],[0,13],[0,14],[1,2],[1,3],[1,4],[1,5],[1,6],[1,7],[1,8],[1,9],[1,10],[1,11],[1,12],[1,13],[1,14],[2,3],[2,4],[2,5],[2,6],[2,7],[2,8],[2,9],[2,10],[2,11],[2,12],[2,13],[2,14],[3,4],[3,5],[3,6],[3,7],[3,8],[3,9],[3,10],[3,11],[3,12],[3,13],[3,14],[4,5],[4,6],[4,7],[4,8],[4,9],[4,10],[4,11],[4,12],[4,13],[4,14],[5,6],[5,7],[5,8],[5,9],[5,10],[5,11],[5,12],[5,13],[5,14],[6,7],[6,8],[6,9],[6,10],[6,11],[6,12],[6,13],[6,14],[7,8],[7,9],[7,10],[7,11],[7,12],[7,13],[7,14],[8,9],[8,10],[8,11],[8,12],[8,13],[8,14],[9,10],[9,11],[9,12],[9,13],[9,14],[10,11],[10,12],[10,13],[10,14],[11,12],[11,13],[11,14],[12,13],[12,14],[13,14]]","[false, false, false, false, true, true, false, false, true, false, false, false, false, false, false]","[""RANDOM"", ""RANDOM"", ""RANDOM"", ""RANDOM"", ""KNN"", ""PSP"", ""RANDOM"", ""RANDOM"", ""PAP"", ""RANDOM"", ""RANDOM"", ""RANDOM"", ""RANDOM"", ""RANDOM"", ""RANDOM""]","[0.34437087178230286, 0.30298012495040894, 0.3410595953464508, 0.3178808093070984, 0.7367549538612366, 0.3509933650493622, 0.32615894079208374, 0.34933775663375854, 0.8195364475250244, 0.33278146386146545, 0.34271523356437683, 0.32781457901000977, 0.32615894079208374, 0.3112582862377167, 0.3476821184158325]","[10, 13, 11, 14, 2, 1, 5, 12, 0, 9, 8, 3, 4, 7, 6]",C:\Users\Yin Kuan\OneDrive\桌面\Durham_CS\Research\TA-DVFG\results\core_cache_v2\acm_hard_useful3_seed45_party_preds.pt,d6f212aca1d6321753df32d17bf286dfed4606a73d440a4517c34fc7e8f39e03,3,Full Mesh,1.0,15.0,15.0,1.0,15.0,15.0,0.0
ACM,hard,45,adaptive_pair,5,0.7185430526733398,0.7166392207145691,0.7161212967331091,0.7161212967331091,0.7429983615875244,0.7215815782546997,0,762300,762300,127050,889350,peer_to_peer_topology,all_supervised,supervised,shared_val,all_parties,0,True,all_parties_supervised_simulation,all_parties,all_parties,all_parties_supervised,shared,1.0,604,604,active,0.5,0.7166392207145691,0.4406370143095652,0.3525535464286804,0.3278418481349945,0.8517298102378845,none,0.0,0,15,[],-1.0,-1.0,14,762300,127050,407700,14,407700,0,0.5942249000072479,3,0,11,"[[0,1],[0,11],[1,14],[2,10],[2,13],[4,5],[4,8],[5,8],[6,7],[6,12],[7,9],[9,10],[11,12],[13,14]]","[false, false, false, false, true, true, false, false, true, false, false, false, false, false, false]","[""RANDOM"", ""RANDOM"", ""RANDOM"", ""RANDOM"", ""KNN"", ""PSP"", ""RANDOM"", ""RANDOM"", ""PAP"", ""RANDOM"", ""RANDOM"", ""RANDOM"", ""RANDOM"", ""RANDOM"", ""RANDOM""]","[0.34437087178230286, 0.30298012495040894, 0.3410595953464508, 0.3178808093070984, 0.7367549538612366, 0.3509933650493622, 0.32615894079208374, 0.34933775663375854, 0.8195364475250244, 0.33278146386146545, 0.34271523356437683, 0.32781457901000977, 0.32615894079208374, 0.3112582862377167, 0.3476821184158325]","[10, 13, 11, 14, 2, 1, 5, 12, 0, 9, 8, 3, 4, 7, 6]",C:\Users\Yin Kuan\OneDrive\桌面\Durham_CS\Research\TA-DVFG\results\core_cache_v2\acm_hard_useful3_seed45_party_preds.pt,d6f212aca1d6321753df32d17bf286dfed4606a73d440a4517c34fc7e8f39e03,3,Adaptive Pairwise,3.0,11.0,7.0,5.0,2.8666666666666667,5.8,0.7333333333333333
ACM,hard,45,adaptive_complementarity,5,0.7168874144554138,0.7199341058731079,0.7232985648516984,0.7232985648516984,0.747940719127655,0.7149917483329773,0,762300,762300,127050,889350,peer_to_peer_topology,all_supervised,supervised,shared_val,all_parties,0,True,all_parties_supervised_simulation,all_parties,all_parties,all_parties_supervised,shared,1.0,604,604,active,0.5,0.7199341058731079,0.4425041198730469,0.3558484315872192,0.3179571628570556,0.8616145253181458,none,0.0,0,15,[],-1.0,-1.0,14,762300,127050,407700,14,407700,0,0.538823200025945,3,0,11,"[[0,1],[0,11],[1,14],[2,10],[2,13],[4,5],[4,8],[5,8],[6,7],[6,12],[7,9],[9,13],[10,14],[11,12]]","[false, false, false, false, true, true, false, false, true, false, false, false, false, false, false]","[""RANDOM"", ""RANDOM"", ""RANDOM"", ""RANDOM"", ""KNN"", ""PSP"", ""RANDOM"", ""RANDOM"", ""PAP"", ""RANDOM"", ""RANDOM"", ""RANDOM"", ""RANDOM"", ""RANDOM"", ""RANDOM""]","[0.34437087178230286, 0.30298012495040894, 0.3410595953464508, 0.3178808093070984, 0.7367549538612366, 0.3509933650493622, 0.32615894079208374, 0.34933775663375854, 0.8195364475250244, 0.33278146386146545, 0.34271523356437683, 0.32781457901000977, 0.32615894079208374, 0.3112582862377167, 0.3476821184158325]","[10, 13, 11, 14, 2, 1, 5, 12, 0, 9, 8, 3, 4, 7, 6]",C:\Users\Yin Kuan\OneDrive\桌面\Durham_CS\Research\TA-DVFG\results\core_cache_v2\acm_hard_useful3_seed45_party_preds.pt,d6f212aca1d6321753df32d17bf286dfed4606a73d440a4517c34fc7e8f39e03,3,Adaptive Complementarity,3.0,11.0,7.0,5.0,2.8666666666666667,5.8,0.7333333333333333
ACM,hard,45,adaptive_graph_val,5,0.8658940196037292,0.8303130269050598,0.8301735351035816,0.8301735351035816,0.8500823974609375,0.8401976823806763,0,272250,272250,54450,326700,peer_to_peer_topology,all_supervised,supervised,shared_val,all_parties,0,True,all_parties_supervised_simulation,all_parties,all_parties,all_parties_supervised,shared,1.0,604,604,active,0.5,0.8303130269050598,0.4132893999417623,0.359143316745758,0.3064250349998474,0.8616145253181458,none,0.0,0,15,[],-1.0,-1.0,5,272250,54450,407700,5,407700,7525,13.144389200024309,1,3,1,"[[2,5],[4,8],[4,12],[8,11],[11,12]]","[false, false, false, false, true, true, false, false, true, false, false, false, false, false, false]","[""RANDOM"", ""RANDOM"", ""RANDOM"", ""RANDOM"", ""KNN"", ""PSP"", ""RANDOM"", ""RANDOM"", ""PAP"", ""RANDOM"", ""RANDOM"", ""RANDOM"", ""RANDOM"", ""RANDOM"", ""RANDOM""]","[0.34437087178230286, 0.30298012495040894, 0.3410595953464508, 0.3178808093070984, 0.7367549538612366, 0.3509933650493622, 0.32615894079208374, 0.34933775663375854, 0.8195364475250244, 0.33278146386146545, 0.34271523356437683, 0.32781457901000977, 0.32615894079208374, 0.3112582862377167, 0.3476821184158325]","[10, 13, 11, 14, 2, 1, 5, 12, 0, 9, 8, 3, 4, 7, 6]",C:\Users\Yin Kuan\OneDrive\桌面\Durham_CS\Research\TA-DVFG\results\core_cache_v2\acm_hard_useful3_seed45_party_preds.pt,d6f212aca1d6321753df32d17bf286dfed4606a73d440a4517c34fc7e8f39e03,3,TA-DVFG,11.0,4.0,3.0,2.0,1.6666666666666667,1.9333333333333333,0.26666666666666666
ACM,hard,46,full_mesh,5,0.7980132699012756,0.7644151449203491,0.7597979080193205,0.7597979080193205,0.7973640561103821,0.7841845154762268,0,5717250,5717250,136125,5853375,peer_to_peer_topology,all_supervised,supervised,shared_val,all_parties,0,True,all_parties_supervised_simulation,all_parties,all_parties,all_parties_supervised,shared,1.0,604,604,active,0.5,0.7644151449203491,0.4577704568703969,0.3756178021430969,0.3327841758728027,0.8319604396820068,none,0.0,0,15,[],-1.0,-1.0,105,5717250,136125,0,105,0,0,0.0,3,36,66,"[[0,1],[0,2],[0,3],[0,4],[0,5],[0,6],[0,7],[0,8],[0,9],[0,10],[0,11],[0,12],[0,13],[0,14],[1,2],[1,3],[1,4],[1,5],[1,6],[1,7],[1,8],[1,9],[1,10],[1,11],[1,12],[1,13],[1,14],[2,3],[2,4],[2,5],[2,6],[2,7],[2,8],[2,9],[2,10],[2,11],[2,12],[2,13],[2,14],[3,4],[3,5],[3,6],[3,7],[3,8],[3,9],[3,10],[3,11],[3,12],[3,13],[3,14],[4,5],[4,6],[4,7],[4,8],[4,9],[4,10],[4,11],[4,12],[4,13],[4,14],[5,6],[5,7],[5,8],[5,9],[5,10],[5,11],[5,12],[5,13],[5,14],[6,7],[6,8],[6,9],[6,10],[6,11],[6,12],[6,13],[6,14],[7,8],[7,9],[7,10],[7,11],[7,12],[7,13],[7,14],[8,9],[8,10],[8,11],[8,12],[8,13],[8,14],[9,10],[9,11],[9,12],[9,13],[9,14],[10,11],[10,12],[10,13],[10,14],[11,12],[11,13],[11,14],[12,13],[12,14],[13,14]]","[false, false, true, false, true, false, false, false, true, false, false, false, false, false, false]","[""RANDOM"", ""RANDOM"", ""PAP"", ""RANDOM"", ""PSP"", ""RANDOM"", ""RANDOM"", ""RANDOM"", ""KNN"", ""RANDOM"", ""RANDOM"", ""RANDOM"", ""RANDOM"", ""RANDOM"", ""RANDOM""]","[0.33774834871292114, 0.3708609342575073, 0.8145695328712463, 0.3791390657424927, 0.6771523356437683, 0.33774834871292114, 0.319536417722702, 0.3344370722770691, 0.7897350788116455, 0.3245033025741577, 0.33278146386146545, 0.31456953287124634, 0.34437087178230286, 0.30960264801979065, 0.31622517108917236]","[4, 9, 0, 5, 1, 8, 11, 12, 2, 14, 13, 7, 10, 6, 3]",C:\Users\Yin Kuan\OneDrive\桌面\Durham_CS\Research\TA-DVFG\results\core_cache_v2\acm_hard_useful3_seed46_party_preds.pt,78fa04998aaceb78c35114d5073ab90b90977b56a927a7a8c3136b76bf7b72b8,3,Full Mesh,1.0,15.0,15.0,1.0,15.0,15.0,0.0
ACM,hard,46,adaptive_pair,5,0.8129138946533203,0.7907742857933044,0.7908545110617649,0.7908545110617649,0.8072487711906433,0.7940691709518433,0,762300,762300,127050,889350,peer_to_peer_topology,all_supervised,supervised,shared_val,all_parties,0,True,all_parties_supervised_simulation,all_parties,all_parties,all_parties_supervised,shared,1.0,604,604,active,0.5,0.7907742857933044,0.4483250955740611,0.3278418481349945,0.3146622776985168,0.8912685513496399,none,0.0,0,15,[],-1.0,-1.0,14,762300,127050,407700,14,407700,0,0.6517094000446377,3,0,11,"[[0,6],[0,11],[1,3],[1,12],[2,4],[2,8],[3,9],[4,8],[5,7],[5,13],[6,11],[7,10],[9,13],[10,12]]","[false, false, true, false, true, false, false, false, true, false, false, false, false, false, false]","[""RANDOM"", ""RANDOM"", ""PAP"", ""RANDOM"", ""PSP"", ""RANDOM"", ""RANDOM"", ""RANDOM"", ""KNN"", ""RANDOM"", ""RANDOM"", ""RANDOM"", ""RANDOM"", ""RANDOM"", ""RANDOM""]","[0.33774834871292114, 0.3708609342575073, 0.8145695328712463, 0.3791390657424927, 0.6771523356437683, 0.33774834871292114, 0.319536417722702, 0.3344370722770691, 0.7897350788116455, 0.3245033025741577, 0.33278146386146545, 0.31456953287124634, 0.34437087178230286, 0.30960264801979065, 0.31622517108917236]","[4, 9, 0, 5, 1, 8, 11, 12, 2, 14, 13, 7, 10, 6, 3]",C:\Users\Yin Kuan\OneDrive\桌面\Durham_CS\Research\TA-DVFG\results\core_cache_v2\acm_hard_useful3_seed46_party_preds.pt,78fa04998aaceb78c35114d5073ab90b90977b56a927a7a8c3136b76bf7b72b8,3,Adaptive Pairwise,4.0,8.0,4.666666666666667,4.0,2.8666666666666667,5.0,0.5333333333333333
ACM,hard,46,adaptive_complementarity,5,0.8178808093070984,0.7907742857933044,0.7887420630495224,0.7887420630495224,0.8023064136505127,0.7891268730163574,0,762300,762300,127050,889350,peer_to_peer_topology,all_supervised,supervised,shared_val,all_parties,0,True,all_parties_supervised_simulation,all_parties,all_parties,all_parties_supervised,shared,1.0,604,604,active,0.5,0.7907742857933044,0.4448105454444885,0.3393739759922027,0.304777592420578,0.8945634365081787,none,0.0,0,15,[],-1.0,-1.0,14,762300,127050,407700,14,407700,0,0.5865024000086123,3,0,11,"[[0,6],[0,10],[1,11],[1,13],[2,4],[2,8],[3,7],[3,9],[4,8],[5,9],[5,12],[6,7],[10,12],[11,13]]","[false, false, true, false, true, false, false, false, true, false, false, false, false, false, false]","[""RANDOM"", ""RANDOM"", ""PAP"", ""RANDOM"", ""PSP"", ""RANDOM"", ""RANDOM"", ""RANDOM"", ""KNN"", ""RANDOM"", ""RANDOM"", ""RANDOM"", ""RANDOM"", ""RANDOM"", ""RANDOM""]","[0.33774834871292114, 0.3708609342575073, 0.8145695328712463, 0.3791390657424927, 0.6771523356437683, 0.33774834871292114, 0.319536417722702, 0.3344370722770691, 0.7897350788116455, 0.3245033025741577, 0.33278146386146545, 0.31456953287124634, 0.34437087178230286, 0.30960264801979065, 0.31622517108917236]","[4, 9, 0, 5, 1, 8, 11, 12, 2, 14, 13, 7, 10, 6, 3]",C:\Users\Yin Kuan\OneDrive\桌面\Durham_CS\Research\TA-DVFG\results\core_cache_v2\acm_hard_useful3_seed46_party_preds.pt,78fa04998aaceb78c35114d5073ab90b90977b56a927a7a8c3136b76bf7b72b8,3,Adaptive Complementarity,4.0,8.0,4.666666666666667,4.0,2.8666666666666667,5.0,0.5333333333333333
ACM,hard,46,adaptive_graph_val,5,0.9089403748512268,0.8830313086509705,0.883287071578466,0.883287071578466,0.8929159641265869,0.8665568232536316,0,272250,272250,45375,317625,peer_to_peer_topology,all_supervised,supervised,shared_val,all_parties,0,True,all_parties_supervised_simulation,all_parties,all_parties,all_parties_supervised,shared,1.0,604,604,active,0.5,0.8830313086509705,0.4476661185423533,0.3196046054363251,0.3130148351192474,0.859967052936554,none,0.0,0,15,[],-1.0,-1.0,5,272250,45375,407700,5,407700,7475,14.771327000053134,2,2,1,"[[1,4],[1,12],[2,8],[2,12],[4,8]]","[false, false, true, false, true, false, false, false, true, false, false, false, false, false, false]","[""RANDOM"", ""RANDOM"", ""PAP"", ""RANDOM"", ""PSP"", ""RANDOM"", ""RANDOM"", ""RANDOM"", ""KNN"", ""RANDOM"", ""RANDOM"", ""RANDOM"", ""RANDOM"", ""RANDOM"", ""RANDOM""]","[0.33774834871292114, 0.3708609342575073, 0.8145695328712463, 0.3791390657424927, 0.6771523356437683, 0.33774834871292114, 0.319536417722702, 0.3344370722770691, 0.7897350788116455, 0.3245033025741577, 0.33278146386146545, 0.31456953287124634, 0.34437087178230286, 0.30960264801979065, 0.31622517108917236]","[4, 9, 0, 5, 1, 8, 11, 12, 2, 14, 13, 7, 10, 6, 3]",C:\Users\Yin Kuan\OneDrive\桌面\Durham_CS\Research\TA-DVFG\results\core_cache_v2\acm_hard_useful3_seed46_party_preds.pt,78fa04998aaceb78c35114d5073ab90b90977b56a927a7a8c3136b76bf7b72b8,3,TA-DVFG,11.0,5.0,5.0,2.0,1.6666666666666667,2.3333333333333335,0.3333333333333333
DBLP,hard,42,topk_reliability_vote,5,0.9098765254020692,0.8943489193916321,0.8844694650149283,0.8844694650149283,0.8955773711204529,0.8796069025993347,0,0,0,81140,81140,global_diagnostic,all_supervised,supervised,shared_val,all_parties,0,True,all_parties_supervised_simulation,all_parties,all_parties,all_parties_supervised,shared,1.0,810,810,active,0.5,0.8943489193916321,0.3343161284923553,0.2776412665843963,0.2493857443332672,0.8734643459320068,none,0.0,0,15,[],-1.0,-1.0,0,0,81140,0,0,0,0,0.0,0,0,0,[],"[false, false, true, false, false, false, true, false, true, false, false, false, false, false, false]","[""RANDOM"", ""RANDOM"", ""APCPA"", ""RANDOM"", ""RANDOM"", ""RANDOM"", ""APTPA"", ""RANDOM"", ""APA"", ""RANDOM"", ""RANDOM"", ""RANDOM"", ""RANDOM"", ""RANDOM"", ""RANDOM""]","[0.2716049253940582, 0.28024691343307495, 0.8913580179214478, 0.2679012417793274, 0.2716049253940582, 0.28148147463798523, 0.4654321074485779, 0.25925925374031067, 0.5111111402511597, 0.2419753074645996, 0.26419752836227417, 0.2617284059524536, 0.25061729550361633, 0.30987653136253357, 0.24938271939754486]","[9, 12, 1, 13, 3, 8, 2, 4, 0, 11, 6, 10, 14, 5, 7]",C:\Users\Yin Kuan\OneDrive\桌面\Durham_CS\Research\TA-DVFG\results\core_cache_v2\dblp_hard_useful3_seed42_party_preds.pt,39e4cf6382caa8e42920e91ba9db9bec9c549cdaf71c70b6d61fa0cbe1032260,1,Global Top-k,15.0,1.0,0.0,,1.0,1.0,0.0
DBLP,hard,42,full_mesh,5,0.8814814686775208,0.8648648858070374,0.8492971556961271,0.8492971556961271,0.8673218488693237,0.8488943576812744,0,3407880,3407880,243420,3651300,peer_to_peer_topology,all_supervised,supervised,shared_val,all_parties,0,True,all_parties_supervised_simulation,all_parties,all_parties,all_parties_supervised,shared,1.0,810,810,active,0.5,0.8648648858070374,0.37264537413915,0.3095823228359222,0.2690417766571045,0.8746928572654724,none,0.0,0,15,[],-1.0,-1.0,105,3407880,243420,0,105,0,0,0.0,3,36,66,"[[0,1],[0,2],[0,3],[0,4],[0,5],[0,6],[0,7],[0,8],[0,9],[0,10],[0,11],[0,12],[0,13],[0,14],[1,2],[1,3],[1,4],[1,5],[1,6],[1,7],[1,8],[1,9],[1,10],[1,11],[1,12],[1,13],[1,14],[2,3],[2,4],[2,5],[2,6],[2,7],[2,8],[2,9],[2,10],[2,11],[2,12],[2,13],[2,14],[3,4],[3,5],[3,6],[3,7],[3,8],[3,9],[3,10],[3,11],[3,12],[3,13],[3,14],[4,5],[4,6],[4,7],[4,8],[4,9],[4,10],[4,11],[4,12],[4,13],[4,14],[5,6],[5,7],[5,8],[5,9],[5,10],[5,11],[5,12],[5,13],[5,14],[6,7],[6,8],[6,9],[6,10],[6,11],[6,12],[6,13],[6,14],[7,8],[7,9],[7,10],[7,11],[7,12],[7,13],[7,14],[8,9],[8,10],[8,11],[8,12],[8,13],[8,14],[9,10],[9,11],[9,12],[9,13],[9,14],[10,11],[10,12],[10,13],[10,14],[11,12],[11,13],[11,14],[12,13],[12,14],[13,14]]","[false, false, true, false, false, false, true, false, true, false, false, false, false, false, false]","[""RANDOM"", ""RANDOM"", ""APCPA"", ""RANDOM"", ""RANDOM"", ""RANDOM"", ""APTPA"", ""RANDOM"", ""APA"", ""RANDOM"", ""RANDOM"", ""RANDOM"", ""RANDOM"", ""RANDOM"", ""RANDOM""]","[0.2716049253940582, 0.28024691343307495, 0.8913580179214478, 0.2679012417793274, 0.2716049253940582, 0.28148147463798523, 0.4654321074485779, 0.25925925374031067, 0.5111111402511597, 0.2419753074645996, 0.26419752836227417, 0.2617284059524536, 0.25061729550361633, 0.30987653136253357, 0.24938271939754486]","[9, 12, 1, 13, 3, 8, 2, 4, 0, 11, 6, 10, 14, 5, 7]",C:\Users\Yin Kuan\OneDrive\桌面\Durham_CS\Research\TA-DVFG\results\core_cache_v2\dblp_hard_useful3_seed42_party_preds.pt,39e4cf6382caa8e42920e91ba9db9bec9c549cdaf71c70b6d61fa0cbe1032260,1,Full Mesh,1.0,15.0,15.0,1.0,15.0,15.0,0.0
DBLP,hard,42,adaptive_pair,5,0.8827160596847534,0.8697788715362549,0.8540038154323881,0.8540038154323881,0.8697788715362549,0.8452088236808777,0,454384,454384,227192,681576,peer_to_peer_topology,all_supervised,supervised,shared_val,all_parties,0,True,all_parties_supervised_simulation,all_parties,all_parties,all_parties_supervised,shared,1.0,810,810,active,0.5,0.8697788715362549,0.3603603551785151,0.2690417766571045,0.2346437275409698,0.8746928572654724,none,0.0,0,15,[],-1.0,-1.0,14,454384,227192,729000,14,729000,0,1.4607753000309458,3,0,11,"[[0,4],[0,9],[1,7],[1,14],[2,6],[2,8],[3,12],[3,14],[4,5],[5,13],[6,8],[7,13],[9,11],[11,12]]","[false, false, true, false, false, false, true, false, true, false, false, false, false, false, false]","[""RANDOM"", ""RANDOM"", ""APCPA"", ""RANDOM"", ""RANDOM"", ""RANDOM"", ""APTPA"", ""RANDOM"", ""APA"", ""RANDOM"", ""RANDOM"", ""RANDOM"", ""RANDOM"", ""RANDOM"", ""RANDOM""]","[0.2716049253940582, 0.28024691343307495, 0.8913580179214478, 0.2679012417793274, 0.2716049253940582, 0.28148147463798523, 0.4654321074485779, 0.25925925374031067, 0.5111111402511597, 0.2419753074645996, 0.26419752836227417, 0.2617284059524536, 0.25061729550361633, 0.30987653136253357, 0.24938271939754486]","[9, 12, 1, 13, 3, 8, 2, 4, 0, 11, 6, 10, 14, 5, 7]",C:\Users\Yin Kuan\OneDrive\桌面\Durham_CS\Research\TA-DVFG\results\core_cache_v2\dblp_hard_useful3_seed42_party_preds.pt,39e4cf6382caa8e42920e91ba9db9bec9c549cdaf71c70b6d61fa0cbe1032260,1,Adaptive Pairwise,3.0,11.0,7.0,5.0,2.8666666666666667,2.8666666666666667,0.0
DBLP,hard,42,adaptive_complementarity,5,0.8740741014480591,0.8574938774108887,0.8385897655960256,0.8385897655960256,0.859950840473175,0.8390663266181946,0,454384,454384,243420,697804,peer_to_peer_topology,all_supervised,supervised,shared_val,all_parties,0,True,all_parties_supervised_simulation,all_parties,all_parties,all_parties_supervised,shared,1.0,810,810,active,0.5,0.8574938774108887,0.3562653561433156,0.2641277611255646,0.2432432472705841,0.8746928572654724,none,0.0,0,15,[],-1.0,-1.0,14,454384,243420,729000,14,729000,0,1.480492700036848,1,4,9,"[[0,4],[0,11],[1,7],[1,8],[2,4],[2,12],[3,11],[3,12],[5,13],[5,14],[6,8],[6,14],[7,13],[9,10]]","[false, false, true, false, false, false, true, false, true, false, false, false, false, false, false]","[""RANDOM"", ""RANDOM"", ""APCPA"", ""RANDOM"", ""RANDOM"", ""RANDOM"", ""APTPA"", ""RANDOM"", ""APA"", ""RANDOM"", ""RANDOM"", ""RANDOM"", ""RANDOM"", ""RANDOM"", ""RANDOM""]","[0.2716049253940582, 0.28024691343307495, 0.8913580179214478, 0.2679012417793274, 0.2716049253940582, 0.28148147463798523, 0.4654321074485779, 0.25925925374031067, 0.5111111402511597, 0.2419753074645996, 0.26419752836227417, 0.2617284059524536, 0.25061729550361633, 0.30987653136253357, 0.24938271939754486]","[9, 12, 1, 13, 3, 8, 2, 4, 0, 11, 6, 10, 14, 5, 7]",C:\Users\Yin Kuan\OneDrive\桌面\Durham_CS\Research\TA-DVFG\results\core_cache_v2\dblp_hard_useful3_seed42_party_preds.pt,39e4cf6382caa8e42920e91ba9db9bec9c549cdaf71c70b6d61fa0cbe1032260,1,Adaptive Complementarity,3.0,7.0,5.0,3.0,2.8666666666666667,2.8666666666666667,0.0
DBLP,hard,42,adaptive_graph_val,5,0.9160493612289428,0.8857493996620178,0.8745548298933867,0.8745548298933867,0.8968058824539185,0.8832923769950867,0,162280,162280,97368,259648,peer_to_peer_topology,all_supervised,supervised,shared_val,all_parties,0,True,all_parties_supervised_simulation,all_parties,all_parties,all_parties_supervised,shared,1.0,810,810,active,0.5,0.8857493996620178,0.3636363605658213,0.2837837934494018,0.2567567527294159,0.8771498799324036,none,0.0,0,15,[],-1.0,-1.0,5,162280,97368,729000,5,729000,7614,13.481787500015344,1,2,2,"[[1,4],[1,8],[2,8],[2,14],[3,14]]","[false, false, true, false, false, false, true, false, true, false, false, false, false, false, false]","[""RANDOM"", ""RANDOM"", ""APCPA"", ""RANDOM"", ""RANDOM"", ""RANDOM"", ""APTPA"", ""RANDOM"", ""APA"", ""RANDOM"", ""RANDOM"", ""RANDOM"", ""RANDOM"", ""RANDOM"", ""RANDOM""]","[0.2716049253940582, 0.28024691343307495, 0.8913580179214478, 0.2679012417793274, 0.2716049253940582, 0.28148147463798523, 0.4654321074485779, 0.25925925374031067, 0.5111111402511597, 0.2419753074645996, 0.26419752836227417, 0.2617284059524536, 0.25061729550361633, 0.30987653136253357, 0.24938271939754486]","[9, 12, 1, 13, 3, 8, 2, 4, 0, 11, 6, 10, 14, 5, 7]",C:\Users\Yin Kuan\OneDrive\桌面\Durham_CS\Research\TA-DVFG\results\core_cache_v2\dblp_hard_useful3_seed42_party_preds.pt,39e4cf6382caa8e42920e91ba9db9bec9c549cdaf71c70b6d61fa0cbe1032260,1,TA-DVFG,10.0,6.0,6.0,5.0,1.6666666666666667,1.6666666666666667,0.0
DBLP,hard,43,topk_reliability_vote,5,0.92592591047287,0.9226044416427612,0.9176564066643988,0.9176564066643988,0.9287469387054444,0.9127764105796814,0,0,0,81140,81140,global_diagnostic,all_supervised,supervised,shared_val,all_parties,0,True,all_parties_supervised_simulation,all_parties,all_parties,all_parties_supervised,shared,1.0,810,810,active,0.5,0.9226044416427612,0.3354627341032028,0.2727272808551788,0.2285012304782867,0.9238329529762268,none,0.0,0,15,[],-1.0,-1.0,0,0,81140,0,0,0,0,0.0,0,0,0,[],"[false, false, false, false, false, false, false, true, false, false, false, true, true, false, false]","[""RANDOM"", ""RANDOM"", ""RANDOM"", ""RANDOM"", ""RANDOM"", ""RANDOM"", ""RANDOM"", ""APCPA"", ""RANDOM"", ""RANDOM"", ""RANDOM"", ""APA"", ""APTPA"", ""RANDOM"", ""RANDOM""]","[0.28148147463798523, 0.2839506268501282, 0.2617284059524536, 0.25432097911834717, 0.2777777910232544, 0.2716049253940582, 0.2567901313304901, 0.914814829826355, 0.27654320001602173, 0.2530864179134369, 0.25432097911834717, 0.47160494327545166, 0.4543209969997406, 0.25925925374031067, 0.24567900598049164]","[8, 4, 9, 13, 6, 3, 12, 1, 14, 11, 7, 0, 2, 10, 5]",C:\Users\Yin Kuan\OneDrive\桌面\Durham_CS\Research\TA-DVFG\results\core_cache_v2\dblp_hard_useful3_seed43_party_preds.pt,cacde95ed31c0aa1422a61a91fb46c818de87bafbb59d648ebefd33c8b25d4a4,1,Global Top-k,15.0,1.0,0.0,,1.0,1.0,0.0
DBLP,hard,43,full_mesh,5,0.8999999761581421,0.9029483795166016,0.8937410257414369,0.8937410257414369,0.9041768908500672,0.8882063627243042,0,3407880,3407880,243420,3651300,peer_to_peer_topology,all_supervised,supervised,shared_val,all_parties,0,True,all_parties_supervised_simulation,all_parties,all_parties,all_parties_supervised,shared,1.0,810,810,active,0.5,0.9029483795166016,0.3850941876570383,0.3046683073043823,0.285012274980545,0.9250614047050476,none,0.0,0,15,[],-1.0,-1.0,105,3407880,243420,0,105,0,0,0.0,3,36,66,"[[0,1],[0,2],[0,3],[0,4],[0,5],[0,6],[0,7],[0,8],[0,9],[0,10],[0,11],[0,12],[0,13],[0,14],[1,2],[1,3],[1,4],[1,5],[1,6],[1,7],[1,8],[1,9],[1,10],[1,11],[1,12],[1,13],[1,14],[2,3],[2,4],[2,5],[2,6],[2,7],[2,8],[2,9],[2,10],[2,11],[2,12],[2,13],[2,14],[3,4],[3,5],[3,6],[3,7],[3,8],[3,9],[3,10],[3,11],[3,12],[3,13],[3,14],[4,5],[4,6],[4,7],[4,8],[4,9],[4,10],[4,11],[4,12],[4,13],[4,14],[5,6],[5,7],[5,8],[5,9],[5,10],[5,11],[5,12],[5,13],[5,14],[6,7],[6,8],[6,9],[6,10],[6,11],[6,12],[6,13],[6,14],[7,8],[7,9],[7,10],[7,11],[7,12],[7,13],[7,14],[8,9],[8,10],[8,11],[8,12],[8,13],[8,14],[9,10],[9,11],[9,12],[9,13],[9,14],[10,11],[10,12],[10,13],[10,14],[11,12],[11,13],[11,14],[12,13],[12,14],[13,14]]","[false, false, false, false, false, false, false, true, false, false, false, true, true, false, false]","[""RANDOM"", ""RANDOM"", ""RANDOM"", ""RANDOM"", ""RANDOM"", ""RANDOM"", ""RANDOM"", ""APCPA"", ""RANDOM"", ""RANDOM"", ""RANDOM"", ""APA"", ""APTPA"", ""RANDOM"", ""RANDOM""]","[0.28148147463798523, 0.2839506268501282, 0.2617284059524536, 0.25432097911834717, 0.2777777910232544, 0.2716049253940582, 0.2567901313304901, 0.914814829826355, 0.27654320001602173, 0.2530864179134369, 0.25432097911834717, 0.47160494327545166, 0.4543209969997406, 0.25925925374031067, 0.24567900598049164]","[8, 4, 9, 13, 6, 3, 12, 1, 14, 11, 7, 0, 2, 10, 5]",C:\Users\Yin Kuan\OneDrive\桌面\Durham_CS\Research\TA-DVFG\results\core_cache_v2\dblp_hard_useful3_seed43_party_preds.pt,cacde95ed31c0aa1422a61a91fb46c818de87bafbb59d648ebefd33c8b25d4a4,1,Full Mesh,1.0,15.0,15.0,1.0,15.0,15.0,0.0
DBLP,hard,43,adaptive_pair,5,0.895061731338501,0.9004914164543152,0.8899732222341878,0.8899732222341878,0.9029483795166016,0.8832923769950867,0,454384,454384,243420,697804,peer_to_peer_topology,all_supervised,supervised,shared_val,all_parties,0,True,all_parties_supervised_simulation,all_parties,all_parties,all_parties_supervised,shared,1.0,810,810,active,0.5,0.9004914164543152,0.3695331672827402,0.2727272808551788,0.2395577430725097,0.9226044416427612,none,0.0,0,15,[],-1.0,-1.0,14,454384,243420,729000,14,729000,0,1.5263112999673467,3,0,11,"[[0,1],[0,8],[1,4],[2,3],[2,9],[3,13],[4,8],[5,10],[6,13],[6,14],[7,11],[7,12],[9,14],[11,12]]","[false, false, false, false, false, false, false, true, false, false, false, true, true, false, false]","[""RANDOM"", ""RANDOM"", ""RANDOM"", ""RANDOM"", ""RANDOM"", ""RANDOM"", ""RANDOM"", ""APCPA"", ""RANDOM"", ""RANDOM"", ""RANDOM"", ""APA"", ""APTPA"", ""RANDOM"", ""RANDOM""]","[0.28148147463798523, 0.2839506268501282, 0.2617284059524536, 0.25432097911834717, 0.2777777910232544, 0.2716049253940582, 0.2567901313304901, 0.914814829826355, 0.27654320001602173, 0.2530864179134369, 0.25432097911834717, 0.47160494327545166, 0.4543209969997406, 0.25925925374031067, 0.24567900598049164]","[8, 4, 9, 13, 6, 3, 12, 1, 14, 11, 7, 0, 2, 10, 5]",C:\Users\Yin Kuan\OneDrive\桌面\Durham_CS\Research\TA-DVFG\results\core_cache_v2\dblp_hard_useful3_seed43_party_preds.pt,cacde95ed31c0aa1422a61a91fb46c818de87bafbb59d648ebefd33c8b25d4a4,1,Adaptive Pairwise,4.0,6.0,3.75,3.0,2.8666666666666667,2.8666666666666667,0.0
DBLP,hard,43,adaptive_complementarity,5,0.8987654447555542,0.8992629051208496,0.8880846556972727,0.8880846556972727,0.9029483795166016,0.8808353543281555,0,454384,454384,227192,681576,peer_to_peer_topology,all_supervised,supervised,shared_val,all_parties,0,True,all_parties_supervised_simulation,all_parties,all_parties,all_parties_supervised,shared,1.0,810,810,active,0.5,0.8992629051208496,0.3707616686820983,0.4213759303092956,0.2346437275409698,0.9152334332466124,none,0.0,0,15,[],-1.0,-1.0,14,454384,227192,729000,14,729000,0,1.478413199976785,1,4,9,"[[0,1],[0,7],[1,8],[2,7],[2,9],[4,13],[4,14],[5,6],[5,10],[6,14],[8,12],[9,10],[11,12],[11,13]]","[false, false, false, false, false, false, false, true, false, false, false, true, true, false, false]","[""RANDOM"", ""RANDOM"", ""RANDOM"", ""RANDOM"", ""RANDOM"", ""RANDOM"", ""RANDOM"", ""APCPA"", ""RANDOM"", ""RANDOM"", ""RANDOM"", ""APA"", ""APTPA"", ""RANDOM"", ""RANDOM""]","[0.28148147463798523, 0.2839506268501282, 0.2617284059524536, 0.25432097911834717, 0.2777777910232544, 0.2716049253940582, 0.2567901313304901, 0.914814829826355, 0.27654320001602173, 0.2530864179134369, 0.25432097911834717, 0.47160494327545166, 0.4543209969997406, 0.25925925374031067, 0.24567900598049164]","[8, 4, 9, 13, 6, 3, 12, 1, 14, 11, 7, 0, 2, 10, 5]",C:\Users\Yin Kuan\OneDrive\桌面\Durham_CS\Research\TA-DVFG\results\core_cache_v2\dblp_hard_useful3_seed43_party_preds.pt,cacde95ed31c0aa1422a61a91fb46c818de87bafbb59d648ebefd33c8b25d4a4,1,Adaptive Complementarity,2.0,14.0,14.0,7.0,2.8666666666666667,2.8666666666666667,0.0
DBLP,hard,43,adaptive_graph_val,5,0.924691379070282,0.916461944580078,0.9083973931654328,0.9083973931654328,0.9226044416427612,0.9054054021835328,0,162280,162280,97368,259648,peer_to_peer_topology,all_supervised,supervised,shared_val,all_parties,0,True,all_parties_supervised_simulation,all_parties,all_parties,all_parties_supervised,shared,1.0,810,810,active,0.5,0.916461944580078,0.3666666726271311,0.3022113144397735,0.2309582382440567,0.9238329529762268,none,0.0,0,15,[],-1.0,-1.0,5,162280,97368,729000,5,729000,7570,13.464857600003596,1,2,2,"[[0,9],[0,11],[7,9],[7,11],[10,13]]","[false, false, false, false, false, false, false, true, false, false, false, true, true, false, false]","[""RANDOM"", ""RANDOM"", ""RANDOM"", ""RANDOM"", ""RANDOM"", ""RANDOM"", ""RANDOM"", ""APCPA"", ""RANDOM"", ""RANDOM"", ""RANDOM"", ""APA"", ""APTPA"", ""RANDOM"", ""RANDOM""]","[0.28148147463798523, 0.2839506268501282, 0.2617284059524536, 0.25432097911834717, 0.2777777910232544, 0.2716049253940582, 0.2567901313304901, 0.914814829826355, 0.27654320001602173, 0.2530864179134369, 0.25432097911834717, 0.47160494327545166, 0.4543209969997406, 0.25925925374031067, 0.24567900598049164]","[8, 4, 9, 13, 6, 3, 12, 1, 14, 11, 7, 0, 2, 10, 5]",C:\Users\Yin Kuan\OneDrive\桌面\Durham_CS\Research\TA-DVFG\results\core_cache_v2\dblp_hard_useful3_seed43_party_preds.pt,cacde95ed31c0aa1422a61a91fb46c818de87bafbb59d648ebefd33c8b25d4a4,1,TA-DVFG,11.0,4.0,3.0,2.0,1.6666666666666667,1.6666666666666667,0.0
DBLP,hard,44,topk_reliability_vote,5,0.8962963223457336,0.9029483795166016,0.8993764566295929,0.8993764566295929,0.9029483795166016,0.8918918967247009,0,0,0,81140,81140,global_diagnostic,all_supervised,supervised,shared_val,all_parties,0,True,all_parties_supervised_simulation,all_parties,all_parties,all_parties_supervised,shared,1.0,810,810,active,0.5,0.9029483795166016,0.3351351370414098,0.2751842737197876,0.2407862395048141,0.8943489193916321,none,0.0,0,15,[],-1.0,-1.0,0,0,81140,0,0,0,0,0.0,0,0,0,[],"[false, false, false, false, false, true, false, false, false, false, true, true, false, false, false]","[""RANDOM"", ""RANDOM"", ""RANDOM"", ""RANDOM"", ""RANDOM"", ""APCPA"", ""RANDOM"", ""RANDOM"", ""RANDOM"", ""RANDOM"", ""APTPA"", ""APA"", ""RANDOM"", ""RANDOM"", ""RANDOM""]","[0.26049381494522095, 0.24320988357067108, 0.25925925374031067, 0.29629629850387573, 0.24938271939754486, 0.8777777552604675, 0.2666666805744171, 0.2469135820865631, 0.2777777910232544, 0.2777777910232544, 0.48148149251937866, 0.47777777910232544, 0.27654320001602173, 0.25432097911834717, 0.27654320001602173]","[6, 11, 10, 4, 7, 1, 12, 14, 8, 9, 2, 0, 5, 3, 13]",C:\Users\Yin Kuan\OneDrive\桌面\Durham_CS\Research\TA-DVFG\results\core_cache_v2\dblp_hard_useful3_seed44_party_preds.pt,2e73289384f52343e400371d12c6bcc67ee3b087e7fd2261e59e72d04e0b5ac6,1,Global Top-k,15.0,1.0,0.0,,1.0,1.0,0.0
DBLP,hard,44,full_mesh,5,0.8666666746139526,0.8710073828697205,0.8617821249102655,0.8617821249102655,0.8746928572654724,0.859950840473175,0,3407880,3407880,243420,3651300,peer_to_peer_topology,all_supervised,supervised,shared_val,all_parties,0,True,all_parties_supervised_simulation,all_parties,all_parties,all_parties_supervised,shared,1.0,810,810,active,0.5,0.8710073828697205,0.3719082732995351,0.3194103240966797,0.2788697779178619,0.8882063627243042,none,0.0,0,15,[],-1.0,-1.0,105,3407880,243420,0,105,0,0,0.0,3,36,66,"[[0,1],[0,2],[0,3],[0,4],[0,5],[0,6],[0,7],[0,8],[0,9],[0,10],[0,11],[0,12],[0,13],[0,14],[1,2],[1,3],[1,4],[1,5],[1,6],[1,7],[1,8],[1,9],[1,10],[1,11],[1,12],[1,13],[1,14],[2,3],[2,4],[2,5],[2,6],[2,7],[2,8],[2,9],[2,10],[2,11],[2,12],[2,13],[2,14],[3,4],[3,5],[3,6],[3,7],[3,8],[3,9],[3,10],[3,11],[3,12],[3,13],[3,14],[4,5],[4,6],[4,7],[4,8],[4,9],[4,10],[4,11],[4,12],[4,13],[4,14],[5,6],[5,7],[5,8],[5,9],[5,10],[5,11],[5,12],[5,13],[5,14],[6,7],[6,8],[6,9],[6,10],[6,11],[6,12],[6,13],[6,14],[7,8],[7,9],[7,10],[7,11],[7,12],[7,13],[7,14],[8,9],[8,10],[8,11],[8,12],[8,13],[8,14],[9,10],[9,11],[9,12],[9,13],[9,14],[10,11],[10,12],[10,13],[10,14],[11,12],[11,13],[11,14],[12,13],[12,14],[13,14]]","[false, false, false, false, false, true, false, false, false, false, true, true, false, false, false]","[""RANDOM"", ""RANDOM"", ""RANDOM"", ""RANDOM"", ""RANDOM"", ""APCPA"", ""RANDOM"", ""RANDOM"", ""RANDOM"", ""RANDOM"", ""APTPA"", ""APA"", ""RANDOM"", ""RANDOM"", ""RANDOM""]","[0.26049381494522095, 0.24320988357067108, 0.25925925374031067, 0.29629629850387573, 0.24938271939754486, 0.8777777552604675, 0.2666666805744171, 0.2469135820865631, 0.2777777910232544, 0.2777777910232544, 0.48148149251937866, 0.47777777910232544, 0.27654320001602173, 0.25432097911834717, 0.27654320001602173]","[6, 11, 10, 4, 7, 1, 12, 14, 8, 9, 2, 0, 5, 3, 13]",C:\Users\Yin Kuan\OneDrive\桌面\Durham_CS\Research\TA-DVFG\results\core_cache_v2\dblp_hard_useful3_seed44_party_preds.pt,2e73289384f52343e400371d12c6bcc67ee3b087e7fd2261e59e72d04e0b5ac6,1,Full Mesh,1.0,15.0,15.0,1.0,15.0,15.0,0.0
DBLP,hard,44,adaptive_pair,5,0.8641975522041321,0.8660933375358582,0.8556692994736462,0.8556692994736462,0.872235894203186,0.8574938774108887,0,486840,486840,243420,730260,peer_to_peer_topology,all_supervised,supervised,shared_val,all_parties,0,True,all_parties_supervised_simulation,all_parties,all_parties,all_parties_supervised,shared,1.0,810,810,active,0.5,0.8660933375358582,0.355855855345726,0.2837837934494018,0.2457002401351928,0.8882063627243042,none,0.0,0,15,[],-1.0,-1.0,15,486840,243420,729000,15,729000,0,1.201809499951196,3,0,12,"[[0,1],[0,4],[1,4],[2,12],[2,13],[3,9],[3,14],[5,10],[5,11],[6,7],[6,13],[7,8],[8,12],[9,14],[10,11]]","[false, false, false, false, false, true, false, false, false, false, true, true, false, false, false]","[""RANDOM"", ""RANDOM"", ""RANDOM"", ""RANDOM"", ""RANDOM"", ""APCPA"", ""RANDOM"", ""RANDOM"", ""RANDOM"", ""RANDOM"", ""APTPA"", ""APA"", ""RANDOM"", ""RANDOM"", ""RANDOM""]","[0.26049381494522095, 0.24320988357067108, 0.25925925374031067, 0.29629629850387573, 0.24938271939754486, 0.8777777552604675, 0.2666666805744171, 0.2469135820865631, 0.2777777910232544, 0.2777777910232544, 0.48148149251937866, 0.47777777910232544, 0.27654320001602173, 0.25432097911834717, 0.27654320001602173]","[6, 11, 10, 4, 7, 1, 12, 14, 8, 9, 2, 0, 5, 3, 13]",C:\Users\Yin Kuan\OneDrive\桌面\Durham_CS\Research\TA-DVFG\results\core_cache_v2\dblp_hard_useful3_seed44_party_preds.pt,2e73289384f52343e400371d12c6bcc67ee3b087e7fd2261e59e72d04e0b5ac6,1,Adaptive Pairwise,4.0,6.0,3.75,3.0,3.0,3.0,0.0
DBLP,hard,44,adaptive_complementarity,5,0.8567901253700256,0.8648648858070374,0.8548997164717614,0.8548997164717614,0.8648648858070374,0.8574938774108887,0,454384,454384,227192,681576,peer_to_peer_topology,all_supervised,supervised,shared_val,all_parties,0,True,all_parties_supervised_simulation,all_parties,all_parties,all_parties_supervised,shared,1.0,810,810,active,0.5,0.8648648858070374,0.35831285516421,0.2727272808551788,0.2432432472705841,0.8918918967247009,none,0.0,0,15,[],-1.0,-1.0,14,454384,227192,729000,14,729000,0,1.4578046999813523,1,4,9,"[[0,2],[0,7],[1,5],[1,9],[2,7],[3,6],[3,12],[5,13],[6,14],[8,9],[8,13],[10,11],[10,12],[11,14]]","[false, false, false, false, false, true, false, false, false, false, true, true, false, false, false]","[""RANDOM"", ""RANDOM"", ""RANDOM"", ""RANDOM"", ""RANDOM"", ""APCPA"", ""RANDOM"", ""RANDOM"", ""RANDOM"", ""RANDOM"", ""APTPA"", ""APA"", ""RANDOM"", ""RANDOM"", ""RANDOM""]","[0.26049381494522095, 0.24320988357067108, 0.25925925374031067, 0.29629629850387573, 0.24938271939754486, 0.8777777552604675, 0.2666666805744171, 0.2469135820865631, 0.2777777910232544, 0.2777777910232544, 0.48148149251937866, 0.47777777910232544, 0.27654320001602173, 0.25432097911834717, 0.27654320001602173]","[6, 11, 10, 4, 7, 1, 12, 14, 8, 9, 2, 0, 5, 3, 13]",C:\Users\Yin Kuan\OneDrive\桌面\Durham_CS\Research\TA-DVFG\results\core_cache_v2\dblp_hard_useful3_seed44_party_preds.pt,2e73289384f52343e400371d12c6bcc67ee3b087e7fd2261e59e72d04e0b5ac6,1,Adaptive Complementarity,4.0,6.0,4.666666666666667,3.0,2.8666666666666667,2.8666666666666667,0.0
DBLP,hard,44,adaptive_graph_val,5,0.8975308537483215,0.898034393787384,0.8945548880923468,0.8945548880923468,0.9004914164543152,0.8882063627243042,0,162280,162280,97368,259648,peer_to_peer_topology,all_supervised,supervised,shared_val,all_parties,0,True,all_parties_supervised_simulation,all_parties,all_parties,all_parties_supervised,shared,1.0,810,810,active,0.5,0.898034393787384,0.3582309534152348,0.2727272808551788,0.2444717437028885,0.8918918967247009,none,0.0,0,15,[],-1.0,-1.0,5,162280,97368,729000,5,729000,7681,13.28881129999354,1,3,1,"[[3,10],[3,13],[5,11],[5,13],[6,11]]","[false, false, false, false, false, true, false, false, false, false, true, true, false, false, false]","[""RANDOM"", ""RANDOM"", ""RANDOM"", ""RANDOM"", ""RANDOM"", ""APCPA"", ""RANDOM"", ""RANDOM"", ""RANDOM"", ""RANDOM"", ""APTPA"", ""APA"", ""RANDOM"", ""RANDOM"", ""RANDOM""]","[0.26049381494522095, 0.24320988357067108, 0.25925925374031067, 0.29629629850387573, 0.24938271939754486, 0.8777777552604675, 0.2666666805744171, 0.2469135820865631, 0.2777777910232544, 0.2777777910232544, 0.48148149251937866, 0.47777777910232544, 0.27654320001602173, 0.25432097911834717, 0.27654320001602173]","[6, 11, 10, 4, 7, 1, 12, 14, 8, 9, 2, 0, 5, 3, 13]",C:\Users\Yin Kuan\OneDrive\桌面\Durham_CS\Research\TA-DVFG\results\core_cache_v2\dblp_hard_useful3_seed44_party_preds.pt,2e73289384f52343e400371d12c6bcc67ee3b087e7fd2261e59e72d04e0b5ac6,1,TA-DVFG,10.0,6.0,6.0,5.0,1.6666666666666667,1.6666666666666667,0.0
DBLP,hard,45,topk_reliability_vote,5,0.9160493612289428,0.9029483795166016,0.8951754077967938,0.8951754077967938,0.9090909361839294,0.9029483795166016,0,0,0,81140,81140,global_diagnostic,all_supervised,supervised,shared_val,all_parties,0,True,all_parties_supervised_simulation,all_parties,all_parties,all_parties_supervised,shared,1.0,810,810,active,0.5,0.9029483795166016,0.3334152311086654,0.2665847539901733,0.2346437275409698,0.9004914164543152,none,0.0,0,15,[],-1.0,-1.0,0,0,81140,0,0,0,0,0.0,0,0,0,[],"[false, false, false, false, true, true, false, false, true, false, false, false, false, false, false]","[""RANDOM"", ""RANDOM"", ""RANDOM"", ""RANDOM"", ""APTPA"", ""APCPA"", ""RANDOM"", ""RANDOM"", ""APA"", ""RANDOM"", ""RANDOM"", ""RANDOM"", ""RANDOM"", ""RANDOM"", ""RANDOM""]","[0.26419752836227417, 0.26049381494522095, 0.22469136118888855, 0.2679012417793274, 0.490123450756073, 0.8962963223457336, 0.26419752836227417, 0.2530864179134369, 0.4604938328266144, 0.27530863881111145, 0.27654320001602173, 0.2617284059524536, 0.26049381494522095, 0.2567901313304901, 0.2617284059524536]","[10, 13, 11, 14, 2, 1, 5, 12, 0, 9, 8, 3, 4, 7, 6]",C:\Users\Yin Kuan\OneDrive\桌面\Durham_CS\Research\TA-DVFG\results\core_cache_v2\dblp_hard_useful3_seed45_party_preds.pt,399a140f01408e25854b25f915b03f16234b3c77159f696f44d0b146390253b9,1,Global Top-k,15.0,1.0,0.0,,1.0,1.0,0.0
DBLP,hard,45,full_mesh,5,0.8901234865188599,0.8808353543281555,0.8717381895542153,0.8717381895542153,0.8820638656616211,0.8734643459320068,0,3407880,3407880,243420,3651300,peer_to_peer_topology,all_supervised,supervised,shared_val,all_parties,0,True,all_parties_supervised_simulation,all_parties,all_parties,all_parties_supervised,shared,1.0,810,810,active,0.5,0.8808353543281555,0.382391482591629,0.2837837934494018,0.2714987695217132,0.8918918967247009,none,0.0,0,15,[],-1.0,-1.0,105,3407880,243420,0,105,0,0,0.0,3,36,66,"[[0,1],[0,2],[0,3],[0,4],[0,5],[0,6],[0,7],[0,8],[0,9],[0,10],[0,11],[0,12],[0,13],[0,14],[1,2],[1,3],[1,4],[1,5],[1,6],[1,7],[1,8],[1,9],[1,10],[1,11],[1,12],[1,13],[1,14],[2,3],[2,4],[2,5],[2,6],[2,7],[2,8],[2,9],[2,10],[2,11],[2,12],[2,13],[2,14],[3,4],[3,5],[3,6],[3,7],[3,8],[3,9],[3,10],[3,11],[3,12],[3,13],[3,14],[4,5],[4,6],[4,7],[4,8],[4,9],[4,10],[4,11],[4,12],[4,13],[4,14],[5,6],[5,7],[5,8],[5,9],[5,10],[5,11],[5,12],[5,13],[5,14],[6,7],[6,8],[6,9],[6,10],[6,11],[6,12],[6,13],[6,14],[7,8],[7,9],[7,10],[7,11],[7,12],[7,13],[7,14],[8,9],[8,10],[8,11],[8,12],[8,13],[8,14],[9,10],[9,11],[9,12],[9,13],[9,14],[10,11],[10,12],[10,13],[10,14],[11,12],[11,13],[11,14],[12,13],[12,14],[13,14]]","[false, false, false, false, true, true, false, false, true, false, false, false, false, false, false]","[""RANDOM"", ""RANDOM"", ""RANDOM"", ""RANDOM"", ""APTPA"", ""APCPA"", ""RANDOM"", ""RANDOM"", ""APA"", ""RANDOM"", ""RANDOM"", ""RANDOM"", ""RANDOM"", ""RANDOM"", ""RANDOM""]","[0.26419752836227417, 0.26049381494522095, 0.22469136118888855, 0.2679012417793274, 0.490123450756073, 0.8962963223457336, 0.26419752836227417, 0.2530864179134369, 0.4604938328266144, 0.27530863881111145, 0.27654320001602173, 0.2617284059524536, 0.26049381494522095, 0.2567901313304901, 0.2617284059524536]","[10, 13, 11, 14, 2, 1, 5, 12, 0, 9, 8, 3, 4, 7, 6]",C:\Users\Yin Kuan\OneDrive\桌面\Durham_CS\Research\TA-DVFG\results\core_cache_v2\dblp_hard_useful3_seed45_party_preds.pt,399a140f01408e25854b25f915b03f16234b3c77159f696f44d0b146390253b9,1,Full Mesh,1.0,15.0,15.0,1.0,15.0,15.0,0.0
DBLP,hard,45,adaptive_pair,5,0.8925926089286804,0.8808353543281555,0.8711849916765769,0.8711849916765769,0.8832923769950867,0.8783783912658691,0,454384,454384,227192,681576,peer_to_peer_topology,all_supervised,supervised,shared_val,all_parties,0,True,all_parties_supervised_simulation,all_parties,all_parties,all_parties_supervised,shared,1.0,810,810,active,0.5,0.8808353543281555,0.3646191577116648,0.2555282413959503,0.2420147359371185,0.8894348740577698,none,0.0,0,15,[],-1.0,-1.0,14,454384,227192,729000,14,729000,0,1.8166262000013376,3,0,11,"[[0,9],[0,14],[1,10],[1,12],[3,9],[3,11],[4,5],[4,8],[5,8],[6,11],[6,13],[7,13],[7,14],[10,12]]","[false, false, false, false, true, true, false, false, true, false, false, false, false, false, false]","[""RANDOM"", ""RANDOM"", ""RANDOM"", ""RANDOM"", ""APTPA"", ""APCPA"", ""RANDOM"", ""RANDOM"", ""APA"", ""RANDOM"", ""RANDOM"", ""RANDOM"", ""RANDOM"", ""RANDOM"", ""RANDOM""]","[0.26419752836227417, 0.26049381494522095, 0.22469136118888855, 0.2679012417793274, 0.490123450756073, 0.8962963223457336, 0.26419752836227417, 0.2530864179134369, 0.4604938328266144, 0.27530863881111145, 0.27654320001602173, 0.2617284059524536, 0.26049381494522095, 0.2567901313304901, 0.2617284059524536]","[10, 13, 11, 14, 2, 1, 5, 12, 0, 9, 8, 3, 4, 7, 6]",C:\Users\Yin Kuan\OneDrive\桌面\Durham_CS\Research\TA-DVFG\results\core_cache_v2\dblp_hard_useful3_seed45_party_preds.pt,399a140f01408e25854b25f915b03f16234b3c77159f696f44d0b146390253b9,1,Adaptive Pairwise,4.0,8.0,4.666666666666667,4.0,2.8666666666666667,2.8666666666666667,0.0
DBLP,hard,45,adaptive_complementarity,5,0.8888888955116272,0.875921368598938,0.8648313768794244,0.8648313768794244,0.8796069025993347,0.875921368598938,0,454384,454384,227192,681576,peer_to_peer_topology,all_supervised,supervised,shared_val,all_parties,0,True,all_parties_supervised_simulation,all_parties,all_parties,all_parties_supervised,shared,1.0,810,810,active,0.5,0.875921368598938,0.3636363625526428,0.2530712485313415,0.2346437275409698,0.8931204080581665,none,0.0,0,15,[],-1.0,-1.0,14,454384,227192,729000,14,729000,0,1.8897696000058204,1,4,9,"[[0,1],[0,7],[1,5],[3,9],[3,14],[4,8],[4,14],[5,13],[6,10],[6,11],[7,13],[8,11],[9,12],[10,12]]","[false, false, false, false, true, true, false, false, true, false, false, false, false, false, false]","[""RANDOM"", ""RANDOM"", ""RANDOM"", ""RANDOM"", ""APTPA"", ""APCPA"", ""RANDOM"", ""RANDOM"", ""APA"", ""RANDOM"", ""RANDOM"", ""RANDOM"", ""RANDOM"", ""RANDOM"", ""RANDOM""]","[0.26419752836227417, 0.26049381494522095, 0.22469136118888855, 0.2679012417793274, 0.490123450756073, 0.8962963223457336, 0.26419752836227417, 0.2530864179134369, 0.4604938328266144, 0.27530863881111145, 0.27654320001602173, 0.2617284059524536, 0.26049381494522095, 0.2567901313304901, 0.2617284059524536]","[10, 13, 11, 14, 2, 1, 5, 12, 0, 9, 8, 3, 4, 7, 6]",C:\Users\Yin Kuan\OneDrive\桌面\Durham_CS\Research\TA-DVFG\results\core_cache_v2\dblp_hard_useful3_seed45_party_preds.pt,399a140f01408e25854b25f915b03f16234b3c77159f696f44d0b146390253b9,1,Adaptive Complementarity,3.0,9.0,7.0,4.0,2.8666666666666667,2.8666666666666667,0.0
DBLP,hard,45,adaptive_graph_val,5,0.914814829826355,0.9054054021835328,0.8982910334751982,0.8982910334751982,0.9115478992462158,0.9066339135169984,0,162280,162280,81140,243420,peer_to_peer_topology,all_supervised,supervised,shared_val,all_parties,0,True,all_parties_supervised_simulation,all_parties,all_parties,all_parties_supervised,shared,1.0,810,810,active,0.5,0.9054054021835328,0.361261260509491,0.2604422569274902,0.2506142556667328,0.8955773711204529,none,0.0,0,15,[],-1.0,-1.0,5,162280,81140,729000,5,729000,7574,13.406029900012072,1,2,2,"[[3,8],[3,14],[5,7],[5,8],[7,14]]","[false, false, false, false, true, true, false, false, true, false, false, false, false, false, false]","[""RANDOM"", ""RANDOM"", ""RANDOM"", ""RANDOM"", ""APTPA"", ""APCPA"", ""RANDOM"", ""RANDOM"", ""APA"", ""RANDOM"", ""RANDOM"", ""RANDOM"", ""RANDOM"", ""RANDOM"", ""RANDOM""]","[0.26419752836227417, 0.26049381494522095, 0.22469136118888855, 0.2679012417793274, 0.490123450756073, 0.8962963223457336, 0.26419752836227417, 0.2530864179134369, 0.4604938328266144, 0.27530863881111145, 0.27654320001602173, 0.2617284059524536, 0.26049381494522095, 0.2567901313304901, 0.2617284059524536]","[10, 13, 11, 14, 2, 1, 5, 12, 0, 9, 8, 3, 4, 7, 6]",C:\Users\Yin Kuan\OneDrive\桌面\Durham_CS\Research\TA-DVFG\results\core_cache_v2\dblp_hard_useful3_seed45_party_preds.pt,399a140f01408e25854b25f915b03f16234b3c77159f696f44d0b146390253b9,1,TA-DVFG,11.0,5.0,5.0,2.0,1.6666666666666667,1.6666666666666667,0.0
DBLP,hard,46,topk_reliability_vote,5,0.906172811985016,0.9054054021835328,0.8968859300216505,0.8968859300216505,0.9115478992462158,0.9054054021835328,0,0,0,81140,81140,global_diagnostic,all_supervised,supervised,shared_val,all_parties,0,True,all_parties_supervised_simulation,all_parties,all_parties,all_parties_supervised,shared,1.0,810,810,active,0.5,0.9054054021835328,0.3285831292470296,0.2506142556667328,0.232186734676361,0.8869779109954834,none,0.0,0,15,[],-1.0,-1.0,0,0,81140,0,0,0,0,0.0,0,0,0,[],"[false, false, true, false, true, false, false, false, true, false, false, false, false, false, false]","[""RANDOM"", ""RANDOM"", ""APA"", ""RANDOM"", ""APCPA"", ""RANDOM"", ""RANDOM"", ""RANDOM"", ""APTPA"", ""RANDOM"", ""RANDOM"", ""RANDOM"", ""RANDOM"", ""RANDOM"", ""RANDOM""]","[0.2481481432914734, 0.23827160894870758, 0.48641976714134216, 0.29506173729896545, 0.8987654447555542, 0.2716049253940582, 0.2567901313304901, 0.24444444477558136, 0.48271605372428894, 0.2629629671573639, 0.27037036418914795, 0.287654310464859, 0.24320988357067108, 0.2617284059524536, 0.27037036418914795]","[4, 9, 0, 5, 1, 8, 11, 12, 2, 14, 13, 7, 10, 6, 3]",C:\Users\Yin Kuan\OneDrive\桌面\Durham_CS\Research\TA-DVFG\results\core_cache_v2\dblp_hard_useful3_seed46_party_preds.pt,801d567b5ea67b4c764d91181c240c9589aac4b0bcac9428d249291a7c4e8e59,1,Global Top-k,15.0,1.0,0.0,,1.0,1.0,0.0
DBLP,hard,46,full_mesh,5,0.8814814686775208,0.8808353543281555,0.8661065509632648,0.8661065509632648,0.8808353543281555,0.8636363744735718,0,3407880,3407880,243420,3651300,peer_to_peer_topology,all_supervised,supervised,shared_val,all_parties,0,True,all_parties_supervised_simulation,all_parties,all_parties,all_parties_supervised,shared,1.0,810,810,active,0.5,0.8808353543281555,0.3710073709487915,0.2886977791786194,0.2678132653236389,0.8857493996620178,none,0.0,0,15,[],-1.0,-1.0,105,3407880,243420,0,105,0,0,0.0,3,36,66,"[[0,1],[0,2],[0,3],[0,4],[0,5],[0,6],[0,7],[0,8],[0,9],[0,10],[0,11],[0,12],[0,13],[0,14],[1,2],[1,3],[1,4],[1,5],[1,6],[1,7],[1,8],[1,9],[1,10],[1,11],[1,12],[1,13],[1,14],[2,3],[2,4],[2,5],[2,6],[2,7],[2,8],[2,9],[2,10],[2,11],[2,12],[2,13],[2,14],[3,4],[3,5],[3,6],[3,7],[3,8],[3,9],[3,10],[3,11],[3,12],[3,13],[3,14],[4,5],[4,6],[4,7],[4,8],[4,9],[4,10],[4,11],[4,12],[4,13],[4,14],[5,6],[5,7],[5,8],[5,9],[5,10],[5,11],[5,12],[5,13],[5,14],[6,7],[6,8],[6,9],[6,10],[6,11],[6,12],[6,13],[6,14],[7,8],[7,9],[7,10],[7,11],[7,12],[7,13],[7,14],[8,9],[8,10],[8,11],[8,12],[8,13],[8,14],[9,10],[9,11],[9,12],[9,13],[9,14],[10,11],[10,12],[10,13],[10,14],[11,12],[11,13],[11,14],[12,13],[12,14],[13,14]]","[false, false, true, false, true, false, false, false, true, false, false, false, false, false, false]","[""RANDOM"", ""RANDOM"", ""APA"", ""RANDOM"", ""APCPA"", ""RANDOM"", ""RANDOM"", ""RANDOM"", ""APTPA"", ""RANDOM"", ""RANDOM"", ""RANDOM"", ""RANDOM"", ""RANDOM"", ""RANDOM""]","[0.2481481432914734, 0.23827160894870758, 0.48641976714134216, 0.29506173729896545, 0.8987654447555542, 0.2716049253940582, 0.2567901313304901, 0.24444444477558136, 0.48271605372428894, 0.2629629671573639, 0.27037036418914795, 0.287654310464859, 0.24320988357067108, 0.2617284059524536, 0.27037036418914795]","[4, 9, 0, 5, 1, 8, 11, 12, 2, 14, 13, 7, 10, 6, 3]",C:\Users\Yin Kuan\OneDrive\桌面\Durham_CS\Research\TA-DVFG\results\core_cache_v2\dblp_hard_useful3_seed46_party_preds.pt,801d567b5ea67b4c764d91181c240c9589aac4b0bcac9428d249291a7c4e8e59,1,Full Mesh,1.0,15.0,15.0,1.0,15.0,15.0,0.0
DBLP,hard,46,adaptive_pair,5,0.8790123462677002,0.8783783912658691,0.8632124239265337,0.8632124239265337,0.8783783912658691,0.8574938774108887,0,486840,486840,243420,730260,peer_to_peer_topology,all_supervised,supervised,shared_val,all_parties,0,True,all_parties_supervised_simulation,all_parties,all_parties,all_parties_supervised,shared,1.0,810,810,active,0.5,0.8783783912658691,0.3547092517217,0.2457002401351928,0.2248157262802124,0.8845208883285522,none,0.0,0,15,[],-1.0,-1.0,15,486840,243420,729000,15,729000,0,1.7896220000402536,3,0,12,"[[0,6],[0,7],[1,7],[1,12],[2,4],[2,8],[3,5],[3,14],[4,8],[5,10],[6,12],[9,11],[9,13],[10,13],[11,14]]","[false, false, true, false, true, false, false, false, true, false, false, false, false, false, false]","[""RANDOM"", ""RANDOM"", ""APA"", ""RANDOM"", ""APCPA"", ""RANDOM"", ""RANDOM"", ""RANDOM"", ""APTPA"", ""RANDOM"", ""RANDOM"", ""RANDOM"", ""RANDOM"", ""RANDOM"", ""RANDOM""]","[0.2481481432914734, 0.23827160894870758, 0.48641976714134216, 0.29506173729896545, 0.8987654447555542, 0.2716049253940582, 0.2567901313304901, 0.24444444477558136, 0.48271605372428894, 0.2629629671573639, 0.27037036418914795, 0.287654310464859, 0.24320988357067108, 0.2617284059524536, 0.27037036418914795]","[4, 9, 0, 5, 1, 8, 11, 12, 2, 14, 13, 7, 10, 6, 3]",C:\Users\Yin Kuan\OneDrive\桌面\Durham_CS\Research\TA-DVFG\results\core_cache_v2\dblp_hard_useful3_seed46_party_preds.pt,801d567b5ea67b4c764d91181c240c9589aac4b0bcac9428d249291a7c4e8e59,1,Adaptive Pairwise,3.0,7.0,5.0,3.0,3.0,3.0,0.0
DBLP,hard,46,adaptive_complementarity,5,0.8765432238578796,0.8685503602027893,0.8525352551058932,0.8525352551058932,0.8710073828697205,0.8513513803482056,0,486840,486840,243420,730260,peer_to_peer_topology,all_supervised,supervised,shared_val,all_parties,0,True,all_parties_supervised_simulation,all_parties,all_parties,all_parties_supervised,shared,1.0,810,810,active,0.5,0.8685503602027893,0.3557739535967509,0.2457002401351928,0.2358722388744354,0.8832923769950867,none,0.0,0,15,[],-1.0,-1.0,15,486840,243420,729000,15,729000,0,1.5312401999981375,1,4,10,"[[0,6],[0,7],[1,7],[1,9],[2,8],[2,11],[3,5],[3,8],[4,10],[4,12],[5,10],[6,12],[9,13],[11,14],[13,14]]","[false, false, true, false, true, false, false, false, true, false, false, false, false, false, false]","[""RANDOM"", ""RANDOM"", ""APA"", ""RANDOM"", ""APCPA"", ""RANDOM"", ""RANDOM"", ""RANDOM"", ""APTPA"", ""RANDOM"", ""RANDOM"", ""RANDOM"", ""RANDOM"", ""RANDOM"", ""RANDOM""]","[0.2481481432914734, 0.23827160894870758, 0.48641976714134216, 0.29506173729896545, 0.8987654447555542, 0.2716049253940582, 0.2567901313304901, 0.24444444477558136, 0.48271605372428894, 0.2629629671573639, 0.27037036418914795, 0.287654310464859, 0.24320988357067108, 0.2617284059524536, 0.27037036418914795]","[4, 9, 0, 5, 1, 8, 11, 12, 2, 14, 13, 7, 10, 6, 3]",C:\Users\Yin Kuan\OneDrive\桌面\Durham_CS\Research\TA-DVFG\results\core_cache_v2\dblp_hard_useful3_seed46_party_preds.pt,801d567b5ea67b4c764d91181c240c9589aac4b0bcac9428d249291a7c4e8e59,1,Adaptive Complementarity,1.0,15.0,15.0,7.0,3.0,3.0,0.0
DBLP,hard,46,adaptive_graph_val,5,0.9098765254020692,0.9066339135169984,0.9011256552232764,0.9011256552232764,0.907862424850464,0.8968058824539185,0,162280,162280,81140,243420,peer_to_peer_topology,all_supervised,supervised,shared_val,all_parties,0,True,all_parties_supervised_simulation,all_parties,all_parties,all_parties_supervised,shared,1.0,810,810,active,0.5,0.9066339135169984,0.356838654478391,0.2407862395048141,0.2407862395048141,0.8918918967247009,none,0.0,0,15,[],-1.0,-1.0,5,162280,81140,729000,5,729000,7746,12.926896200035117,1,2,2,"[[1,4],[1,14],[2,4],[2,13],[13,14]]","[false, false, true, false, true, false, false, false, true, false, false, false, false, false, false]","[""RANDOM"", ""RANDOM"", ""APA"", ""RANDOM"", ""APCPA"", ""RANDOM"", ""RANDOM"", ""RANDOM"", ""APTPA"", ""RANDOM"", ""RANDOM"", ""RANDOM"", ""RANDOM"", ""RANDOM"", ""RANDOM""]","[0.2481481432914734, 0.23827160894870758, 0.48641976714134216, 0.29506173729896545, 0.8987654447555542, 0.2716049253940582, 0.2567901313304901, 0.24444444477558136, 0.48271605372428894, 0.2629629671573639, 0.27037036418914795, 0.287654310464859, 0.24320988357067108, 0.2617284059524536, 0.27037036418914795]","[4, 9, 0, 5, 1, 8, 11, 12, 2, 14, 13, 7, 10, 6, 3]",C:\Users\Yin Kuan\OneDrive\桌面\Durham_CS\Research\TA-DVFG\results\core_cache_v2\dblp_hard_useful3_seed46_party_preds.pt,801d567b5ea67b4c764d91181c240c9589aac4b0bcac9428d249291a7c4e8e59,1,TA-DVFG,11.0,5.0,5.0,2.0,1.6666666666666667,1.6666666666666667,0.0
DBLP,hard,42,full_mesh,5,0.8814814686775208,0.8648648858070374,0.8492971556961271,0.8492971556961271,0.8648648858070374,0.8439803719520569,0,6815760,6815760,243420,7059180,peer_to_peer_topology,all_supervised,supervised,shared_val,all_parties,0,True,all_parties_supervised_simulation,all_parties,all_parties,all_parties_supervised,shared,1.0,810,810,active,0.5,0.8648648858070374,0.4271089295546214,0.3648648560047149,0.3255528211593628,0.8746928572654724,none,0.0,0,15,[],-1.0,-1.0,105,6815760,243420,0,105,0,0,0.0,3,36,66,"[[0,1],[0,2],[0,3],[0,4],[0,5],[0,6],[0,7],[0,8],[0,9],[0,10],[0,11],[0,12],[0,13],[0,14],[1,2],[1,3],[1,4],[1,5],[1,6],[1,7],[1,8],[1,9],[1,10],[1,11],[1,12],[1,13],[1,14],[2,3],[2,4],[2,5],[2,6],[2,7],[2,8],[2,9],[2,10],[2,11],[2,12],[2,13],[2,14],[3,4],[3,5],[3,6],[3,7],[3,8],[3,9],[3,10],[3,11],[3,12],[3,13],[3,14],[4,5],[4,6],[4,7],[4,8],[4,9],[4,10],[4,11],[4,12],[4,13],[4,14],[5,6],[5,7],[5,8],[5,9],[5,10],[5,11],[5,12],[5,13],[5,14],[6,7],[6,8],[6,9],[6,10],[6,11],[6,12],[6,13],[6,14],[7,8],[7,9],[7,10],[7,11],[7,12],[7,13],[7,14],[8,9],[8,10],[8,11],[8,12],[8,13],[8,14],[9,10],[9,11],[9,12],[9,13],[9,14],[10,11],[10,12],[10,13],[10,14],[11,12],[11,13],[11,14],[12,13],[12,14],[13,14]]","[false, false, true, false, false, false, true, false, true, false, false, false, false, false, false]","[""RANDOM"", ""RANDOM"", ""APCPA"", ""RANDOM"", ""RANDOM"", ""RANDOM"", ""APTPA"", ""RANDOM"", ""APA"", ""RANDOM"", ""RANDOM"", ""RANDOM"", ""RANDOM"", ""RANDOM"", ""RANDOM""]","[0.2716049253940582, 0.28024691343307495, 0.8913580179214478, 0.2679012417793274, 0.2716049253940582, 0.28148147463798523, 0.4654321074485779, 0.25925925374031067, 0.5111111402511597, 0.2419753074645996, 0.26419752836227417, 0.2617284059524536, 0.25061729550361633, 0.30987653136253357, 0.24938271939754486]","[9, 12, 1, 13, 3, 8, 2, 4, 0, 11, 6, 10, 14, 5, 7]",C:\Users\Yin Kuan\OneDrive\桌面\Durham_CS\Research\TA-DVFG\results\core_cache_v2\dblp_hard_useful3_seed42_party_preds.pt,39e4cf6382caa8e42920e91ba9db9bec9c549cdaf71c70b6d61fa0cbe1032260,2,Full Mesh,1.0,15.0,15.0,1.0,15.0,15.0,0.0
DBLP,hard,42,adaptive_pair,5,0.8790123462677002,0.8624078631401062,0.845603318028106,0.845603318028106,0.8636363744735718,0.8390663266181946,0,908768,908768,227192,1135960,peer_to_peer_topology,all_supervised,supervised,shared_val,all_parties,0,True,all_parties_supervised_simulation,all_parties,all_parties,all_parties_supervised,shared,1.0,810,810,active,0.5,0.8624078631401062,0.3725634733835856,0.2616707682609558,0.2444717437028885,0.8783783912658691,none,0.0,0,15,[],-1.0,-1.0,14,908768,227192,729000,14,729000,0,1.453347400019993,3,0,11,"[[0,4],[0,9],[1,7],[1,14],[2,6],[2,8],[3,12],[3,14],[4,5],[5,13],[6,8],[7,13],[9,11],[11,12]]","[false, false, true, false, false, false, true, false, true, false, false, false, false, false, false]","[""RANDOM"", ""RANDOM"", ""APCPA"", ""RANDOM"", ""RANDOM"", ""RANDOM"", ""APTPA"", ""RANDOM"", ""APA"", ""RANDOM"", ""RANDOM"", ""RANDOM"", ""RANDOM"", ""RANDOM"", ""RANDOM""]","[0.2716049253940582, 0.28024691343307495, 0.8913580179214478, 0.2679012417793274, 0.2716049253940582, 0.28148147463798523, 0.4654321074485779, 0.25925925374031067, 0.5111111402511597, 0.2419753074645996, 0.26419752836227417, 0.2617284059524536, 0.25061729550361633, 0.30987653136253357, 0.24938271939754486]","[9, 12, 1, 13, 3, 8, 2, 4, 0, 11, 6, 10, 14, 5, 7]",C:\Users\Yin Kuan\OneDrive\桌面\Durham_CS\Research\TA-DVFG\results\core_cache_v2\dblp_hard_useful3_seed42_party_preds.pt,39e4cf6382caa8e42920e91ba9db9bec9c549cdaf71c70b6d61fa0cbe1032260,2,Adaptive Pairwise,3.0,11.0,7.0,5.0,2.8666666666666667,4.333333333333333,0.7333333333333333
DBLP,hard,42,adaptive_complementarity,5,0.8629629611968994,0.8452088236808777,0.8225165497658595,0.8225165497658595,0.8464373350143433,0.8316953182220459,0,908768,908768,227192,1135960,peer_to_peer_topology,all_supervised,supervised,shared_val,all_parties,0,True,all_parties_supervised_simulation,all_parties,all_parties,all_parties_supervised,shared,1.0,810,810,active,0.5,0.8452088236808777,0.3879606902599334,0.2690417766571045,0.2457002401351928,0.8796069025993347,none,0.0,0,15,[],-1.0,-1.0,14,908768,227192,729000,14,729000,0,1.0360160000418546,1,4,9,"[[0,1],[0,4],[1,14],[2,10],[2,12],[3,7],[3,12],[4,5],[5,13],[6,8],[6,14],[7,11],[8,13],[10,11]]","[false, false, true, false, false, false, true, false, true, false, false, false, false, false, false]","[""RANDOM"", ""RANDOM"", ""APCPA"", ""RANDOM"", ""RANDOM"", ""RANDOM"", ""APTPA"", ""RANDOM"", ""APA"", ""RANDOM"", ""RANDOM"", ""RANDOM"", ""RANDOM"", ""RANDOM"", ""RANDOM""]","[0.2716049253940582, 0.28024691343307495, 0.8913580179214478, 0.2679012417793274, 0.2716049253940582, 0.28148147463798523, 0.4654321074485779, 0.25925925374031067, 0.5111111402511597, 0.2419753074645996, 0.26419752836227417, 0.2617284059524536, 0.25061729550361633, 0.30987653136253357, 0.24938271939754486]","[9, 12, 1, 13, 3, 8, 2, 4, 0, 11, 6, 10, 14, 5, 7]",C:\Users\Yin Kuan\OneDrive\桌面\Durham_CS\Research\TA-DVFG\results\core_cache_v2\dblp_hard_useful3_seed42_party_preds.pt,39e4cf6382caa8e42920e91ba9db9bec9c549cdaf71c70b6d61fa0cbe1032260,2,Adaptive Complementarity,3.0,8.0,7.0,4.0,2.8666666666666667,4.733333333333333,0.9333333333333333
DBLP,hard,42,adaptive_graph_val,5,0.9160493612289428,0.8845208883285522,0.8728846508252774,0.8728846508252774,0.8918918967247009,0.8918918967247009,0,324560,324560,97368,421928,peer_to_peer_topology,all_supervised,supervised,shared_val,all_parties,0,True,all_parties_supervised_simulation,all_parties,all_parties,all_parties_supervised,shared,1.0,810,810,active,0.5,0.8845208883285522,0.3606879572073618,0.2714987695217132,0.2493857443332672,0.8771498799324036,none,0.0,0,15,[],-1.0,-1.0,5,324560,97368,729000,5,729000,7695,16.71033809996152,1,1,3,"[[0,7],[0,14],[2,8],[4,7],[4,8]]","[false, false, true, false, false, false, true, false, true, false, false, false, false, false, false]","[""RANDOM"", ""RANDOM"", ""APCPA"", ""RANDOM"", ""RANDOM"", ""RANDOM"", ""APTPA"", ""RANDOM"", ""APA"", ""RANDOM"", ""RANDOM"", ""RANDOM"", ""RANDOM"", ""RANDOM"", ""RANDOM""]","[0.2716049253940582, 0.28024691343307495, 0.8913580179214478, 0.2679012417793274, 0.2716049253940582, 0.28148147463798523, 0.4654321074485779, 0.25925925374031067, 0.5111111402511597, 0.2419753074645996, 0.26419752836227417, 0.2617284059524536, 0.25061729550361633, 0.30987653136253357, 0.24938271939754486]","[9, 12, 1, 13, 3, 8, 2, 4, 0, 11, 6, 10, 14, 5, 7]",C:\Users\Yin Kuan\OneDrive\桌面\Durham_CS\Research\TA-DVFG\results\core_cache_v2\dblp_hard_useful3_seed42_party_preds.pt,39e4cf6382caa8e42920e91ba9db9bec9c549cdaf71c70b6d61fa0cbe1032260,2,TA-DVFG,10.0,6.0,6.0,5.0,1.6666666666666667,2.2,0.4
DBLP,hard,43,full_mesh,5,0.8975308537483215,0.9029483795166016,0.8938707880813144,0.8938707880813144,0.9029483795166016,0.8857493996620178,0,6815760,6815760,243420,7059180,peer_to_peer_topology,all_supervised,supervised,shared_val,all_parties,0,True,all_parties_supervised_simulation,all_parties,all_parties,all_parties_supervised,shared,1.0,810,810,active,0.5,0.9029483795166016,0.4420966426531473,0.3697788715362549,0.3427518308162689,0.9250614047050476,none,0.0,0,15,[],-1.0,-1.0,105,6815760,243420,0,105,0,0,0.0,3,36,66,"[[0,1],[0,2],[0,3],[0,4],[0,5],[0,6],[0,7],[0,8],[0,9],[0,10],[0,11],[0,12],[0,13],[0,14],[1,2],[1,3],[1,4],[1,5],[1,6],[1,7],[1,8],[1,9],[1,10],[1,11],[1,12],[1,13],[1,14],[2,3],[2,4],[2,5],[2,6],[2,7],[2,8],[2,9],[2,10],[2,11],[2,12],[2,13],[2,14],[3,4],[3,5],[3,6],[3,7],[3,8],[3,9],[3,10],[3,11],[3,12],[3,13],[3,14],[4,5],[4,6],[4,7],[4,8],[4,9],[4,10],[4,11],[4,12],[4,13],[4,14],[5,6],[5,7],[5,8],[5,9],[5,10],[5,11],[5,12],[5,13],[5,14],[6,7],[6,8],[6,9],[6,10],[6,11],[6,12],[6,13],[6,14],[7,8],[7,9],[7,10],[7,11],[7,12],[7,13],[7,14],[8,9],[8,10],[8,11],[8,12],[8,13],[8,14],[9,10],[9,11],[9,12],[9,13],[9,14],[10,11],[10,12],[10,13],[10,14],[11,12],[11,13],[11,14],[12,13],[12,14],[13,14]]","[false, false, false, false, false, false, false, true, false, false, false, true, true, false, false]","[""RANDOM"", ""RANDOM"", ""RANDOM"", ""RANDOM"", ""RANDOM"", ""RANDOM"", ""RANDOM"", ""APCPA"", ""RANDOM"", ""RANDOM"", ""RANDOM"", ""APA"", ""APTPA"", ""RANDOM"", ""RANDOM""]","[0.28148147463798523, 0.2839506268501282, 0.2617284059524536, 0.25432097911834717, 0.2777777910232544, 0.2716049253940582, 0.2567901313304901, 0.914814829826355, 0.27654320001602173, 0.2530864179134369, 0.25432097911834717, 0.47160494327545166, 0.4543209969997406, 0.25925925374031067, 0.24567900598049164]","[8, 4, 9, 13, 6, 3, 12, 1, 14, 11, 7, 0, 2, 10, 5]",C:\Users\Yin Kuan\OneDrive\桌面\Durham_CS\Research\TA-DVFG\results\core_cache_v2\dblp_hard_useful3_seed43_party_preds.pt,cacde95ed31c0aa1422a61a91fb46c818de87bafbb59d648ebefd33c8b25d4a4,2,Full Mesh,1.0,15.0,15.0,1.0,15.0,15.0,0.0
DBLP,hard,43,adaptive_pair,5,0.8913580179214478,0.8943489193916321,0.8832021477140426,0.8832021477140426,0.8955773711204529,0.875921368598938,0,908768,908768,243420,1152188,peer_to_peer_topology,all_supervised,supervised,shared_val,all_parties,0,True,all_parties_supervised_simulation,all_parties,all_parties,all_parties_supervised,shared,1.0,810,810,active,0.5,0.8943489193916321,0.3847665856281916,0.2751842737197876,0.2420147359371185,0.9226044416427612,none,0.0,0,15,[],-1.0,-1.0,14,908768,243420,729000,14,729000,0,1.445166000019526,3,0,11,"[[0,1],[0,8],[1,4],[2,3],[2,9],[3,13],[4,8],[5,10],[6,13],[6,14],[7,11],[7,12],[9,14],[11,12]]","[false, false, false, false, false, false, false, true, false, false, false, true, true, false, false]","[""RANDOM"", ""RANDOM"", ""RANDOM"", ""RANDOM"", ""RANDOM"", ""RANDOM"", ""RANDOM"", ""APCPA"", ""RANDOM"", ""RANDOM"", ""RANDOM"", ""APA"", ""APTPA"", ""RANDOM"", ""RANDOM""]","[0.28148147463798523, 0.2839506268501282, 0.2617284059524536, 0.25432097911834717, 0.2777777910232544, 0.2716049253940582, 0.2567901313304901, 0.914814829826355, 0.27654320001602173, 0.2530864179134369, 0.25432097911834717, 0.47160494327545166, 0.4543209969997406, 0.25925925374031067, 0.24567900598049164]","[8, 4, 9, 13, 6, 3, 12, 1, 14, 11, 7, 0, 2, 10, 5]",C:\Users\Yin Kuan\OneDrive\桌面\Durham_CS\Research\TA-DVFG\results\core_cache_v2\dblp_hard_useful3_seed43_party_preds.pt,cacde95ed31c0aa1422a61a91fb46c818de87bafbb59d648ebefd33c8b25d4a4,2,Adaptive Pairwise,4.0,6.0,3.75,3.0,2.8666666666666667,3.933333333333333,0.6666666666666666
DBLP,hard,43,adaptive_complementarity,5,0.8876543045043945,0.8783783912658691,0.8600230994906282,0.8600230994906282,0.8943489193916321,0.8710073828697205,0,908768,908768,227192,1135960,peer_to_peer_topology,all_supervised,supervised,shared_val,all_parties,0,True,all_parties_supervised_simulation,all_parties,all_parties,all_parties_supervised,shared,1.0,810,810,active,0.5,0.8783783912658691,0.4020475010077158,0.6081081032752991,0.2395577430725097,0.9189189076423644,none,0.0,0,15,[],-1.0,-1.0,14,908768,227192,729000,14,729000,0,1.090223099992727,1,4,9,"[[0,1],[0,7],[1,8],[2,7],[2,9],[4,13],[4,14],[5,6],[5,10],[6,14],[8,12],[9,10],[11,12],[11,13]]","[false, false, false, false, false, false, false, true, false, false, false, true, true, false, false]","[""RANDOM"", ""RANDOM"", ""RANDOM"", ""RANDOM"", ""RANDOM"", ""RANDOM"", ""RANDOM"", ""APCPA"", ""RANDOM"", ""RANDOM"", ""RANDOM"", ""APA"", ""APTPA"", ""RANDOM"", ""RANDOM""]","[0.28148147463798523, 0.2839506268501282, 0.2617284059524536, 0.25432097911834717, 0.2777777910232544, 0.2716049253940582, 0.2567901313304901, 0.914814829826355, 0.27654320001602173, 0.2530864179134369, 0.25432097911834717, 0.47160494327545166, 0.4543209969997406, 0.25925925374031067, 0.24567900598049164]","[8, 4, 9, 13, 6, 3, 12, 1, 14, 11, 7, 0, 2, 10, 5]",C:\Users\Yin Kuan\OneDrive\桌面\Durham_CS\Research\TA-DVFG\results\core_cache_v2\dblp_hard_useful3_seed43_party_preds.pt,cacde95ed31c0aa1422a61a91fb46c818de87bafbb59d648ebefd33c8b25d4a4,2,Adaptive Complementarity,2.0,14.0,14.0,7.0,2.8666666666666667,4.733333333333333,0.9333333333333333
DBLP,hard,43,adaptive_graph_val,5,0.9271605014801024,0.9176903963088988,0.90999983299268,0.90999983299268,0.9238329529762268,0.9103193879127502,0,324560,324560,81140,405700,peer_to_peer_topology,all_supervised,supervised,shared_val,all_parties,0,True,all_parties_supervised_simulation,all_parties,all_parties,all_parties_supervised,shared,1.0,810,810,active,0.5,0.9176903963088988,0.383865683277448,0.2764127850532532,0.2309582382440567,0.9226044416427612,none,0.0,0,15,[],-1.0,-1.0,5,324560,81140,729000,5,729000,7629,16.391179199999897,1,2,2,"[[0,9],[0,13],[7,9],[7,11],[11,13]]","[false, false, false, false, false, false, false, true, false, false, false, true, true, false, false]","[""RANDOM"", ""RANDOM"", ""RANDOM"", ""RANDOM"", ""RANDOM"", ""RANDOM"", ""RANDOM"", ""APCPA"", ""RANDOM"", ""RANDOM"", ""RANDOM"", ""APA"", ""APTPA"", ""RANDOM"", ""RANDOM""]","[0.28148147463798523, 0.2839506268501282, 0.2617284059524536, 0.25432097911834717, 0.2777777910232544, 0.2716049253940582, 0.2567901313304901, 0.914814829826355, 0.27654320001602173, 0.2530864179134369, 0.25432097911834717, 0.47160494327545166, 0.4543209969997406, 0.25925925374031067, 0.24567900598049164]","[8, 4, 9, 13, 6, 3, 12, 1, 14, 11, 7, 0, 2, 10, 5]",C:\Users\Yin Kuan\OneDrive\桌面\Durham_CS\Research\TA-DVFG\results\core_cache_v2\dblp_hard_useful3_seed43_party_preds.pt,cacde95ed31c0aa1422a61a91fb46c818de87bafbb59d648ebefd33c8b25d4a4,2,TA-DVFG,11.0,5.0,5.0,2.0,1.6666666666666667,2.3333333333333335,0.3333333333333333
DBLP,hard,44,full_mesh,5,0.86543208360672,0.8685503602027893,0.8585107201042393,0.8585107201042393,0.872235894203186,0.8574938774108887,0,6815760,6815760,243420,7059180,peer_to_peer_topology,all_supervised,supervised,shared_val,all_parties,0,True,all_parties_supervised_simulation,all_parties,all_parties,all_parties_supervised,shared,1.0,810,810,active,0.5,0.8685503602027893,0.4176085154215495,0.3771498799324035,0.3157248198986053,0.8882063627243042,none,0.0,0,15,[],-1.0,-1.0,105,6815760,243420,0,105,0,0,0.0,3,36,66,"[[0,1],[0,2],[0,3],[0,4],[0,5],[0,6],[0,7],[0,8],[0,9],[0,10],[0,11],[0,12],[0,13],[0,14],[1,2],[1,3],[1,4],[1,5],[1,6],[1,7],[1,8],[1,9],[1,10],[1,11],[1,12],[1,13],[1,14],[2,3],[2,4],[2,5],[2,6],[2,7],[2,8],[2,9],[2,10],[2,11],[2,12],[2,13],[2,14],[3,4],[3,5],[3,6],[3,7],[3,8],[3,9],[3,10],[3,11],[3,12],[3,13],[3,14],[4,5],[4,6],[4,7],[4,8],[4,9],[4,10],[4,11],[4,12],[4,13],[4,14],[5,6],[5,7],[5,8],[5,9],[5,10],[5,11],[5,12],[5,13],[5,14],[6,7],[6,8],[6,9],[6,10],[6,11],[6,12],[6,13],[6,14],[7,8],[7,9],[7,10],[7,11],[7,12],[7,13],[7,14],[8,9],[8,10],[8,11],[8,12],[8,13],[8,14],[9,10],[9,11],[9,12],[9,13],[9,14],[10,11],[10,12],[10,13],[10,14],[11,12],[11,13],[11,14],[12,13],[12,14],[13,14]]","[false, false, false, false, false, true, false, false, false, false, true, true, false, false, false]","[""RANDOM"", ""RANDOM"", ""RANDOM"", ""RANDOM"", ""RANDOM"", ""APCPA"", ""RANDOM"", ""RANDOM"", ""RANDOM"", ""RANDOM"", ""APTPA"", ""APA"", ""RANDOM"", ""RANDOM"", ""RANDOM""]","[0.26049381494522095, 0.24320988357067108, 0.25925925374031067, 0.29629629850387573, 0.24938271939754486, 0.8777777552604675, 0.2666666805744171, 0.2469135820865631, 0.2777777910232544, 0.2777777910232544, 0.48148149251937866, 0.47777777910232544, 0.27654320001602173, 0.25432097911834717, 0.27654320001602173]","[6, 11, 10, 4, 7, 1, 12, 14, 8, 9, 2, 0, 5, 3, 13]",C:\Users\Yin Kuan\OneDrive\桌面\Durham_CS\Research\TA-DVFG\results\core_cache_v2\dblp_hard_useful3_seed44_party_preds.pt,2e73289384f52343e400371d12c6bcc67ee3b087e7fd2261e59e72d04e0b5ac6,2,Full Mesh,1.0,15.0,15.0,1.0,15.0,15.0,0.0
DBLP,hard,44,adaptive_pair,5,0.8617283701896667,0.8624078631401062,0.850358353201246,0.850358353201246,0.8648648858070374,0.8538083434104919,0,973680,973680,243420,1217100,peer_to_peer_topology,all_supervised,supervised,shared_val,all_parties,0,True,all_parties_supervised_simulation,all_parties,all_parties,all_parties_supervised,shared,1.0,810,810,active,0.5,0.8624078631401062,0.3746928721666336,0.2862407863140106,0.2444717437028885,0.8918918967247009,none,0.0,0,15,[],-1.0,-1.0,15,973680,243420,729000,15,729000,0,1.4675134000135586,3,0,12,"[[0,1],[0,4],[1,4],[2,12],[2,13],[3,9],[3,14],[5,10],[5,11],[6,7],[6,13],[7,8],[8,12],[9,14],[10,11]]","[false, false, false, false, false, true, false, false, false, false, true, true, false, false, false]","[""RANDOM"", ""RANDOM"", ""RANDOM"", ""RANDOM"", ""RANDOM"", ""APCPA"", ""RANDOM"", ""RANDOM"", ""RANDOM"", ""RANDOM"", ""APTPA"", ""APA"", ""RANDOM"", ""RANDOM"", ""RANDOM""]","[0.26049381494522095, 0.24320988357067108, 0.25925925374031067, 0.29629629850387573, 0.24938271939754486, 0.8777777552604675, 0.2666666805744171, 0.2469135820865631, 0.2777777910232544, 0.2777777910232544, 0.48148149251937866, 0.47777777910232544, 0.27654320001602173, 0.25432097911834717, 0.27654320001602173]","[6, 11, 10, 4, 7, 1, 12, 14, 8, 9, 2, 0, 5, 3, 13]",C:\Users\Yin Kuan\OneDrive\桌面\Durham_CS\Research\TA-DVFG\results\core_cache_v2\dblp_hard_useful3_seed44_party_preds.pt,2e73289384f52343e400371d12c6bcc67ee3b087e7fd2261e59e72d04e0b5ac6,2,Adaptive Pairwise,4.0,6.0,3.75,3.0,3.0,3.8,0.4
DBLP,hard,44,adaptive_complementarity,5,0.8506172895431519,0.837837815284729,0.8236159100413023,0.8236159100413023,0.8525798320770264,0.8476658463478088,0,908768,908768,227192,1135960,peer_to_peer_topology,all_supervised,supervised,shared_val,all_parties,0,True,all_parties_supervised_simulation,all_parties,all_parties,all_parties_supervised,shared,1.0,810,810,active,0.5,0.837837815284729,0.3853398859500885,0.2825552821159363,0.2395577430725097,0.8931204080581665,none,0.0,0,15,[],-1.0,-1.0,14,908768,227192,729000,14,729000,0,1.6179640000336803,1,4,9,"[[0,2],[0,7],[1,5],[1,9],[2,7],[3,6],[3,12],[5,13],[6,14],[8,9],[8,13],[10,11],[10,12],[11,14]]","[false, false, false, false, false, true, false, false, false, false, true, true, false, false, false]","[""RANDOM"", ""RANDOM"", ""RANDOM"", ""RANDOM"", ""RANDOM"", ""APCPA"", ""RANDOM"", ""RANDOM"", ""RANDOM"", ""RANDOM"", ""APTPA"", ""APA"", ""RANDOM"", ""RANDOM"", ""RANDOM""]","[0.26049381494522095, 0.24320988357067108, 0.25925925374031067, 0.29629629850387573, 0.24938271939754486, 0.8777777552604675, 0.2666666805744171, 0.2469135820865631, 0.2777777910232544, 0.2777777910232544, 0.48148149251937866, 0.47777777910232544, 0.27654320001602173, 0.25432097911834717, 0.27654320001602173]","[6, 11, 10, 4, 7, 1, 12, 14, 8, 9, 2, 0, 5, 3, 13]",C:\Users\Yin Kuan\OneDrive\桌面\Durham_CS\Research\TA-DVFG\results\core_cache_v2\dblp_hard_useful3_seed44_party_preds.pt,2e73289384f52343e400371d12c6bcc67ee3b087e7fd2261e59e72d04e0b5ac6,2,Adaptive Complementarity,4.0,6.0,4.666666666666667,3.0,2.8666666666666667,4.333333333333333,0.7333333333333333
DBLP,hard,44,adaptive_graph_val,5,0.895061731338501,0.8918918967247009,0.8862411579153049,0.8862411579153049,0.898034393787384,0.8882063627243042,0,324560,324560,97368,421928,peer_to_peer_topology,all_supervised,supervised,shared_val,all_parties,0,True,all_parties_supervised_simulation,all_parties,all_parties,all_parties_supervised,shared,1.0,810,810,active,0.5,0.8918918967247009,0.3620802601178487,0.2751842737197876,0.2420147359371185,0.8918918967247009,none,0.0,0,15,[],-1.0,-1.0,5,324560,97368,729000,5,729000,7976,18.465076000007684,1,2,2,"[[3,4],[3,13],[4,11],[5,11],[10,13]]","[false, false, false, false, false, true, false, false, false, false, true, true, false, false, false]","[""RANDOM"", ""RANDOM"", ""RANDOM"", ""RANDOM"", ""RANDOM"", ""APCPA"", ""RANDOM"", ""RANDOM"", ""RANDOM"", ""RANDOM"", ""APTPA"", ""APA"", ""RANDOM"", ""RANDOM"", ""RANDOM""]","[0.26049381494522095, 0.24320988357067108, 0.25925925374031067, 0.29629629850387573, 0.24938271939754486, 0.8777777552604675, 0.2666666805744171, 0.2469135820865631, 0.2777777910232544, 0.2777777910232544, 0.48148149251937866, 0.47777777910232544, 0.27654320001602173, 0.25432097911834717, 0.27654320001602173]","[6, 11, 10, 4, 7, 1, 12, 14, 8, 9, 2, 0, 5, 3, 13]",C:\Users\Yin Kuan\OneDrive\桌面\Durham_CS\Research\TA-DVFG\results\core_cache_v2\dblp_hard_useful3_seed44_party_preds.pt,2e73289384f52343e400371d12c6bcc67ee3b087e7fd2261e59e72d04e0b5ac6,2,TA-DVFG,10.0,6.0,6.0,5.0,1.6666666666666667,2.2,0.4
DBLP,hard,45,full_mesh,5,0.8888888955116272,0.875921368598938,0.8654958626042518,0.8654958626042518,0.8808353543281555,0.872235894203186,0,6815760,6815760,243420,7059180,peer_to_peer_topology,all_supervised,supervised,shared_val,all_parties,0,True,all_parties_supervised_simulation,all_parties,all_parties,all_parties_supervised,shared,1.0,810,810,active,0.5,0.875921368598938,0.4329238355159759,0.3316953182220459,0.3316953182220459,0.8918918967247009,none,0.0,0,15,[],-1.0,-1.0,105,6815760,243420,0,105,0,0,0.0,3,36,66,"[[0,1],[0,2],[0,3],[0,4],[0,5],[0,6],[0,7],[0,8],[0,9],[0,10],[0,11],[0,12],[0,13],[0,14],[1,2],[1,3],[1,4],[1,5],[1,6],[1,7],[1,8],[1,9],[1,10],[1,11],[1,12],[1,13],[1,14],[2,3],[2,4],[2,5],[2,6],[2,7],[2,8],[2,9],[2,10],[2,11],[2,12],[2,13],[2,14],[3,4],[3,5],[3,6],[3,7],[3,8],[3,9],[3,10],[3,11],[3,12],[3,13],[3,14],[4,5],[4,6],[4,7],[4,8],[4,9],[4,10],[4,11],[4,12],[4,13],[4,14],[5,6],[5,7],[5,8],[5,9],[5,10],[5,11],[5,12],[5,13],[5,14],[6,7],[6,8],[6,9],[6,10],[6,11],[6,12],[6,13],[6,14],[7,8],[7,9],[7,10],[7,11],[7,12],[7,13],[7,14],[8,9],[8,10],[8,11],[8,12],[8,13],[8,14],[9,10],[9,11],[9,12],[9,13],[9,14],[10,11],[10,12],[10,13],[10,14],[11,12],[11,13],[11,14],[12,13],[12,14],[13,14]]","[false, false, false, false, true, true, false, false, true, false, false, false, false, false, false]","[""RANDOM"", ""RANDOM"", ""RANDOM"", ""RANDOM"", ""APTPA"", ""APCPA"", ""RANDOM"", ""RANDOM"", ""APA"", ""RANDOM"", ""RANDOM"", ""RANDOM"", ""RANDOM"", ""RANDOM"", ""RANDOM""]","[0.26419752836227417, 0.26049381494522095, 0.22469136118888855, 0.2679012417793274, 0.490123450756073, 0.8962963223457336, 0.26419752836227417, 0.2530864179134369, 0.4604938328266144, 0.27530863881111145, 0.27654320001602173, 0.2617284059524536, 0.26049381494522095, 0.2567901313304901, 0.2617284059524536]","[10, 13, 11, 14, 2, 1, 5, 12, 0, 9, 8, 3, 4, 7, 6]",C:\Users\Yin Kuan\OneDrive\桌面\Durham_CS\Research\TA-DVFG\results\core_cache_v2\dblp_hard_useful3_seed45_party_preds.pt,399a140f01408e25854b25f915b03f16234b3c77159f696f44d0b146390253b9,2,Full Mesh,1.0,15.0,15.0,1.0,15.0,15.0,0.0
DBLP,hard,45,adaptive_pair,5,0.8913580179214478,0.8771498799324036,0.866425441373008,0.866425441373008,0.8771498799324036,0.875921368598938,0,908768,908768,227192,1135960,peer_to_peer_topology,all_supervised,supervised,shared_val,all_parties,0,True,all_parties_supervised_simulation,all_parties,all_parties,all_parties_supervised,shared,1.0,810,810,active,0.5,0.8771498799324036,0.3763308703899383,0.251842737197876,0.2493857443332672,0.8906633853912354,none,0.0,0,15,[],-1.0,-1.0,14,908768,227192,729000,14,729000,0,1.1708152999926824,3,0,11,"[[0,9],[0,14],[1,10],[1,12],[3,9],[3,11],[4,5],[4,8],[5,8],[6,11],[6,13],[7,13],[7,14],[10,12]]","[false, false, false, false, true, true, false, false, true, false, false, false, false, false, false]","[""RANDOM"", ""RANDOM"", ""RANDOM"", ""RANDOM"", ""APTPA"", ""APCPA"", ""RANDOM"", ""RANDOM"", ""APA"", ""RANDOM"", ""RANDOM"", ""RANDOM"", ""RANDOM"", ""RANDOM"", ""RANDOM""]","[0.26419752836227417, 0.26049381494522095, 0.22469136118888855, 0.2679012417793274, 0.490123450756073, 0.8962963223457336, 0.26419752836227417, 0.2530864179134369, 0.4604938328266144, 0.27530863881111145, 0.27654320001602173, 0.2617284059524536, 0.26049381494522095, 0.2567901313304901, 0.2617284059524536]","[10, 13, 11, 14, 2, 1, 5, 12, 0, 9, 8, 3, 4, 7, 6]",C:\Users\Yin Kuan\OneDrive\桌面\Durham_CS\Research\TA-DVFG\results\core_cache_v2\dblp_hard_useful3_seed45_party_preds.pt,399a140f01408e25854b25f915b03f16234b3c77159f696f44d0b146390253b9,2,Adaptive Pairwise,4.0,8.0,4.666666666666667,4.0,2.8666666666666667,3.933333333333333,0.5333333333333333
DBLP,hard,45,adaptive_complementarity,5,0.8790123462677002,0.8624078631401062,0.8480144602671192,0.8480144602671192,0.872235894203186,0.8611793518066406,0,908768,908768,227192,1135960,peer_to_peer_topology,all_supervised,supervised,shared_val,all_parties,0,True,all_parties_supervised_simulation,all_parties,all_parties,all_parties_supervised,shared,1.0,810,810,active,0.5,0.8624078631401062,0.3966420938571294,0.2641277611255646,0.2334152311086654,0.8906633853912354,none,0.0,0,15,[],-1.0,-1.0,14,908768,227192,729000,14,729000,0,1.5928832000499824,1,4,9,"[[0,1],[0,7],[1,5],[3,9],[3,14],[4,8],[4,14],[5,13],[6,10],[6,11],[7,13],[8,11],[9,12],[10,12]]","[false, false, false, false, true, true, false, false, true, false, false, false, false, false, false]","[""RANDOM"", ""RANDOM"", ""RANDOM"", ""RANDOM"", ""APTPA"", ""APCPA"", ""RANDOM"", ""RANDOM"", ""APA"", ""RANDOM"", ""RANDOM"", ""RANDOM"", ""RANDOM"", ""RANDOM"", ""RANDOM""]","[0.26419752836227417, 0.26049381494522095, 0.22469136118888855, 0.2679012417793274, 0.490123450756073, 0.8962963223457336, 0.26419752836227417, 0.2530864179134369, 0.4604938328266144, 0.27530863881111145, 0.27654320001602173, 0.2617284059524536, 0.26049381494522095, 0.2567901313304901, 0.2617284059524536]","[10, 13, 11, 14, 2, 1, 5, 12, 0, 9, 8, 3, 4, 7, 6]",C:\Users\Yin Kuan\OneDrive\桌面\Durham_CS\Research\TA-DVFG\results\core_cache_v2\dblp_hard_useful3_seed45_party_preds.pt,399a140f01408e25854b25f915b03f16234b3c77159f696f44d0b146390253b9,2,Adaptive Complementarity,3.0,9.0,7.0,4.0,2.8666666666666667,4.733333333333333,0.9333333333333333
DBLP,hard,45,adaptive_graph_val,5,0.914814829826355,0.9054054021835328,0.8972182629415739,0.8972182629415739,0.9054054021835328,0.9054054021835328,0,324560,324560,97368,421928,peer_to_peer_topology,all_supervised,supervised,shared_val,all_parties,0,True,all_parties_supervised_simulation,all_parties,all_parties,all_parties_supervised,shared,1.0,810,810,active,0.5,0.9054054021835328,0.3864045848449071,0.2665847539901733,0.2395577430725097,0.9041768908500672,none,0.0,0,15,[],-1.0,-1.0,5,324560,97368,729000,5,729000,7612,18.247656899984577,1,3,1,"[[4,14],[5,8],[5,10],[8,13],[10,13]]","[false, false, false, false, true, true, false, false, true, false, false, false, false, false, false]","[""RANDOM"", ""RANDOM"", ""RANDOM"", ""RANDOM"", ""APTPA"", ""APCPA"", ""RANDOM"", ""RANDOM"", ""APA"", ""RANDOM"", ""RANDOM"", ""RANDOM"", ""RANDOM"", ""RANDOM"", ""RANDOM""]","[0.26419752836227417, 0.26049381494522095, 0.22469136118888855, 0.2679012417793274, 0.490123450756073, 0.8962963223457336, 0.26419752836227417, 0.2530864179134369, 0.4604938328266144, 0.27530863881111145, 0.27654320001602173, 0.2617284059524536, 0.26049381494522095, 0.2567901313304901, 0.2617284059524536]","[10, 13, 11, 14, 2, 1, 5, 12, 0, 9, 8, 3, 4, 7, 6]",C:\Users\Yin Kuan\OneDrive\桌面\Durham_CS\Research\TA-DVFG\results\core_cache_v2\dblp_hard_useful3_seed45_party_preds.pt,399a140f01408e25854b25f915b03f16234b3c77159f696f44d0b146390253b9,2,TA-DVFG,11.0,4.0,3.0,2.0,1.6666666666666667,1.9333333333333333,0.26666666666666666
DBLP,hard,46,full_mesh,5,0.8777777552604675,0.8796069025993347,0.8650821022179659,0.8650821022179659,0.8796069025993347,0.8587223291397095,0,6815760,6815760,243420,7059180,peer_to_peer_topology,all_supervised,supervised,shared_val,all_parties,0,True,all_parties_supervised_simulation,all_parties,all_parties,all_parties_supervised,shared,1.0,810,810,active,0.5,0.8796069025993347,0.4156429171562195,0.334152340888977,0.3194103240966797,0.8857493996620178,none,0.0,0,15,[],-1.0,-1.0,105,6815760,243420,0,105,0,0,0.0,3,36,66,"[[0,1],[0,2],[0,3],[0,4],[0,5],[0,6],[0,7],[0,8],[0,9],[0,10],[0,11],[0,12],[0,13],[0,14],[1,2],[1,3],[1,4],[1,5],[1,6],[1,7],[1,8],[1,9],[1,10],[1,11],[1,12],[1,13],[1,14],[2,3],[2,4],[2,5],[2,6],[2,7],[2,8],[2,9],[2,10],[2,11],[2,12],[2,13],[2,14],[3,4],[3,5],[3,6],[3,7],[3,8],[3,9],[3,10],[3,11],[3,12],[3,13],[3,14],[4,5],[4,6],[4,7],[4,8],[4,9],[4,10],[4,11],[4,12],[4,13],[4,14],[5,6],[5,7],[5,8],[5,9],[5,10],[5,11],[5,12],[5,13],[5,14],[6,7],[6,8],[6,9],[6,10],[6,11],[6,12],[6,13],[6,14],[7,8],[7,9],[7,10],[7,11],[7,12],[7,13],[7,14],[8,9],[8,10],[8,11],[8,12],[8,13],[8,14],[9,10],[9,11],[9,12],[9,13],[9,14],[10,11],[10,12],[10,13],[10,14],[11,12],[11,13],[11,14],[12,13],[12,14],[13,14]]","[false, false, true, false, true, false, false, false, true, false, false, false, false, false, false]","[""RANDOM"", ""RANDOM"", ""APA"", ""RANDOM"", ""APCPA"", ""RANDOM"", ""RANDOM"", ""RANDOM"", ""APTPA"", ""RANDOM"", ""RANDOM"", ""RANDOM"", ""RANDOM"", ""RANDOM"", ""RANDOM""]","[0.2481481432914734, 0.23827160894870758, 0.48641976714134216, 0.29506173729896545, 0.8987654447555542, 0.2716049253940582, 0.2567901313304901, 0.24444444477558136, 0.48271605372428894, 0.2629629671573639, 0.27037036418914795, 0.287654310464859, 0.24320988357067108, 0.2617284059524536, 0.27037036418914795]","[4, 9, 0, 5, 1, 8, 11, 12, 2, 14, 13, 7, 10, 6, 3]",C:\Users\Yin Kuan\OneDrive\桌面\Durham_CS\Research\TA-DVFG\results\core_cache_v2\dblp_hard_useful3_seed46_party_preds.pt,801d567b5ea67b4c764d91181c240c9589aac4b0bcac9428d249291a7c4e8e59,2,Full Mesh,1.0,15.0,15.0,1.0,15.0,15.0,0.0
DBLP,hard,46,adaptive_pair,5,0.8765432238578796,0.8697788715362549,0.8530764387725064,0.8530764387725064,0.8734643459320068,0.8538083434104919,0,973680,973680,243420,1217100,peer_to_peer_topology,all_supervised,supervised,shared_val,all_parties,0,True,all_parties_supervised_simulation,all_parties,all_parties,all_parties_supervised,shared,1.0,810,810,active,0.5,0.8697788715362549,0.3751023689905802,0.2493857443332672,0.2358722388744354,0.8832923769950867,none,0.0,0,15,[],-1.0,-1.0,15,973680,243420,729000,15,729000,0,1.2803705999831436,3,0,12,"[[0,6],[0,7],[1,7],[1,12],[2,4],[2,8],[3,5],[3,14],[4,8],[5,10],[6,12],[9,11],[9,13],[10,13],[11,14]]","[false, false, true, false, true, false, false, false, true, false, false, false, false, false, false]","[""RANDOM"", ""RANDOM"", ""APA"", ""RANDOM"", ""APCPA"", ""RANDOM"", ""RANDOM"", ""RANDOM"", ""APTPA"", ""RANDOM"", ""RANDOM"", ""RANDOM"", ""RANDOM"", ""RANDOM"", ""RANDOM""]","[0.2481481432914734, 0.23827160894870758, 0.48641976714134216, 0.29506173729896545, 0.8987654447555542, 0.2716049253940582, 0.2567901313304901, 0.24444444477558136, 0.48271605372428894, 0.2629629671573639, 0.27037036418914795, 0.287654310464859, 0.24320988357067108, 0.2617284059524536, 0.27037036418914795]","[4, 9, 0, 5, 1, 8, 11, 12, 2, 14, 13, 7, 10, 6, 3]",C:\Users\Yin Kuan\OneDrive\桌面\Durham_CS\Research\TA-DVFG\results\core_cache_v2\dblp_hard_useful3_seed46_party_preds.pt,801d567b5ea67b4c764d91181c240c9589aac4b0bcac9428d249291a7c4e8e59,2,Adaptive Pairwise,3.0,7.0,5.0,3.0,3.0,4.6,0.8
DBLP,hard,46,adaptive_complementarity,5,0.86543208360672,0.8562653660774231,0.8380069584838776,0.8380069584838776,0.8611793518066406,0.8243243098258972,0,973680,973680,243420,1217100,peer_to_peer_topology,all_supervised,supervised,shared_val,all_parties,0,True,all_parties_supervised_simulation,all_parties,all_parties,all_parties_supervised,shared,1.0,810,810,active,0.5,0.8562653660774231,0.3861588835716247,0.2493857443332672,0.2420147359371185,0.8845208883285522,none,0.0,0,15,[],-1.0,-1.0,15,973680,243420,729000,15,729000,0,1.5376042999705533,1,4,10,"[[0,6],[0,7],[1,7],[1,9],[2,8],[2,11],[3,5],[3,8],[4,10],[4,12],[5,10],[6,12],[9,13],[11,14],[13,14]]","[false, false, true, false, true, false, false, false, true, false, false, false, false, false, false]","[""RANDOM"", ""RANDOM"", ""APA"", ""RANDOM"", ""APCPA"", ""RANDOM"", ""RANDOM"", ""RANDOM"", ""APTPA"", ""RANDOM"", ""RANDOM"", ""RANDOM"", ""RANDOM"", ""RANDOM"", ""RANDOM""]","[0.2481481432914734, 0.23827160894870758, 0.48641976714134216, 0.29506173729896545, 0.8987654447555542, 0.2716049253940582, 0.2567901313304901, 0.24444444477558136, 0.48271605372428894, 0.2629629671573639, 0.27037036418914795, 0.287654310464859, 0.24320988357067108, 0.2617284059524536, 0.27037036418914795]","[4, 9, 0, 5, 1, 8, 11, 12, 2, 14, 13, 7, 10, 6, 3]",C:\Users\Yin Kuan\OneDrive\桌面\Durham_CS\Research\TA-DVFG\results\core_cache_v2\dblp_hard_useful3_seed46_party_preds.pt,801d567b5ea67b4c764d91181c240c9589aac4b0bcac9428d249291a7c4e8e59,2,Adaptive Complementarity,1.0,15.0,15.0,7.0,3.0,5.0,1.0
DBLP,hard,46,adaptive_graph_val,5,0.9086419939994812,0.907862424850464,0.9012931016109532,0.9012931016109532,0.9103193879127502,0.8968058824539185,0,324560,324560,97368,421928,peer_to_peer_topology,all_supervised,supervised,shared_val,all_parties,0,True,all_parties_supervised_simulation,all_parties,all_parties,all_parties_supervised,shared,1.0,810,810,active,0.5,0.907862424850464,0.3846027801434199,0.3316953182220459,0.2371007353067398,0.8968058824539185,none,0.0,0,15,[],-1.0,-1.0,5,324560,97368,729000,5,729000,7619,15.431898800059573,2,2,1,"[[0,8],[2,4],[2,5],[4,8],[5,10]]","[false, false, true, false, true, false, false, false, true, false, false, false, false, false, false]","[""RANDOM"", ""RANDOM"", ""APA"", ""RANDOM"", ""APCPA"", ""RANDOM"", ""RANDOM"", ""RANDOM"", ""APTPA"", ""RANDOM"", ""RANDOM"", ""RANDOM"", ""RANDOM"", ""RANDOM"", ""RANDOM""]","[0.2481481432914734, 0.23827160894870758, 0.48641976714134216, 0.29506173729896545, 0.8987654447555542, 0.2716049253940582, 0.2567901313304901, 0.24444444477558136, 0.48271605372428894, 0.2629629671573639, 0.27037036418914795, 0.287654310464859, 0.24320988357067108, 0.2617284059524536, 0.27037036418914795]","[4, 9, 0, 5, 1, 8, 11, 12, 2, 14, 13, 7, 10, 6, 3]",C:\Users\Yin Kuan\OneDrive\桌面\Durham_CS\Research\TA-DVFG\results\core_cache_v2\dblp_hard_useful3_seed46_party_preds.pt,801d567b5ea67b4c764d91181c240c9589aac4b0bcac9428d249291a7c4e8e59,2,TA-DVFG,10.0,6.0,6.0,5.0,1.6666666666666667,2.2,0.4
DBLP,hard,42,full_mesh,5,0.8790123462677002,0.8611793518066406,0.8447557556591133,0.8447557556591133,0.8624078631401062,0.8402948379516602,0,10223640,10223640,243420,10467060,peer_to_peer_topology,all_supervised,supervised,shared_val,all_parties,0,True,all_parties_supervised_simulation,all_parties,all_parties,all_parties_supervised,shared,1.0,810,810,active,0.5,0.8611793518066406,0.4837018807729085,0.4312039315700531,0.3857493996620178,0.875921368598938,none,0.0,0,15,[],-1.0,-1.0,105,10223640,243420,0,105,0,0,0.0,3,36,66,"[[0,1],[0,2],[0,3],[0,4],[0,5],[0,6],[0,7],[0,8],[0,9],[0,10],[0,11],[0,12],[0,13],[0,14],[1,2],[1,3],[1,4],[1,5],[1,6],[1,7],[1,8],[1,9],[1,10],[1,11],[1,12],[1,13],[1,14],[2,3],[2,4],[2,5],[2,6],[2,7],[2,8],[2,9],[2,10],[2,11],[2,12],[2,13],[2,14],[3,4],[3,5],[3,6],[3,7],[3,8],[3,9],[3,10],[3,11],[3,12],[3,13],[3,14],[4,5],[4,6],[4,7],[4,8],[4,9],[4,10],[4,11],[4,12],[4,13],[4,14],[5,6],[5,7],[5,8],[5,9],[5,10],[5,11],[5,12],[5,13],[5,14],[6,7],[6,8],[6,9],[6,10],[6,11],[6,12],[6,13],[6,14],[7,8],[7,9],[7,10],[7,11],[7,12],[7,13],[7,14],[8,9],[8,10],[8,11],[8,12],[8,13],[8,14],[9,10],[9,11],[9,12],[9,13],[9,14],[10,11],[10,12],[10,13],[10,14],[11,12],[11,13],[11,14],[12,13],[12,14],[13,14]]","[false, false, true, false, false, false, true, false, true, false, false, false, false, false, false]","[""RANDOM"", ""RANDOM"", ""APCPA"", ""RANDOM"", ""RANDOM"", ""RANDOM"", ""APTPA"", ""RANDOM"", ""APA"", ""RANDOM"", ""RANDOM"", ""RANDOM"", ""RANDOM"", ""RANDOM"", ""RANDOM""]","[0.2716049253940582, 0.28024691343307495, 0.8913580179214478, 0.2679012417793274, 0.2716049253940582, 0.28148147463798523, 0.4654321074485779, 0.25925925374031067, 0.5111111402511597, 0.2419753074645996, 0.26419752836227417, 0.2617284059524536, 0.25061729550361633, 0.30987653136253357, 0.24938271939754486]","[9, 12, 1, 13, 3, 8, 2, 4, 0, 11, 6, 10, 14, 5, 7]",C:\Users\Yin Kuan\OneDrive\桌面\Durham_CS\Research\TA-DVFG\results\core_cache_v2\dblp_hard_useful3_seed42_party_preds.pt,39e4cf6382caa8e42920e91ba9db9bec9c549cdaf71c70b6d61fa0cbe1032260,3,Full Mesh,1.0,15.0,15.0,1.0,15.0,15.0,0.0
DBLP,hard,42,adaptive_pair,5,0.8740741014480591,0.8562653660774231,0.8381580544959344,0.8381580544959344,0.859950840473175,0.8390663266181946,0,1363152,1363152,227192,1590344,peer_to_peer_topology,all_supervised,supervised,shared_val,all_parties,0,True,all_parties_supervised_simulation,all_parties,all_parties,all_parties_supervised,shared,1.0,810,810,active,0.5,0.8562653660774231,0.380098275343577,0.2579852640628814,0.2493857443332672,0.8808353543281555,none,0.0,0,15,[],-1.0,-1.0,14,1363152,227192,729000,14,729000,0,1.2935477000282845,3,0,11,"[[0,4],[0,9],[1,7],[1,14],[2,6],[2,8],[3,12],[3,14],[4,5],[5,13],[6,8],[7,13],[9,11],[11,12]]","[false, false, true, false, false, false, true, false, true, false, false, false, false, false, false]","[""RANDOM"", ""RANDOM"", ""APCPA"", ""RANDOM"", ""RANDOM"", ""RANDOM"", ""APTPA"", ""RANDOM"", ""APA"", ""RANDOM"", ""RANDOM"", ""RANDOM"", ""RANDOM"", ""RANDOM"", ""RANDOM""]","[0.2716049253940582, 0.28024691343307495, 0.8913580179214478, 0.2679012417793274, 0.2716049253940582, 0.28148147463798523, 0.4654321074485779, 0.25925925374031067, 0.5111111402511597, 0.2419753074645996, 0.26419752836227417, 0.2617284059524536, 0.25061729550361633, 0.30987653136253357, 0.24938271939754486]","[9, 12, 1, 13, 3, 8, 2, 4, 0, 11, 6, 10, 14, 5, 7]",C:\Users\Yin Kuan\OneDrive\桌面\Durham_CS\Research\TA-DVFG\results\core_cache_v2\dblp_hard_useful3_seed42_party_preds.pt,39e4cf6382caa8e42920e91ba9db9bec9c549cdaf71c70b6d61fa0cbe1032260,3,Adaptive Pairwise,3.0,11.0,7.0,5.0,2.8666666666666667,5.8,0.7333333333333333
DBLP,hard,42,adaptive_complementarity,5,0.8518518805503845,0.8304668068885803,0.8035164993056628,0.8035164993056628,0.8402948379516602,0.8218673467636108,0,1363152,1363152,243420,1606572,peer_to_peer_topology,all_supervised,supervised,shared_val,all_parties,0,True,all_parties_supervised_simulation,all_parties,all_parties,all_parties_supervised,shared,1.0,810,810,active,0.5,0.8304668068885803,0.409418507417043,0.2886977791786194,0.2493857443332672,0.875921368598938,none,0.0,0,15,[],-1.0,-1.0,14,1363152,243420,729000,14,729000,0,1.37102250001044,1,4,9,"[[0,4],[0,11],[1,7],[1,8],[2,4],[2,12],[3,11],[3,12],[5,13],[5,14],[6,8],[6,14],[7,13],[9,10]]","[false, false, true, false, false, false, true, false, true, false, false, false, false, false, false]","[""RANDOM"", ""RANDOM"", ""APCPA"", ""RANDOM"", ""RANDOM"", ""RANDOM"", ""APTPA"", ""RANDOM"", ""APA"", ""RANDOM"", ""RANDOM"", ""RANDOM"", ""RANDOM"", ""RANDOM"", ""RANDOM""]","[0.2716049253940582, 0.28024691343307495, 0.8913580179214478, 0.2679012417793274, 0.2716049253940582, 0.28148147463798523, 0.4654321074485779, 0.25925925374031067, 0.5111111402511597, 0.2419753074645996, 0.26419752836227417, 0.2617284059524536, 0.25061729550361633, 0.30987653136253357, 0.24938271939754486]","[9, 12, 1, 13, 3, 8, 2, 4, 0, 11, 6, 10, 14, 5, 7]",C:\Users\Yin Kuan\OneDrive\桌面\Durham_CS\Research\TA-DVFG\results\core_cache_v2\dblp_hard_useful3_seed42_party_preds.pt,39e4cf6382caa8e42920e91ba9db9bec9c549cdaf71c70b6d61fa0cbe1032260,3,Adaptive Complementarity,3.0,7.0,5.0,3.0,2.8666666666666667,5.933333333333334,0.8666666666666667
DBLP,hard,42,adaptive_graph_val,5,0.919753074645996,0.8869779109954834,0.8761790958987146,0.8761790958987146,0.8968058824539185,0.8820638656616211,0,486840,486840,97368,584208,peer_to_peer_topology,all_supervised,supervised,shared_val,all_parties,0,True,all_parties_supervised_simulation,all_parties,all_parties,all_parties_supervised,shared,1.0,810,810,active,0.5,0.8869779109954834,0.3961506942907969,0.7039312124252319,0.2493857443332672,0.8808353543281555,none,0.0,0,15,[],-1.0,-1.0,5,486840,97368,729000,5,729000,7732,22.52052270002605,1,2,2,"[[0,2],[0,7],[2,8],[4,12],[8,12]]","[false, false, true, false, false, false, true, false, true, false, false, false, false, false, false]","[""RANDOM"", ""RANDOM"", ""APCPA"", ""RANDOM"", ""RANDOM"", ""RANDOM"", ""APTPA"", ""RANDOM"", ""APA"", ""RANDOM"", ""RANDOM"", ""RANDOM"", ""RANDOM"", ""RANDOM"", ""RANDOM""]","[0.2716049253940582, 0.28024691343307495, 0.8913580179214478, 0.2679012417793274, 0.2716049253940582, 0.28148147463798523, 0.4654321074485779, 0.25925925374031067, 0.5111111402511597, 0.2419753074645996, 0.26419752836227417, 0.2617284059524536, 0.25061729550361633, 0.30987653136253357, 0.24938271939754486]","[9, 12, 1, 13, 3, 8, 2, 4, 0, 11, 6, 10, 14, 5, 7]",C:\Users\Yin Kuan\OneDrive\桌面\Durham_CS\Research\TA-DVFG\results\core_cache_v2\dblp_hard_useful3_seed42_party_preds.pt,39e4cf6382caa8e42920e91ba9db9bec9c549cdaf71c70b6d61fa0cbe1032260,3,TA-DVFG,10.0,6.0,6.0,5.0,1.6666666666666667,2.6,0.4
DBLP,hard,43,full_mesh,5,0.8938271403312683,0.9004914164543152,0.889968830991617,0.889968830991617,0.9017199277877808,0.8832923769950867,0,10223640,10223640,243420,10467060,peer_to_peer_topology,all_supervised,supervised,shared_val,all_parties,0,True,all_parties_supervised_simulation,all_parties,all_parties,all_parties_supervised,shared,1.0,810,810,active,0.5,0.9004914164543152,0.4968059003353119,0.4508599638938904,0.4017198979854584,0.9226044416427612,none,0.0,0,15,[],-1.0,-1.0,105,10223640,243420,0,105,0,0,0.0,3,36,66,"[[0,1],[0,2],[0,3],[0,4],[0,5],[0,6],[0,7],[0,8],[0,9],[0,10],[0,11],[0,12],[0,13],[0,14],[1,2],[1,3],[1,4],[1,5],[1,6],[1,7],[1,8],[1,9],[1,10],[1,11],[1,12],[1,13],[1,14],[2,3],[2,4],[2,5],[2,6],[2,7],[2,8],[2,9],[2,10],[2,11],[2,12],[2,13],[2,14],[3,4],[3,5],[3,6],[3,7],[3,8],[3,9],[3,10],[3,11],[3,12],[3,13],[3,14],[4,5],[4,6],[4,7],[4,8],[4,9],[4,10],[4,11],[4,12],[4,13],[4,14],[5,6],[5,7],[5,8],[5,9],[5,10],[5,11],[5,12],[5,13],[5,14],[6,7],[6,8],[6,9],[6,10],[6,11],[6,12],[6,13],[6,14],[7,8],[7,9],[7,10],[7,11],[7,12],[7,13],[7,14],[8,9],[8,10],[8,11],[8,12],[8,13],[8,14],[9,10],[9,11],[9,12],[9,13],[9,14],[10,11],[10,12],[10,13],[10,14],[11,12],[11,13],[11,14],[12,13],[12,14],[13,14]]","[false, false, false, false, false, false, false, true, false, false, false, true, true, false, false]","[""RANDOM"", ""RANDOM"", ""RANDOM"", ""RANDOM"", ""RANDOM"", ""RANDOM"", ""RANDOM"", ""APCPA"", ""RANDOM"", ""RANDOM"", ""RANDOM"", ""APA"", ""APTPA"", ""RANDOM"", ""RANDOM""]","[0.28148147463798523, 0.2839506268501282, 0.2617284059524536, 0.25432097911834717, 0.2777777910232544, 0.2716049253940582, 0.2567901313304901, 0.914814829826355, 0.27654320001602173, 0.2530864179134369, 0.25432097911834717, 0.47160494327545166, 0.4543209969997406, 0.25925925374031067, 0.24567900598049164]","[8, 4, 9, 13, 6, 3, 12, 1, 14, 11, 7, 0, 2, 10, 5]",C:\Users\Yin Kuan\OneDrive\桌面\Durham_CS\Research\TA-DVFG\results\core_cache_v2\dblp_hard_useful3_seed43_party_preds.pt,cacde95ed31c0aa1422a61a91fb46c818de87bafbb59d648ebefd33c8b25d4a4,3,Full Mesh,1.0,15.0,15.0,1.0,15.0,15.0,0.0
DBLP,hard,43,adaptive_pair,5,0.8864197731018066,0.8845208883285522,0.8676593752087296,0.8676593752087296,0.8943489193916321,0.8710073828697205,0,1363152,1363152,243420,1606572,peer_to_peer_topology,all_supervised,supervised,shared_val,all_parties,0,True,all_parties_supervised_simulation,all_parties,all_parties,all_parties_supervised,shared,1.0,810,810,active,0.5,0.8845208883285522,0.39279279311498,0.2702702581882477,0.2469287514686584,0.9226044416427612,none,0.0,0,15,[],-1.0,-1.0,14,1363152,243420,729000,14,729000,0,1.5186839000380132,3,0,11,"[[0,1],[0,8],[1,4],[2,6],[3,9],[3,13],[4,8],[5,10],[5,14],[7,11],[7,12],[9,14],[10,13],[11,12]]","[false, false, false, false, false, false, false, true, false, false, false, true, true, false, false]","[""RANDOM"", ""RANDOM"", ""RANDOM"", ""RANDOM"", ""RANDOM"", ""RANDOM"", ""RANDOM"", ""APCPA"", ""RANDOM"", ""RANDOM"", ""RANDOM"", ""APA"", ""APTPA"", ""RANDOM"", ""RANDOM""]","[0.28148147463798523, 0.2839506268501282, 0.2617284059524536, 0.25432097911834717, 0.2777777910232544, 0.2716049253940582, 0.2567901313304901, 0.914814829826355, 0.27654320001602173, 0.2530864179134369, 0.25432097911834717, 0.47160494327545166, 0.4543209969997406, 0.25925925374031067, 0.24567900598049164]","[8, 4, 9, 13, 6, 3, 12, 1, 14, 11, 7, 0, 2, 10, 5]",C:\Users\Yin Kuan\OneDrive\桌面\Durham_CS\Research\TA-DVFG\results\core_cache_v2\dblp_hard_useful3_seed43_party_preds.pt,cacde95ed31c0aa1422a61a91fb46c818de87bafbb59d648ebefd33c8b25d4a4,3,Adaptive Pairwise,4.0,6.0,3.75,3.0,2.8666666666666667,4.333333333333333,0.6666666666666666
DBLP,hard,43,adaptive_complementarity,5,0.8839505910873413,0.8771498799324036,0.8596190284216891,0.8596190284216891,0.8869779109954834,0.8611793518066406,0,1363152,1363152,227192,1590344,peer_to_peer_topology,all_supervised,supervised,shared_val,all_parties,0,True,all_parties_supervised_simulation,all_parties,all_parties,all_parties_supervised,shared,1.0,810,810,active,0.5,0.8771498799324036,0.4270270238320032,0.7309582233428955,0.2371007353067398,0.9189189076423644,none,0.0,0,15,[],-1.0,-1.0,14,1363152,227192,729000,14,729000,0,1.3237159000127576,1,4,9,"[[0,1],[0,7],[1,8],[2,7],[2,9],[4,13],[4,14],[5,6],[5,10],[6,14],[8,12],[9,10],[11,12],[11,13]]","[false, false, false, false, false, false, false, true, false, false, false, true, true, false, false]","[""RANDOM"", ""RANDOM"", ""RANDOM"", ""RANDOM"", ""RANDOM"", ""RANDOM"", ""RANDOM"", ""APCPA"", ""RANDOM"", ""RANDOM"", ""RANDOM"", ""APA"", ""APTPA"", ""RANDOM"", ""RANDOM""]","[0.28148147463798523, 0.2839506268501282, 0.2617284059524536, 0.25432097911834717, 0.2777777910232544, 0.2716049253940582, 0.2567901313304901, 0.914814829826355, 0.27654320001602173, 0.2530864179134369, 0.25432097911834717, 0.47160494327545166, 0.4543209969997406, 0.25925925374031067, 0.24567900598049164]","[8, 4, 9, 13, 6, 3, 12, 1, 14, 11, 7, 0, 2, 10, 5]",C:\Users\Yin Kuan\OneDrive\桌面\Durham_CS\Research\TA-DVFG\results\core_cache_v2\dblp_hard_useful3_seed43_party_preds.pt,cacde95ed31c0aa1422a61a91fb46c818de87bafbb59d648ebefd33c8b25d4a4,3,Adaptive Complementarity,2.0,14.0,14.0,7.0,2.8666666666666667,6.6,0.9333333333333333
DBLP,hard,43,adaptive_graph_val,5,0.92592591047287,0.916461944580078,0.9086928697839222,0.9086928697839222,0.9250614047050476,0.9115478992462158,0,486840,486840,97368,584208,peer_to_peer_topology,all_supervised,supervised,shared_val,all_parties,0,True,all_parties_supervised_simulation,all_parties,all_parties,all_parties_supervised,shared,1.0,810,810,active,0.5,0.916461944580078,0.409418507417043,0.7530712485313416,0.2358722388744354,0.9189189076423644,none,0.0,0,15,[],-1.0,-1.0,5,486840,97368,729000,5,729000,7553,17.29988430000958,1,3,1,"[[0,7],[0,9],[7,11],[9,11],[10,12]]","[false, false, false, false, false, false, false, true, false, false, false, true, true, false, false]","[""RANDOM"", ""RANDOM"", ""RANDOM"", ""RANDOM"", ""RANDOM"", ""RANDOM"", ""RANDOM"", ""APCPA"", ""RANDOM"", ""RANDOM"", ""RANDOM"", ""APA"", ""APTPA"", ""RANDOM"", ""RANDOM""]","[0.28148147463798523, 0.2839506268501282, 0.2617284059524536, 0.25432097911834717, 0.2777777910232544, 0.2716049253940582, 0.2567901313304901, 0.914814829826355, 0.27654320001602173, 0.2530864179134369, 0.25432097911834717, 0.47160494327545166, 0.4543209969997406, 0.25925925374031067, 0.24567900598049164]","[8, 4, 9, 13, 6, 3, 12, 1, 14, 11, 7, 0, 2, 10, 5]",C:\Users\Yin Kuan\OneDrive\桌面\Durham_CS\Research\TA-DVFG\results\core_cache_v2\dblp_hard_useful3_seed43_party_preds.pt,cacde95ed31c0aa1422a61a91fb46c818de87bafbb59d648ebefd33c8b25d4a4,3,TA-DVFG,11.0,4.0,3.0,2.0,1.6666666666666667,1.9333333333333333,0.26666666666666666
DBLP,hard,44,full_mesh,5,0.8641975522041321,0.8648648858070374,0.8536069468826252,0.8536069468826252,0.8710073828697205,0.8562653660774231,0,10223640,10223640,243420,10467060,peer_to_peer_topology,all_supervised,supervised,shared_val,all_parties,0,True,all_parties_supervised_simulation,all_parties,all_parties,all_parties_supervised,shared,1.0,810,810,active,0.5,0.8648648858070374,0.4711711704730987,0.4373464286327362,0.3722358644008636,0.8869779109954834,none,0.0,0,15,[],-1.0,-1.0,105,10223640,243420,0,105,0,0,0.0,3,36,66,"[[0,1],[0,2],[0,3],[0,4],[0,5],[0,6],[0,7],[0,8],[0,9],[0,10],[0,11],[0,12],[0,13],[0,14],[1,2],[1,3],[1,4],[1,5],[1,6],[1,7],[1,8],[1,9],[1,10],[1,11],[1,12],[1,13],[1,14],[2,3],[2,4],[2,5],[2,6],[2,7],[2,8],[2,9],[2,10],[2,11],[2,12],[2,13],[2,14],[3,4],[3,5],[3,6],[3,7],[3,8],[3,9],[3,10],[3,11],[3,12],[3,13],[3,14],[4,5],[4,6],[4,7],[4,8],[4,9],[4,10],[4,11],[4,12],[4,13],[4,14],[5,6],[5,7],[5,8],[5,9],[5,10],[5,11],[5,12],[5,13],[5,14],[6,7],[6,8],[6,9],[6,10],[6,11],[6,12],[6,13],[6,14],[7,8],[7,9],[7,10],[7,11],[7,12],[7,13],[7,14],[8,9],[8,10],[8,11],[8,12],[8,13],[8,14],[9,10],[9,11],[9,12],[9,13],[9,14],[10,11],[10,12],[10,13],[10,14],[11,12],[11,13],[11,14],[12,13],[12,14],[13,14]]","[false, false, false, false, false, true, false, false, false, false, true, true, false, false, false]","[""RANDOM"", ""RANDOM"", ""RANDOM"", ""RANDOM"", ""RANDOM"", ""APCPA"", ""RANDOM"", ""RANDOM"", ""RANDOM"", ""RANDOM"", ""APTPA"", ""APA"", ""RANDOM"", ""RANDOM"", ""RANDOM""]","[0.26049381494522095, 0.24320988357067108, 0.25925925374031067, 0.29629629850387573, 0.24938271939754486, 0.8777777552604675, 0.2666666805744171, 0.2469135820865631, 0.2777777910232544, 0.2777777910232544, 0.48148149251937866, 0.47777777910232544, 0.27654320001602173, 0.25432097911834717, 0.27654320001602173]","[6, 11, 10, 4, 7, 1, 12, 14, 8, 9, 2, 0, 5, 3, 13]",C:\Users\Yin Kuan\OneDrive\桌面\Durham_CS\Research\TA-DVFG\results\core_cache_v2\dblp_hard_useful3_seed44_party_preds.pt,2e73289384f52343e400371d12c6bcc67ee3b087e7fd2261e59e72d04e0b5ac6,3,Full Mesh,1.0,15.0,15.0,1.0,15.0,15.0,0.0
DBLP,hard,44,adaptive_pair,5,0.855555534362793,0.8611793518066406,0.8480039471626746,0.8480039471626746,0.8611793518066406,0.8476658463478088,0,1460520,1460520,243420,1703940,peer_to_peer_topology,all_supervised,supervised,shared_val,all_parties,0,True,all_parties_supervised_simulation,all_parties,all_parties,all_parties_supervised,shared,1.0,810,810,active,0.5,0.8611793518066406,0.3828009873628616,0.2800982892513275,0.2371007353067398,0.8931204080581665,none,0.0,0,15,[],-1.0,-1.0,15,1460520,243420,729000,15,729000,0,1.619957200018689,3,0,12,"[[0,1],[0,4],[1,4],[2,12],[2,13],[3,9],[3,14],[5,10],[5,11],[6,7],[6,13],[7,8],[8,12],[9,14],[10,11]]","[false, false, false, false, false, true, false, false, false, false, true, true, false, false, false]","[""RANDOM"", ""RANDOM"", ""RANDOM"", ""RANDOM"", ""RANDOM"", ""APCPA"", ""RANDOM"", ""RANDOM"", ""RANDOM"", ""RANDOM"", ""APTPA"", ""APA"", ""RANDOM"", ""RANDOM"", ""RANDOM""]","[0.26049381494522095, 0.24320988357067108, 0.25925925374031067, 0.29629629850387573, 0.24938271939754486, 0.8777777552604675, 0.2666666805744171, 0.2469135820865631, 0.2777777910232544, 0.2777777910232544, 0.48148149251937866, 0.47777777910232544, 0.27654320001602173, 0.25432097911834717, 0.27654320001602173]","[6, 11, 10, 4, 7, 1, 12, 14, 8, 9, 2, 0, 5, 3, 13]",C:\Users\Yin Kuan\OneDrive\桌面\Durham_CS\Research\TA-DVFG\results\core_cache_v2\dblp_hard_useful3_seed44_party_preds.pt,2e73289384f52343e400371d12c6bcc67ee3b087e7fd2261e59e72d04e0b5ac6,3,Adaptive Pairwise,4.0,6.0,3.75,3.0,3.0,4.2,0.4
DBLP,hard,44,adaptive_complementarity,5,0.8419753313064575,0.8243243098258972,0.8061882219510967,0.8061882219510967,0.8390663266181946,0.8390663266181946,0,1363152,1363152,227192,1590344,peer_to_peer_topology,all_supervised,supervised,shared_val,all_parties,0,True,all_parties_supervised_simulation,all_parties,all_parties,all_parties_supervised,shared,1.0,810,810,active,0.5,0.8243243098258972,0.4087633113066355,0.2764127850532532,0.2420147359371185,0.8943489193916321,none,0.0,0,15,[],-1.0,-1.0,14,1363152,227192,729000,14,729000,0,1.6124484000174562,1,4,9,"[[0,2],[0,7],[1,5],[1,9],[2,7],[3,6],[3,12],[5,13],[6,14],[8,9],[8,13],[10,11],[10,12],[11,14]]","[false, false, false, false, false, true, false, false, false, false, true, true, false, false, false]","[""RANDOM"", ""RANDOM"", ""RANDOM"", ""RANDOM"", ""RANDOM"", ""APCPA"", ""RANDOM"", ""RANDOM"", ""RANDOM"", ""RANDOM"", ""APTPA"", ""APA"", ""RANDOM"", ""RANDOM"", ""RANDOM""]","[0.26049381494522095, 0.24320988357067108, 0.25925925374031067, 0.29629629850387573, 0.24938271939754486, 0.8777777552604675, 0.2666666805744171, 0.2469135820865631, 0.2777777910232544, 0.2777777910232544, 0.48148149251937866, 0.47777777910232544, 0.27654320001602173, 0.25432097911834717, 0.27654320001602173]","[6, 11, 10, 4, 7, 1, 12, 14, 8, 9, 2, 0, 5, 3, 13]",C:\Users\Yin Kuan\OneDrive\桌面\Durham_CS\Research\TA-DVFG\results\core_cache_v2\dblp_hard_useful3_seed44_party_preds.pt,2e73289384f52343e400371d12c6bcc67ee3b087e7fd2261e59e72d04e0b5ac6,3,Adaptive Complementarity,4.0,6.0,4.666666666666667,3.0,2.8666666666666667,4.733333333333333,0.7333333333333333
DBLP,hard,44,adaptive_graph_val,5,0.8962963223457336,0.898034393787384,0.8937317407136942,0.8937317407136942,0.8992629051208496,0.8882063627243042,0,486840,486840,113596,600436,peer_to_peer_topology,all_supervised,supervised,shared_val,all_parties,0,True,all_parties_supervised_simulation,all_parties,all_parties,all_parties_supervised,shared,1.0,810,810,active,0.5,0.898034393787384,0.4113841076691945,0.2727272808551788,0.2420147359371185,0.8931204080581665,none,0.0,0,15,[],-1.0,-1.0,5,486840,113596,729000,5,729000,7953,21.21967549998953,1,3,1,"[[3,4],[3,10],[5,11],[5,13],[11,12]]","[false, false, false, false, false, true, false, false, false, false, true, true, false, false, false]","[""RANDOM"", ""RANDOM"", ""RANDOM"", ""RANDOM"", ""RANDOM"", ""APCPA"", ""RANDOM"", ""RANDOM"", ""RANDOM"", ""RANDOM"", ""APTPA"", ""APA"", ""RANDOM"", ""RANDOM"", ""RANDOM""]","[0.26049381494522095, 0.24320988357067108, 0.25925925374031067, 0.29629629850387573, 0.24938271939754486, 0.8777777552604675, 0.2666666805744171, 0.2469135820865631, 0.2777777910232544, 0.2777777910232544, 0.48148149251937866, 0.47777777910232544, 0.27654320001602173, 0.25432097911834717, 0.27654320001602173]","[6, 11, 10, 4, 7, 1, 12, 14, 8, 9, 2, 0, 5, 3, 13]",C:\Users\Yin Kuan\OneDrive\桌面\Durham_CS\Research\TA-DVFG\results\core_cache_v2\dblp_hard_useful3_seed44_party_preds.pt,2e73289384f52343e400371d12c6bcc67ee3b087e7fd2261e59e72d04e0b5ac6,3,TA-DVFG,10.0,4.0,3.5,3.0,1.6666666666666667,2.2,0.4
DBLP,hard,45,full_mesh,5,0.8876543045043945,0.8710073828697205,0.859086211038442,0.859086211038442,0.8796069025993347,0.872235894203186,0,10223640,10223640,243420,10467060,peer_to_peer_topology,all_supervised,supervised,shared_val,all_parties,0,True,all_parties_supervised_simulation,all_parties,all_parties,all_parties_supervised,shared,1.0,810,810,active,0.5,0.8710073828697205,0.4875511884689331,0.3906633853912353,0.3906633853912353,0.8918918967247009,none,0.0,0,15,[],-1.0,-1.0,105,10223640,243420,0,105,0,0,0.0,3,36,66,"[[0,1],[0,2],[0,3],[0,4],[0,5],[0,6],[0,7],[0,8],[0,9],[0,10],[0,11],[0,12],[0,13],[0,14],[1,2],[1,3],[1,4],[1,5],[1,6],[1,7],[1,8],[1,9],[1,10],[1,11],[1,12],[1,13],[1,14],[2,3],[2,4],[2,5],[2,6],[2,7],[2,8],[2,9],[2,10],[2,11],[2,12],[2,13],[2,14],[3,4],[3,5],[3,6],[3,7],[3,8],[3,9],[3,10],[3,11],[3,12],[3,13],[3,14],[4,5],[4,6],[4,7],[4,8],[4,9],[4,10],[4,11],[4,12],[4,13],[4,14],[5,6],[5,7],[5,8],[5,9],[5,10],[5,11],[5,12],[5,13],[5,14],[6,7],[6,8],[6,9],[6,10],[6,11],[6,12],[6,13],[6,14],[7,8],[7,9],[7,10],[7,11],[7,12],[7,13],[7,14],[8,9],[8,10],[8,11],[8,12],[8,13],[8,14],[9,10],[9,11],[9,12],[9,13],[9,14],[10,11],[10,12],[10,13],[10,14],[11,12],[11,13],[11,14],[12,13],[12,14],[13,14]]","[false, false, false, false, true, true, false, false, true, false, false, false, false, false, false]","[""RANDOM"", ""RANDOM"", ""RANDOM"", ""RANDOM"", ""APTPA"", ""APCPA"", ""RANDOM"", ""RANDOM"", ""APA"", ""RANDOM"", ""RANDOM"", ""RANDOM"", ""RANDOM"", ""RANDOM"", ""RANDOM""]","[0.26419752836227417, 0.26049381494522095, 0.22469136118888855, 0.2679012417793274, 0.490123450756073, 0.8962963223457336, 0.26419752836227417, 0.2530864179134369, 0.4604938328266144, 0.27530863881111145, 0.27654320001602173, 0.2617284059524536, 0.26049381494522095, 0.2567901313304901, 0.2617284059524536]","[10, 13, 11, 14, 2, 1, 5, 12, 0, 9, 8, 3, 4, 7, 6]",C:\Users\Yin Kuan\OneDrive\桌面\Durham_CS\Research\TA-DVFG\results\core_cache_v2\dblp_hard_useful3_seed45_party_preds.pt,399a140f01408e25854b25f915b03f16234b3c77159f696f44d0b146390253b9,3,Full Mesh,1.0,15.0,15.0,1.0,15.0,15.0,0.0
DBLP,hard,45,adaptive_pair,5,0.8864197731018066,0.8660933375358582,0.8525669811029044,0.8525669811029044,0.8746928572654724,0.8746928572654724,0,1363152,1363152,227192,1590344,peer_to_peer_topology,all_supervised,supervised,shared_val,all_parties,0,True,all_parties_supervised_simulation,all_parties,all_parties,all_parties_supervised,shared,1.0,810,810,active,0.5,0.8660933375358582,0.3799344807863235,0.2506142556667328,0.2457002401351928,0.8943489193916321,none,0.0,0,15,[],-1.0,-1.0,14,1363152,227192,729000,14,729000,0,2.0652456999814603,3,0,11,"[[0,9],[0,14],[1,10],[1,12],[3,9],[3,11],[4,5],[4,8],[5,8],[6,11],[6,13],[7,13],[7,14],[10,12]]","[false, false, false, false, true, true, false, false, true, false, false, false, false, false, false]","[""RANDOM"", ""RANDOM"", ""RANDOM"", ""RANDOM"", ""APTPA"", ""APCPA"", ""RANDOM"", ""RANDOM"", ""APA"", ""RANDOM"", ""RANDOM"", ""RANDOM"", ""RANDOM"", ""RANDOM"", ""RANDOM""]","[0.26419752836227417, 0.26049381494522095, 0.22469136118888855, 0.2679012417793274, 0.490123450756073, 0.8962963223457336, 0.26419752836227417, 0.2530864179134369, 0.4604938328266144, 0.27530863881111145, 0.27654320001602173, 0.2617284059524536, 0.26049381494522095, 0.2567901313304901, 0.2617284059524536]","[10, 13, 11, 14, 2, 1, 5, 12, 0, 9, 8, 3, 4, 7, 6]",C:\Users\Yin Kuan\OneDrive\桌面\Durham_CS\Research\TA-DVFG\results\core_cache_v2\dblp_hard_useful3_seed45_party_preds.pt,399a140f01408e25854b25f915b03f16234b3c77159f696f44d0b146390253b9,3,Adaptive Pairwise,4.0,8.0,4.666666666666667,4.0,2.8666666666666667,5.0,0.5333333333333333
DBLP,hard,45,adaptive_complementarity,5,0.8728395104408264,0.8513513803482056,0.8351766262356553,0.8351766262356553,0.8624078631401062,0.8525798320770264,0,1363152,1363152,227192,1590344,peer_to_peer_topology,all_supervised,supervised,shared_val,all_parties,0,True,all_parties_supervised_simulation,all_parties,all_parties,all_parties_supervised,shared,1.0,810,810,active,0.5,0.8513513803482056,0.4230139225721359,0.2874692976474762,0.2371007353067398,0.8918918967247009,none,0.0,0,15,[],-1.0,-1.0,14,1363152,227192,729000,14,729000,0,1.6128057999740122,1,4,9,"[[0,1],[0,7],[1,5],[3,9],[3,14],[4,8],[4,14],[5,13],[6,10],[6,11],[7,13],[8,11],[9,12],[10,12]]","[false, false, false, false, true, true, false, false, true, false, false, false, false, false, false]","[""RANDOM"", ""RANDOM"", ""RANDOM"", ""RANDOM"", ""APTPA"", ""APCPA"", ""RANDOM"", ""RANDOM"", ""APA"", ""RANDOM"", ""RANDOM"", ""RANDOM"", ""RANDOM"", ""RANDOM"", ""RANDOM""]","[0.26419752836227417, 0.26049381494522095, 0.22469136118888855, 0.2679012417793274, 0.490123450756073, 0.8962963223457336, 0.26419752836227417, 0.2530864179134369, 0.4604938328266144, 0.27530863881111145, 0.27654320001602173, 0.2617284059524536, 0.26049381494522095, 0.2567901313304901, 0.2617284059524536]","[10, 13, 11, 14, 2, 1, 5, 12, 0, 9, 8, 3, 4, 7, 6]",C:\Users\Yin Kuan\OneDrive\桌面\Durham_CS\Research\TA-DVFG\results\core_cache_v2\dblp_hard_useful3_seed45_party_preds.pt,399a140f01408e25854b25f915b03f16234b3c77159f696f44d0b146390253b9,3,Adaptive Complementarity,3.0,9.0,7.0,4.0,2.8666666666666667,5.933333333333334,0.9333333333333333
DBLP,hard,45,adaptive_graph_val,5,0.9160493612289428,0.9090909361839294,0.9012446663222782,0.9012446663222782,0.9090909361839294,0.9090909361839294,0,486840,486840,97368,584208,peer_to_peer_topology,all_supervised,supervised,shared_val,all_parties,0,True,all_parties_supervised_simulation,all_parties,all_parties,all_parties_supervised,shared,1.0,810,810,active,0.5,0.9090909361839294,0.3865683833758036,0.2665847539901733,0.2346437275409698,0.9066339135169984,none,0.0,0,15,[],-1.0,-1.0,5,486840,97368,729000,5,729000,7855,20.98551900000893,2,0,3,"[[3,9],[3,10],[4,5],[5,8],[9,10]]","[false, false, false, false, true, true, false, false, true, false, false, false, false, false, false]","[""RANDOM"", ""RANDOM"", ""RANDOM"", ""RANDOM"", ""APTPA"", ""APCPA"", ""RANDOM"", ""RANDOM"", ""APA"", ""RANDOM"", ""RANDOM"", ""RANDOM"", ""RANDOM"", ""RANDOM"", ""RANDOM""]","[0.26419752836227417, 0.26049381494522095, 0.22469136118888855, 0.2679012417793274, 0.490123450756073, 0.8962963223457336, 0.26419752836227417, 0.2530864179134369, 0.4604938328266144, 0.27530863881111145, 0.27654320001602173, 0.2617284059524536, 0.26049381494522095, 0.2567901313304901, 0.2617284059524536]","[10, 13, 11, 14, 2, 1, 5, 12, 0, 9, 8, 3, 4, 7, 6]",C:\Users\Yin Kuan\OneDrive\桌面\Durham_CS\Research\TA-DVFG\results\core_cache_v2\dblp_hard_useful3_seed45_party_preds.pt,399a140f01408e25854b25f915b03f16234b3c77159f696f44d0b146390253b9,3,TA-DVFG,11.0,3.0,3.0,2.0,1.6666666666666667,1.8,0.13333333333333333
DBLP,hard,46,full_mesh,5,0.8765432238578796,0.8796069025993347,0.8650821022179659,0.8650821022179659,0.8796069025993347,0.8550368547439575,0,10223640,10223640,243420,10467060,peer_to_peer_topology,all_supervised,supervised,shared_val,all_parties,0,True,all_parties_supervised_simulation,all_parties,all_parties,all_parties_supervised,shared,1.0,810,810,active,0.5,0.8796069025993347,0.4731367727120717,0.3894349038600921,0.375921368598938,0.8869779109954834,none,0.0,0,15,[],-1.0,-1.0,105,10223640,243420,0,105,0,0,0.0,3,36,66,"[[0,1],[0,2],[0,3],[0,4],[0,5],[0,6],[0,7],[0,8],[0,9],[0,10],[0,11],[0,12],[0,13],[0,14],[1,2],[1,3],[1,4],[1,5],[1,6],[1,7],[1,8],[1,9],[1,10],[1,11],[1,12],[1,13],[1,14],[2,3],[2,4],[2,5],[2,6],[2,7],[2,8],[2,9],[2,10],[2,11],[2,12],[2,13],[2,14],[3,4],[3,5],[3,6],[3,7],[3,8],[3,9],[3,10],[3,11],[3,12],[3,13],[3,14],[4,5],[4,6],[4,7],[4,8],[4,9],[4,10],[4,11],[4,12],[4,13],[4,14],[5,6],[5,7],[5,8],[5,9],[5,10],[5,11],[5,12],[5,13],[5,14],[6,7],[6,8],[6,9],[6,10],[6,11],[6,12],[6,13],[6,14],[7,8],[7,9],[7,10],[7,11],[7,12],[7,13],[7,14],[8,9],[8,10],[8,11],[8,12],[8,13],[8,14],[9,10],[9,11],[9,12],[9,13],[9,14],[10,11],[10,12],[10,13],[10,14],[11,12],[11,13],[11,14],[12,13],[12,14],[13,14]]","[false, false, true, false, true, false, false, false, true, false, false, false, false, false, false]","[""RANDOM"", ""RANDOM"", ""APA"", ""RANDOM"", ""APCPA"", ""RANDOM"", ""RANDOM"", ""RANDOM"", ""APTPA"", ""RANDOM"", ""RANDOM"", ""RANDOM"", ""RANDOM"", ""RANDOM"", ""RANDOM""]","[0.2481481432914734, 0.23827160894870758, 0.48641976714134216, 0.29506173729896545, 0.8987654447555542, 0.2716049253940582, 0.2567901313304901, 0.24444444477558136, 0.48271605372428894, 0.2629629671573639, 0.27037036418914795, 0.287654310464859, 0.24320988357067108, 0.2617284059524536, 0.27037036418914795]","[4, 9, 0, 5, 1, 8, 11, 12, 2, 14, 13, 7, 10, 6, 3]",C:\Users\Yin Kuan\OneDrive\桌面\Durham_CS\Research\TA-DVFG\results\core_cache_v2\dblp_hard_useful3_seed46_party_preds.pt,801d567b5ea67b4c764d91181c240c9589aac4b0bcac9428d249291a7c4e8e59,3,Full Mesh,1.0,15.0,15.0,1.0,15.0,15.0,0.0
DBLP,hard,46,adaptive_pair,5,0.875308632850647,0.8673218488693237,0.8506837501927115,0.8506837501927115,0.8697788715362549,0.8488943576812744,0,1460520,1460520,243420,1703940,peer_to_peer_topology,all_supervised,supervised,shared_val,all_parties,0,True,all_parties_supervised_simulation,all_parties,all_parties,all_parties_supervised,shared,1.0,810,810,active,0.5,0.8673218488693237,0.379770682255427,0.2506142556667328,0.2395577430725097,0.8832923769950867,none,0.0,0,15,[],-1.0,-1.0,15,1460520,243420,729000,15,729000,0,1.4970035000296775,3,0,12,"[[0,6],[0,7],[1,7],[1,12],[2,4],[2,8],[3,5],[3,14],[4,8],[5,10],[6,12],[9,11],[9,13],[10,13],[11,14]]","[false, false, true, false, true, false, false, false, true, false, false, false, false, false, false]","[""RANDOM"", ""RANDOM"", ""APA"", ""RANDOM"", ""APCPA"", ""RANDOM"", ""RANDOM"", ""RANDOM"", ""APTPA"", ""RANDOM"", ""RANDOM"", ""RANDOM"", ""RANDOM"", ""RANDOM"", ""RANDOM""]","[0.2481481432914734, 0.23827160894870758, 0.48641976714134216, 0.29506173729896545, 0.8987654447555542, 0.2716049253940582, 0.2567901313304901, 0.24444444477558136, 0.48271605372428894, 0.2629629671573639, 0.27037036418914795, 0.287654310464859, 0.24320988357067108, 0.2617284059524536, 0.27037036418914795]","[4, 9, 0, 5, 1, 8, 11, 12, 2, 14, 13, 7, 10, 6, 3]",C:\Users\Yin Kuan\OneDrive\桌面\Durham_CS\Research\TA-DVFG\results\core_cache_v2\dblp_hard_useful3_seed46_party_preds.pt,801d567b5ea67b4c764d91181c240c9589aac4b0bcac9428d249291a7c4e8e59,3,Adaptive Pairwise,3.0,7.0,5.0,3.0,3.0,5.533333333333333,0.8
DBLP,hard,46,adaptive_complementarity,5,0.8530864119529724,0.8452088236808777,0.8246068353185104,0.8246068353185104,0.85012286901474,0.8144963383674622,0,1460520,1460520,243420,1703940,peer_to_peer_topology,all_supervised,supervised,shared_val,all_parties,0,True,all_parties_supervised_simulation,all_parties,all_parties,all_parties_supervised,shared,1.0,810,810,active,0.5,0.8452088236808777,0.4147420128186543,0.2506142556667328,0.2506142556667328,0.8869779109954834,none,0.0,0,15,[],-1.0,-1.0,15,1460520,243420,729000,15,729000,0,1.6737540000031004,1,4,10,"[[0,6],[0,7],[1,7],[1,9],[2,8],[2,11],[3,5],[3,8],[4,10],[4,12],[5,10],[6,12],[9,13],[11,14],[13,14]]","[false, false, true, false, true, false, false, false, true, false, false, false, false, false, false]","[""RANDOM"", ""RANDOM"", ""APA"", ""RANDOM"", ""APCPA"", ""RANDOM"", ""RANDOM"", ""RANDOM"", ""APTPA"", ""RANDOM"", ""RANDOM"", ""RANDOM"", ""RANDOM"", ""RANDOM"", ""RANDOM""]","[0.2481481432914734, 0.23827160894870758, 0.48641976714134216, 0.29506173729896545, 0.8987654447555542, 0.2716049253940582, 0.2567901313304901, 0.24444444477558136, 0.48271605372428894, 0.2629629671573639, 0.27037036418914795, 0.287654310464859, 0.24320988357067108, 0.2617284059524536, 0.27037036418914795]","[4, 9, 0, 5, 1, 8, 11, 12, 2, 14, 13, 7, 10, 6, 3]",C:\Users\Yin Kuan\OneDrive\桌面\Durham_CS\Research\TA-DVFG\results\core_cache_v2\dblp_hard_useful3_seed46_party_preds.pt,801d567b5ea67b4c764d91181c240c9589aac4b0bcac9428d249291a7c4e8e59,3,Adaptive Complementarity,1.0,15.0,15.0,7.0,3.0,7.0,1.0
DBLP,hard,46,adaptive_graph_val,5,0.9098765254020692,0.9066339135169984,0.9002060381593063,0.9002060381593063,0.9066339135169984,0.8992629051208496,0,486840,486840,113596,600436,peer_to_peer_topology,all_supervised,supervised,shared_val,all_parties,0,True,all_parties_supervised_simulation,all_parties,all_parties,all_parties_supervised,shared,1.0,810,810,active,0.5,0.9066339135169984,0.4022931983073552,0.7665847539901733,0.2407862395048141,0.8968058824539185,none,0.0,0,15,[],-1.0,-1.0,5,486840,113596,729000,5,729000,7770,20.414392500009853,1,2,2,"[[0,4],[2,4],[2,10],[3,6],[6,7]]","[false, false, true, false, true, false, false, false, true, false, false, false, false, false, false]","[""RANDOM"", ""RANDOM"", ""APA"", ""RANDOM"", ""APCPA"", ""RANDOM"", ""RANDOM"", ""RANDOM"", ""APTPA"", ""RANDOM"", ""RANDOM"", ""RANDOM"", ""RANDOM"", ""RANDOM"", ""RANDOM""]","[0.2481481432914734, 0.23827160894870758, 0.48641976714134216, 0.29506173729896545, 0.8987654447555542, 0.2716049253940582, 0.2567901313304901, 0.24444444477558136, 0.48271605372428894, 0.2629629671573639, 0.27037036418914795, 0.287654310464859, 0.24320988357067108, 0.2617284059524536, 0.27037036418914795]","[4, 9, 0, 5, 1, 8, 11, 12, 2, 14, 13, 7, 10, 6, 3]",C:\Users\Yin Kuan\OneDrive\桌面\Durham_CS\Research\TA-DVFG\results\core_cache_v2\dblp_hard_useful3_seed46_party_preds.pt,801d567b5ea67b4c764d91181c240c9589aac4b0bcac9428d249291a7c4e8e59,3,TA-DVFG,10.0,4.0,3.5,3.0,1.6666666666666667,2.2,0.4
