dataset,seed,weak_count,num_parties,method,test_at_best_val,macro_f1,selected_links,peer_communication,readout_communication,topology_control_communication,total_communication,candidate_evaluations,topology_time_seconds,selected_edges,useful_party_mask,party_view_names,party_permutation,parent_cache,parent_cache_fingerprint,subset_cache_fingerprint
ACM,42,0,3,single_party_best,0.8121910691261292,0.8130015411075227,0,0,0,0,0,0,0.0,[],"[true, true, true]","[""KNN"", ""PAP"", ""PSP""]","[2, 0, 1]",C:\Users\Yin Kuan\OneDrive\桌面\Durham_CS\Research\TA-DVFG\results\nested_weak_cache\acm\nested_weak18_acm_hard_n18_useful3_seed42_party_preds.pt,59d2dc438a852431c287ba89d276ec71c7fdb91ec31f8eb1382dbfa1aba0493c,65439db93ff76c2b52f461c0cadd9e6046fb846f69d9caf29d529853a3042e6c
ACM,42,0,3,topk_reliability_vote,0.8714991807937622,0.8713556136982805,0,0,27225,0,27225,0,0.0,[],"[true, true, true]","[""KNN"", ""PAP"", ""PSP""]","[2, 0, 1]",C:\Users\Yin Kuan\OneDrive\桌面\Durham_CS\Research\TA-DVFG\results\nested_weak_cache\acm\nested_weak18_acm_hard_n18_useful3_seed42_party_preds.pt,59d2dc438a852431c287ba89d276ec71c7fdb91ec31f8eb1382dbfa1aba0493c,65439db93ff76c2b52f461c0cadd9e6046fb846f69d9caf29d529853a3042e6c
ACM,42,0,3,random_matched,0.8714991807937622,0.8713556136982805,3,54450,27225,0,81675,0,0.0,"[[0,1],[0,2],[1,2]]","[true, true, true]","[""KNN"", ""PAP"", ""PSP""]","[2, 0, 1]",C:\Users\Yin Kuan\OneDrive\桌面\Durham_CS\Research\TA-DVFG\results\nested_weak_cache\acm\nested_weak18_acm_hard_n18_useful3_seed42_party_preds.pt,59d2dc438a852431c287ba89d276ec71c7fdb91ec31f8eb1382dbfa1aba0493c,65439db93ff76c2b52f461c0cadd9e6046fb846f69d9caf29d529853a3042e6c
ACM,42,0,3,adaptive_pair,0.8714991807937622,0.8713556136982805,3,54450,27225,1630800,81675,0,1.9566781999728846,"[[0,1],[0,2],[1,2]]","[true, true, true]","[""KNN"", ""PAP"", ""PSP""]","[2, 0, 1]",C:\Users\Yin Kuan\OneDrive\桌面\Durham_CS\Research\TA-DVFG\results\nested_weak_cache\acm\nested_weak18_acm_hard_n18_useful3_seed42_party_preds.pt,59d2dc438a852431c287ba89d276ec71c7fdb91ec31f8eb1382dbfa1aba0493c,65439db93ff76c2b52f461c0cadd9e6046fb846f69d9caf29d529853a3042e6c
ACM,42,0,3,adaptive_complementarity,0.8714991807937622,0.8713556136982805,3,54450,27225,1630800,81675,0,2.3212163999724,"[[0,1],[0,2],[1,2]]","[true, true, true]","[""KNN"", ""PAP"", ""PSP""]","[2, 0, 1]",C:\Users\Yin Kuan\OneDrive\桌面\Durham_CS\Research\TA-DVFG\results\nested_weak_cache\acm\nested_weak18_acm_hard_n18_useful3_seed42_party_preds.pt,59d2dc438a852431c287ba89d276ec71c7fdb91ec31f8eb1382dbfa1aba0493c,65439db93ff76c2b52f461c0cadd9e6046fb846f69d9caf29d529853a3042e6c
ACM,42,0,3,full_mesh,0.8714991807937622,0.8713556136982805,3,54450,27225,0,81675,0,0.0,"[[0,1],[0,2],[1,2]]","[true, true, true]","[""KNN"", ""PAP"", ""PSP""]","[2, 0, 1]",C:\Users\Yin Kuan\OneDrive\桌面\Durham_CS\Research\TA-DVFG\results\nested_weak_cache\acm\nested_weak18_acm_hard_n18_useful3_seed42_party_preds.pt,59d2dc438a852431c287ba89d276ec71c7fdb91ec31f8eb1382dbfa1aba0493c,65439db93ff76c2b52f461c0cadd9e6046fb846f69d9caf29d529853a3042e6c
ACM,42,0,3,adaptive_graph_val,0.8714991807937622,0.8713556136982805,3,54450,27225,1630800,81675,1800,7.390031499975521,"[[0,1],[0,2],[1,2]]","[true, true, true]","[""KNN"", ""PAP"", ""PSP""]","[2, 0, 1]",C:\Users\Yin Kuan\OneDrive\桌面\Durham_CS\Research\TA-DVFG\results\nested_weak_cache\acm\nested_weak18_acm_hard_n18_useful3_seed42_party_preds.pt,59d2dc438a852431c287ba89d276ec71c7fdb91ec31f8eb1382dbfa1aba0493c,65439db93ff76c2b52f461c0cadd9e6046fb846f69d9caf29d529853a3042e6c
ACM,42,2,5,single_party_best,0.8121910691261292,0.8130015411075227,0,0,0,0,0,0,0.0,[],"[false, true, false, true, true]","[""RANDOM"", ""PAP"", ""RANDOM"", ""PSP"", ""KNN""]","[3, 0, 4, 1, 2]",C:\Users\Yin Kuan\OneDrive\桌面\Durham_CS\Research\TA-DVFG\results\nested_weak_cache\acm\nested_weak18_acm_hard_n18_useful3_seed42_party_preds.pt,59d2dc438a852431c287ba89d276ec71c7fdb91ec31f8eb1382dbfa1aba0493c,b4e43ed20dbd6d119cd69534475927d3db1455641578e5c3200408020acd5377
ACM,42,2,5,topk_reliability_vote,0.8369027972221375,0.8370604844408945,0,0,45375,0,45375,0,0.0,[],"[false, true, false, true, true]","[""RANDOM"", ""PAP"", ""RANDOM"", ""PSP"", ""KNN""]","[3, 0, 4, 1, 2]",C:\Users\Yin Kuan\OneDrive\桌面\Durham_CS\Research\TA-DVFG\results\nested_weak_cache\acm\nested_weak18_acm_hard_n18_useful3_seed42_party_preds.pt,59d2dc438a852431c287ba89d276ec71c7fdb91ec31f8eb1382dbfa1aba0493c,b4e43ed20dbd6d119cd69534475927d3db1455641578e5c3200408020acd5377
ACM,42,2,5,random_matched,0.8418450951576233,0.8424290224407301,5,90750,45375,0,136125,0,0.0,"[[0,1],[0,2],[0,3],[1,2],[3,4]]","[false, true, false, true, true]","[""RANDOM"", ""PAP"", ""RANDOM"", ""PSP"", ""KNN""]","[3, 0, 4, 1, 2]",C:\Users\Yin Kuan\OneDrive\桌面\Durham_CS\Research\TA-DVFG\results\nested_weak_cache\acm\nested_weak18_acm_hard_n18_useful3_seed42_party_preds.pt,59d2dc438a852431c287ba89d276ec71c7fdb91ec31f8eb1382dbfa1aba0493c,b4e43ed20dbd6d119cd69534475927d3db1455641578e5c3200408020acd5377
ACM,42,2,5,adaptive_pair,0.8418450951576233,0.84155196406088,4,72600,45375,2718000,117975,0,5.676328599995031,"[[0,2],[1,3],[1,4],[3,4]]","[false, true, false, true, true]","[""RANDOM"", ""PAP"", ""RANDOM"", ""PSP"", ""KNN""]","[3, 0, 4, 1, 2]",C:\Users\Yin Kuan\OneDrive\桌面\Durham_CS\Research\TA-DVFG\results\nested_weak_cache\acm\nested_weak18_acm_hard_n18_useful3_seed42_party_preds.pt,59d2dc438a852431c287ba89d276ec71c7fdb91ec31f8eb1382dbfa1aba0493c,b4e43ed20dbd6d119cd69534475927d3db1455641578e5c3200408020acd5377
ACM,42,2,5,adaptive_complementarity,0.8418450951576233,0.84155196406088,4,72600,45375,2718000,117975,0,5.6040393999919615,"[[0,2],[1,3],[1,4],[3,4]]","[false, true, false, true, true]","[""RANDOM"", ""PAP"", ""RANDOM"", ""PSP"", ""KNN""]","[3, 0, 4, 1, 2]",C:\Users\Yin Kuan\OneDrive\桌面\Durham_CS\Research\TA-DVFG\results\nested_weak_cache\acm\nested_weak18_acm_hard_n18_useful3_seed42_party_preds.pt,59d2dc438a852431c287ba89d276ec71c7fdb91ec31f8eb1382dbfa1aba0493c,b4e43ed20dbd6d119cd69534475927d3db1455641578e5c3200408020acd5377
ACM,42,2,5,full_mesh,0.8418450951576233,0.8421650535430919,10,181500,45375,0,226875,0,0.0,"[[0,1],[0,2],[0,3],[0,4],[1,2],[1,3],[1,4],[2,3],[2,4],[3,4]]","[false, true, false, true, true]","[""RANDOM"", ""PAP"", ""RANDOM"", ""PSP"", ""KNN""]","[3, 0, 4, 1, 2]",C:\Users\Yin Kuan\OneDrive\桌面\Durham_CS\Research\TA-DVFG\results\nested_weak_cache\acm\nested_weak18_acm_hard_n18_useful3_seed42_party_preds.pt,59d2dc438a852431c287ba89d276ec71c7fdb91ec31f8eb1382dbfa1aba0493c,b4e43ed20dbd6d119cd69534475927d3db1455641578e5c3200408020acd5377
ACM,42,2,5,adaptive_graph_val,0.8484349250793457,0.8476975649924645,4,72600,36300,2718000,108900,8331,37.95272209999894,"[[0,1],[0,3],[1,4],[3,4]]","[false, true, false, true, true]","[""RANDOM"", ""PAP"", ""RANDOM"", ""PSP"", ""KNN""]","[3, 0, 4, 1, 2]",C:\Users\Yin Kuan\OneDrive\桌面\Durham_CS\Research\TA-DVFG\results\nested_weak_cache\acm\nested_weak18_acm_hard_n18_useful3_seed42_party_preds.pt,59d2dc438a852431c287ba89d276ec71c7fdb91ec31f8eb1382dbfa1aba0493c,b4e43ed20dbd6d119cd69534475927d3db1455641578e5c3200408020acd5377
ACM,42,5,8,single_party_best,0.8121910691261292,0.8130015411075227,0,0,0,0,0,0,0.0,[],"[true, false, false, false, false, true, true, false]","[""PSP"", ""RANDOM"", ""RANDOM"", ""RANDOM"", ""RANDOM"", ""PAP"", ""KNN"", ""RANDOM""]","[1, 5, 6, 4, 3, 0, 2, 7]",C:\Users\Yin Kuan\OneDrive\桌面\Durham_CS\Research\TA-DVFG\results\nested_weak_cache\acm\nested_weak18_acm_hard_n18_useful3_seed42_party_preds.pt,59d2dc438a852431c287ba89d276ec71c7fdb91ec31f8eb1382dbfa1aba0493c,9376cbb9be44bbeecfc7d1f285cda91e4e2b25e8e2ba61e6c8c77d395588a46a
ACM,42,5,8,topk_reliability_vote,0.8566721677780151,0.8562430405407307,0,0,45375,0,45375,0,0.0,[],"[true, false, false, false, false, true, true, false]","[""PSP"", ""RANDOM"", ""RANDOM"", ""RANDOM"", ""RANDOM"", ""PAP"", ""KNN"", ""RANDOM""]","[1, 5, 6, 4, 3, 0, 2, 7]",C:\Users\Yin Kuan\OneDrive\桌面\Durham_CS\Research\TA-DVFG\results\nested_weak_cache\acm\nested_weak18_acm_hard_n18_useful3_seed42_party_preds.pt,59d2dc438a852431c287ba89d276ec71c7fdb91ec31f8eb1382dbfa1aba0493c,9376cbb9be44bbeecfc7d1f285cda91e4e2b25e8e2ba61e6c8c77d395588a46a
ACM,42,5,8,random_matched,0.8204283118247986,0.8216931121191796,5,90750,54450,0,145200,0,0.0,"[[0,2],[1,5],[1,6],[5,7],[6,7]]","[true, false, false, false, false, true, true, false]","[""PSP"", ""RANDOM"", ""RANDOM"", ""RANDOM"", ""RANDOM"", ""PAP"", ""KNN"", ""RANDOM""]","[1, 5, 6, 4, 3, 0, 2, 7]",C:\Users\Yin Kuan\OneDrive\桌面\Durham_CS\Research\TA-DVFG\results\nested_weak_cache\acm\nested_weak18_acm_hard_n18_useful3_seed42_party_preds.pt,59d2dc438a852431c287ba89d276ec71c7fdb91ec31f8eb1382dbfa1aba0493c,9376cbb9be44bbeecfc7d1f285cda91e4e2b25e8e2ba61e6c8c77d395588a46a
ACM,42,5,8,adaptive_pair,0.830312967300415,0.8306966109708286,7,127050,72600,4348800,199650,0,18.54504889999771,"[[0,5],[0,6],[1,2],[1,4],[2,4],[3,7],[5,6]]","[true, false, false, false, false, true, true, false]","[""PSP"", ""RANDOM"", ""RANDOM"", ""RANDOM"", ""RANDOM"", ""PAP"", ""KNN"", ""RANDOM""]","[1, 5, 6, 4, 3, 0, 2, 7]",C:\Users\Yin Kuan\OneDrive\桌面\Durham_CS\Research\TA-DVFG\results\nested_weak_cache\acm\nested_weak18_acm_hard_n18_useful3_seed42_party_preds.pt,59d2dc438a852431c287ba89d276ec71c7fdb91ec31f8eb1382dbfa1aba0493c,9376cbb9be44bbeecfc7d1f285cda91e4e2b25e8e2ba61e6c8c77d395588a46a
ACM,42,5,8,adaptive_complementarity,0.8369027972221375,0.8372904241605319,7,127050,63525,4348800,190575,0,20.048355600009018,"[[0,5],[0,6],[1,4],[1,7],[2,4],[2,7],[5,6]]","[true, false, false, false, false, true, true, false]","[""PSP"", ""RANDOM"", ""RANDOM"", ""RANDOM"", ""RANDOM"", ""PAP"", ""KNN"", ""RANDOM""]","[1, 5, 6, 4, 3, 0, 2, 7]",C:\Users\Yin Kuan\OneDrive\桌面\Durham_CS\Research\TA-DVFG\results\nested_weak_cache\acm\nested_weak18_acm_hard_n18_useful3_seed42_party_preds.pt,59d2dc438a852431c287ba89d276ec71c7fdb91ec31f8eb1382dbfa1aba0493c,9376cbb9be44bbeecfc7d1f285cda91e4e2b25e8e2ba61e6c8c77d395588a46a
ACM,42,5,8,full_mesh,0.8187808990478516,0.8193124023385394,28,508200,72600,0,580800,0,0.0,"[[0,1],[0,2],[0,3],[0,4],[0,5],[0,6],[0,7],[1,2],[1,3],[1,4],[1,5],[1,6],[1,7],[2,3],[2,4],[2,5],[2,6],[2,7],[3,4],[3,5],[3,6],[3,7],[4,5],[4,6],[4,7],[5,6],[5,7],[6,7]]","[true, false, false, false, false, true, true, false]","[""PSP"", ""RANDOM"", ""RANDOM"", ""RANDOM"", ""RANDOM"", ""PAP"", ""KNN"", ""RANDOM""]","[1, 5, 6, 4, 3, 0, 2, 7]",C:\Users\Yin Kuan\OneDrive\桌面\Durham_CS\Research\TA-DVFG\results\nested_weak_cache\acm\nested_weak18_acm_hard_n18_useful3_seed42_party_preds.pt,59d2dc438a852431c287ba89d276ec71c7fdb91ec31f8eb1382dbfa1aba0493c,9376cbb9be44bbeecfc7d1f285cda91e4e2b25e8e2ba61e6c8c77d395588a46a
ACM,42,5,8,adaptive_graph_val,0.861614465713501,0.8614465408805031,5,90750,45375,4348800,136125,31142,175.9096362999826,"[[0,4],[0,6],[1,4],[1,5],[5,6]]","[true, false, false, false, false, true, true, false]","[""PSP"", ""RANDOM"", ""RANDOM"", ""RANDOM"", ""RANDOM"", ""PAP"", ""KNN"", ""RANDOM""]","[1, 5, 6, 4, 3, 0, 2, 7]",C:\Users\Yin Kuan\OneDrive\桌面\Durham_CS\Research\TA-DVFG\results\nested_weak_cache\acm\nested_weak18_acm_hard_n18_useful3_seed42_party_preds.pt,59d2dc438a852431c287ba89d276ec71c7fdb91ec31f8eb1382dbfa1aba0493c,9376cbb9be44bbeecfc7d1f285cda91e4e2b25e8e2ba61e6c8c77d395588a46a
ACM,42,10,13,single_party_best,0.8121910691261292,0.8130015411075227,0,0,0,0,0,0,0.0,[],"[true, false, false, false, true, false, false, true, false, false, false, false, false]","[""PAP"", ""RANDOM"", ""RANDOM"", ""RANDOM"", ""KNN"", ""RANDOM"", ""RANDOM"", ""PSP"", ""RANDOM"", ""RANDOM"", ""RANDOM"", ""RANDOM"", ""RANDOM""]","[0, 12, 8, 9, 2, 10, 3, 1, 5, 7, 4, 6, 11]",C:\Users\Yin Kuan\OneDrive\桌面\Durham_CS\Research\TA-DVFG\results\nested_weak_cache\acm\nested_weak18_acm_hard_n18_useful3_seed42_party_preds.pt,59d2dc438a852431c287ba89d276ec71c7fdb91ec31f8eb1382dbfa1aba0493c,891e71b3a97f60b4393245c406fd988a3914c011b7ed3c18faa94d49417d126f
ACM,42,10,13,topk_reliability_vote,0.8550246953964233,0.8544387822838321,0,0,45375,0,45375,0,0.0,[],"[true, false, false, false, true, false, false, true, false, false, false, false, false]","[""PAP"", ""RANDOM"", ""RANDOM"", ""RANDOM"", ""KNN"", ""RANDOM"", ""RANDOM"", ""PSP"", ""RANDOM"", ""RANDOM"", ""RANDOM"", ""RANDOM"", ""RANDOM""]","[0, 12, 8, 9, 2, 10, 3, 1, 5, 7, 4, 6, 11]",C:\Users\Yin Kuan\OneDrive\桌面\Durham_CS\Research\TA-DVFG\results\nested_weak_cache\acm\nested_weak18_acm_hard_n18_useful3_seed42_party_preds.pt,59d2dc438a852431c287ba89d276ec71c7fdb91ec31f8eb1382dbfa1aba0493c,891e71b3a97f60b4393245c406fd988a3914c011b7ed3c18faa94d49417d126f
ACM,42,10,13,random_matched,0.5469521880149841,0.5435514688531955,5,90750,63525,0,154275,0,0.0,"[[1,9],[3,9],[4,11],[6,8],[6,11]]","[true, false, false, false, true, false, false, true, false, false, false, false, false]","[""PAP"", ""RANDOM"", ""RANDOM"", ""RANDOM"", ""KNN"", ""RANDOM"", ""RANDOM"", ""PSP"", ""RANDOM"", ""RANDOM"", ""RANDOM"", ""RANDOM"", ""RANDOM""]","[0, 12, 8, 9, 2, 10, 3, 1, 5, 7, 4, 6, 11]",C:\Users\Yin Kuan\OneDrive\桌面\Durham_CS\Research\TA-DVFG\results\nested_weak_cache\acm\nested_weak18_acm_hard_n18_useful3_seed42_party_preds.pt,59d2dc438a852431c287ba89d276ec71c7fdb91ec31f8eb1382dbfa1aba0493c,891e71b3a97f60b4393245c406fd988a3914c011b7ed3c18faa94d49417d126f
ACM,42,10,13,adaptive_pair,0.7874794006347656,0.7883906355798219,13,235950,117975,7066800,353925,0,40.23193469998296,"[[0,4],[0,7],[1,2],[1,12],[2,12],[3,8],[3,11],[4,7],[5,9],[5,10],[6,8],[6,11],[9,10]]","[true, false, false, false, true, false, false, true, false, false, false, false, false]","[""PAP"", ""RANDOM"", ""RANDOM"", ""RANDOM"", ""KNN"", ""RANDOM"", ""RANDOM"", ""PSP"", ""RANDOM"", ""RANDOM"", ""RANDOM"", ""RANDOM"", ""RANDOM""]","[0, 12, 8, 9, 2, 10, 3, 1, 5, 7, 4, 6, 11]",C:\Users\Yin Kuan\OneDrive\桌面\Durham_CS\Research\TA-DVFG\results\nested_weak_cache\acm\nested_weak18_acm_hard_n18_useful3_seed42_party_preds.pt,59d2dc438a852431c287ba89d276ec71c7fdb91ec31f8eb1382dbfa1aba0493c,891e71b3a97f60b4393245c406fd988a3914c011b7ed3c18faa94d49417d126f
ACM,42,10,13,adaptive_complementarity,0.7940691709518433,0.7943998980185484,12,217800,117975,7066800,335775,0,39.00147080002171,"[[0,4],[0,7],[1,2],[1,12],[2,12],[3,10],[3,11],[4,7],[5,9],[6,8],[6,11],[8,10]]","[true, false, false, false, true, false, false, true, false, false, false, false, false]","[""PAP"", ""RANDOM"", ""RANDOM"", ""RANDOM"", ""KNN"", ""RANDOM"", ""RANDOM"", ""PSP"", ""RANDOM"", ""RANDOM"", ""RANDOM"", ""RANDOM"", ""RANDOM""]","[0, 12, 8, 9, 2, 10, 3, 1, 5, 7, 4, 6, 11]",C:\Users\Yin Kuan\OneDrive\桌面\Durham_CS\Research\TA-DVFG\results\nested_weak_cache\acm\nested_weak18_acm_hard_n18_useful3_seed42_party_preds.pt,59d2dc438a852431c287ba89d276ec71c7fdb91ec31f8eb1382dbfa1aba0493c,891e71b3a97f60b4393245c406fd988a3914c011b7ed3c18faa94d49417d126f
ACM,42,10,13,full_mesh,0.7874794006347656,0.7883906355798219,78,1415700,117975,0,1533675,0,0.0,"[[0,1],[0,2],[0,3],[0,4],[0,5],[0,6],[0,7],[0,8],[0,9],[0,10],[0,11],[0,12],[1,2],[1,3],[1,4],[1,5],[1,6],[1,7],[1,8],[1,9],[1,10],[1,11],[1,12],[2,3],[2,4],[2,5],[2,6],[2,7],[2,8],[2,9],[2,10],[2,11],[2,12],[3,4],[3,5],[3,6],[3,7],[3,8],[3,9],[3,10],[3,11],[3,12],[4,5],[4,6],[4,7],[4,8],[4,9],[4,10],[4,11],[4,12],[5,6],[5,7],[5,8],[5,9],[5,10],[5,11],[5,12],[6,7],[6,8],[6,9],[6,10],[6,11],[6,12],[7,8],[7,9],[7,10],[7,11],[7,12],[8,9],[8,10],[8,11],[8,12],[9,10],[9,11],[9,12],[10,11],[10,12],[11,12]]","[true, false, false, false, true, false, false, true, false, false, false, false, false]","[""PAP"", ""RANDOM"", ""RANDOM"", ""RANDOM"", ""KNN"", ""RANDOM"", ""RANDOM"", ""PSP"", ""RANDOM"", ""RANDOM"", ""RANDOM"", ""RANDOM"", ""RANDOM""]","[0, 12, 8, 9, 2, 10, 3, 1, 5, 7, 4, 6, 11]",C:\Users\Yin Kuan\OneDrive\桌面\Durham_CS\Research\TA-DVFG\results\nested_weak_cache\acm\nested_weak18_acm_hard_n18_useful3_seed42_party_preds.pt,59d2dc438a852431c287ba89d276ec71c7fdb91ec31f8eb1382dbfa1aba0493c,891e71b3a97f60b4393245c406fd988a3914c011b7ed3c18faa94d49417d126f
ACM,42,10,13,adaptive_graph_val,0.8434925675392151,0.8434040071625581,5,90750,45375,7066800,136125,106851,676.0640226999985,"[[0,4],[0,12],[4,7],[6,7],[6,12]]","[true, false, false, false, true, false, false, true, false, false, false, false, false]","[""PAP"", ""RANDOM"", ""RANDOM"", ""RANDOM"", ""KNN"", ""RANDOM"", ""RANDOM"", ""PSP"", ""RANDOM"", ""RANDOM"", ""RANDOM"", ""RANDOM"", ""RANDOM""]","[0, 12, 8, 9, 2, 10, 3, 1, 5, 7, 4, 6, 11]",C:\Users\Yin Kuan\OneDrive\桌面\Durham_CS\Research\TA-DVFG\results\nested_weak_cache\acm\nested_weak18_acm_hard_n18_useful3_seed42_party_preds.pt,59d2dc438a852431c287ba89d276ec71c7fdb91ec31f8eb1382dbfa1aba0493c,891e71b3a97f60b4393245c406fd988a3914c011b7ed3c18faa94d49417d126f
ACM,42,15,18,single_party_best,0.8121910691261292,0.8130015411075227,0,0,0,0,0,0,0.0,[],"[true, false, false, false, false, false, false, false, false, false, true, false, false, true, false, false, false, false]","[""PSP"", ""RANDOM"", ""RANDOM"", ""RANDOM"", ""RANDOM"", ""RANDOM"", ""RANDOM"", ""RANDOM"", ""RANDOM"", ""RANDOM"", ""PAP"", ""RANDOM"", ""RANDOM"", ""KNN"", ""RANDOM"", ""RANDOM"", ""RANDOM"", ""RANDOM""]","[1, 16, 6, 13, 4, 3, 17, 9, 7, 15, 0, 12, 14, 2, 5, 11, 8, 10]",C:\Users\Yin Kuan\OneDrive\桌面\Durham_CS\Research\TA-DVFG\results\nested_weak_cache\acm\nested_weak18_acm_hard_n18_useful3_seed42_party_preds.pt,59d2dc438a852431c287ba89d276ec71c7fdb91ec31f8eb1382dbfa1aba0493c,59d71791835227fb4ba875864e93485f1b5525dc1c411b32e252d592998873a4
ACM,42,15,18,topk_reliability_vote,0.8550246953964233,0.8544387822838321,0,0,45375,0,45375,0,0.0,[],"[true, false, false, false, false, false, false, false, false, false, true, false, false, true, false, false, false, false]","[""PSP"", ""RANDOM"", ""RANDOM"", ""RANDOM"", ""RANDOM"", ""RANDOM"", ""RANDOM"", ""RANDOM"", ""RANDOM"", ""RANDOM"", ""PAP"", ""RANDOM"", ""RANDOM"", ""KNN"", ""RANDOM"", ""RANDOM"", ""RANDOM"", ""RANDOM""]","[1, 16, 6, 13, 4, 3, 17, 9, 7, 15, 0, 12, 14, 2, 5, 11, 8, 10]",C:\Users\Yin Kuan\OneDrive\桌面\Durham_CS\Research\TA-DVFG\results\nested_weak_cache\acm\nested_weak18_acm_hard_n18_useful3_seed42_party_preds.pt,59d2dc438a852431c287ba89d276ec71c7fdb91ec31f8eb1382dbfa1aba0493c,59d71791835227fb4ba875864e93485f1b5525dc1c411b32e252d592998873a4
ACM,42,15,18,random_matched,0.6606259942054749,0.6585533778159717,5,90750,81675,0,172425,0,0.0,"[[0,1],[4,9],[5,6],[7,15],[9,13]]","[true, false, false, false, false, false, false, false, false, false, true, false, false, true, false, false, false, false]","[""PSP"", ""RANDOM"", ""RANDOM"", ""RANDOM"", ""RANDOM"", ""RANDOM"", ""RANDOM"", ""RANDOM"", ""RANDOM"", ""RANDOM"", ""PAP"", ""RANDOM"", ""RANDOM"", ""KNN"", ""RANDOM"", ""RANDOM"", ""RANDOM"", ""RANDOM""]","[1, 16, 6, 13, 4, 3, 17, 9, 7, 15, 0, 12, 14, 2, 5, 11, 8, 10]",C:\Users\Yin Kuan\OneDrive\桌面\Durham_CS\Research\TA-DVFG\results\nested_weak_cache\acm\nested_weak18_acm_hard_n18_useful3_seed42_party_preds.pt,59d2dc438a852431c287ba89d276ec71c7fdb91ec31f8eb1382dbfa1aba0493c,59d71791835227fb4ba875864e93485f1b5525dc1c411b32e252d592998873a4
ACM,42,15,18,adaptive_pair,0.7759472727775574,0.7758917377223425,15,272250,145200,9784800,417450,0,79.01066340001307,"[[0,10],[0,13],[2,14],[2,16],[3,6],[3,7],[5,9],[6,11],[7,14],[8,9],[8,17],[10,13],[11,15],[12,17],[15,16]]","[true, false, false, false, false, false, false, false, false, false, true, false, false, true, false, false, false, false]","[""PSP"", ""RANDOM"", ""RANDOM"", ""RANDOM"", ""RANDOM"", ""RANDOM"", ""RANDOM"", ""RANDOM"", ""RANDOM"", ""RANDOM"", ""PAP"", ""RANDOM"", ""RANDOM"", ""KNN"", ""RANDOM"", ""RANDOM"", ""RANDOM"", ""RANDOM""]","[1, 16, 6, 13, 4, 3, 17, 9, 7, 15, 0, 12, 14, 2, 5, 11, 8, 10]",C:\Users\Yin Kuan\OneDrive\桌面\Durham_CS\Research\TA-DVFG\results\nested_weak_cache\acm\nested_weak18_acm_hard_n18_useful3_seed42_party_preds.pt,59d2dc438a852431c287ba89d276ec71c7fdb91ec31f8eb1382dbfa1aba0493c,59d71791835227fb4ba875864e93485f1b5525dc1c411b32e252d592998873a4
ACM,42,15,18,adaptive_complementarity,0.7742998003959656,0.7756390718902147,15,272250,145200,9784800,417450,0,80.14065249999658,"[[0,10],[0,13],[2,7],[2,16],[3,5],[3,8],[6,9],[6,11],[7,14],[8,17],[10,13],[11,15],[12,14],[12,17],[15,16]]","[true, false, false, false, false, false, false, false, false, false, true, false, false, true, false, false, false, false]","[""PSP"", ""RANDOM"", ""RANDOM"", ""RANDOM"", ""RANDOM"", ""RANDOM"", ""RANDOM"", ""RANDOM"", ""RANDOM"", ""RANDOM"", ""PAP"", ""RANDOM"", ""RANDOM"", ""KNN"", ""RANDOM"", ""RANDOM"", ""RANDOM"", ""RANDOM""]","[1, 16, 6, 13, 4, 3, 17, 9, 7, 15, 0, 12, 14, 2, 5, 11, 8, 10]",C:\Users\Yin Kuan\OneDrive\桌面\Durham_CS\Research\TA-DVFG\results\nested_weak_cache\acm\nested_weak18_acm_hard_n18_useful3_seed42_party_preds.pt,59d2dc438a852431c287ba89d276ec71c7fdb91ec31f8eb1382dbfa1aba0493c,59d71791835227fb4ba875864e93485f1b5525dc1c411b32e252d592998873a4
ACM,42,15,18,full_mesh,0.7462932467460632,0.7456610894323811,153,2776950,163350,0,2940300,0,0.0,"[[0,1],[0,2],[0,3],[0,4],[0,5],[0,6],[0,7],[0,8],[0,9],[0,10],[0,11],[0,12],[0,13],[0,14],[0,15],[0,16],[0,17],[1,2],[1,3],[1,4],[1,5],[1,6],[1,7],[1,8],[1,9],[1,10],[1,11],[1,12],[1,13],[1,14],[1,15],[1,16],[1,17],[2,3],[2,4],[2,5],[2,6],[2,7],[2,8],[2,9],[2,10],[2,11],[2,12],[2,13],[2,14],[2,15],[2,16],[2,17],[3,4],[3,5],[3,6],[3,7],[3,8],[3,9],[3,10],[3,11],[3,12],[3,13],[3,14],[3,15],[3,16],[3,17],[4,5],[4,6],[4,7],[4,8],[4,9],[4,10],[4,11],[4,12],[4,13],[4,14],[4,15],[4,16],[4,17],[5,6],[5,7],[5,8],[5,9],[5,10],[5,11],[5,12],[5,13],[5,14],[5,15],[5,16],[5,17],[6,7],[6,8],[6,9],[6,10],[6,11],[6,12],[6,13],[6,14],[6,15],[6,16],[6,17],[7,8],[7,9],[7,10],[7,11],[7,12],[7,13],[7,14],[7,15],[7,16],[7,17],[8,9],[8,10],[8,11],[8,12],[8,13],[8,14],[8,15],[8,16],[8,17],[9,10],[9,11],[9,12],[9,13],[9,14],[9,15],[9,16],[9,17],[10,11],[10,12],[10,13],[10,14],[10,15],[10,16],[10,17],[11,12],[11,13],[11,14],[11,15],[11,16],[11,17],[12,13],[12,14],[12,15],[12,16],[12,17],[13,14],[13,15],[13,16],[13,17],[14,15],[14,16],[14,17],[15,16],[15,17],[16,17]]","[true, false, false, false, false, false, false, false, false, false, true, false, false, true, false, false, false, false]","[""PSP"", ""RANDOM"", ""RANDOM"", ""RANDOM"", ""RANDOM"", ""RANDOM"", ""RANDOM"", ""RANDOM"", ""RANDOM"", ""RANDOM"", ""PAP"", ""RANDOM"", ""RANDOM"", ""KNN"", ""RANDOM"", ""RANDOM"", ""RANDOM"", ""RANDOM""]","[1, 16, 6, 13, 4, 3, 17, 9, 7, 15, 0, 12, 14, 2, 5, 11, 8, 10]",C:\Users\Yin Kuan\OneDrive\桌面\Durham_CS\Research\TA-DVFG\results\nested_weak_cache\acm\nested_weak18_acm_hard_n18_useful3_seed42_party_preds.pt,59d2dc438a852431c287ba89d276ec71c7fdb91ec31f8eb1382dbfa1aba0493c,59d71791835227fb4ba875864e93485f1b5525dc1c411b32e252d592998873a4
ACM,42,15,18,adaptive_graph_val,0.8434925675392151,0.8434040071625581,5,90750,45375,9784800,136125,228674,17572.096786700014,"[[0,5],[0,13],[5,15],[10,13],[10,15]]","[true, false, false, false, false, false, false, false, false, false, true, false, false, true, false, false, false, false]","[""PSP"", ""RANDOM"", ""RANDOM"", ""RANDOM"", ""RANDOM"", ""RANDOM"", ""RANDOM"", ""RANDOM"", ""RANDOM"", ""RANDOM"", ""PAP"", ""RANDOM"", ""RANDOM"", ""KNN"", ""RANDOM"", ""RANDOM"", ""RANDOM"", ""RANDOM""]","[1, 16, 6, 13, 4, 3, 17, 9, 7, 15, 0, 12, 14, 2, 5, 11, 8, 10]",C:\Users\Yin Kuan\OneDrive\桌面\Durham_CS\Research\TA-DVFG\results\nested_weak_cache\acm\nested_weak18_acm_hard_n18_useful3_seed42_party_preds.pt,59d2dc438a852431c287ba89d276ec71c7fdb91ec31f8eb1382dbfa1aba0493c,59d71791835227fb4ba875864e93485f1b5525dc1c411b32e252d592998873a4
ACM,43,0,3,single_party_best,0.7990115284919739,0.8007942113005301,0,0,0,0,0,0,0.0,[],"[true, true, true]","[""KNN"", ""PAP"", ""PSP""]","[2, 0, 1]",C:\Users\Yin Kuan\OneDrive\桌面\Durham_CS\Research\TA-DVFG\results\nested_weak_cache\acm\nested_weak18_acm_hard_n18_useful3_seed43_party_preds.pt,8554915cc931c8717b98c38cb528a9f15aa43dbe063f4cde52aac353014dfb9e,d4d9e074a2ab39adac42a82dd9e0e79d19e34be08f11df3222be64a64f70a1bd
ACM,43,0,3,topk_reliability_vote,0.8484349250793457,0.8489593562709423,0,0,27225,0,27225,0,0.0,[],"[true, true, true]","[""KNN"", ""PAP"", ""PSP""]","[2, 0, 1]",C:\Users\Yin Kuan\OneDrive\桌面\Durham_CS\Research\TA-DVFG\results\nested_weak_cache\acm\nested_weak18_acm_hard_n18_useful3_seed43_party_preds.pt,8554915cc931c8717b98c38cb528a9f15aa43dbe063f4cde52aac353014dfb9e,d4d9e074a2ab39adac42a82dd9e0e79d19e34be08f11df3222be64a64f70a1bd
ACM,43,0,3,random_matched,0.8484349250793457,0.8489593562709423,3,54450,27225,0,81675,0,0.0,"[[0,1],[0,2],[1,2]]","[true, true, true]","[""KNN"", ""PAP"", ""PSP""]","[2, 0, 1]",C:\Users\Yin Kuan\OneDrive\桌面\Durham_CS\Research\TA-DVFG\results\nested_weak_cache\acm\nested_weak18_acm_hard_n18_useful3_seed43_party_preds.pt,8554915cc931c8717b98c38cb528a9f15aa43dbe063f4cde52aac353014dfb9e,d4d9e074a2ab39adac42a82dd9e0e79d19e34be08f11df3222be64a64f70a1bd
ACM,43,0,3,adaptive_pair,0.8484349250793457,0.8489593562709423,3,54450,27225,1630800,81675,0,2.055028399954608,"[[0,1],[0,2],[1,2]]","[true, true, true]","[""KNN"", ""PAP"", ""PSP""]","[2, 0, 1]",C:\Users\Yin Kuan\OneDrive\桌面\Durham_CS\Research\TA-DVFG\results\nested_weak_cache\acm\nested_weak18_acm_hard_n18_useful3_seed43_party_preds.pt,8554915cc931c8717b98c38cb528a9f15aa43dbe063f4cde52aac353014dfb9e,d4d9e074a2ab39adac42a82dd9e0e79d19e34be08f11df3222be64a64f70a1bd
ACM,43,0,3,adaptive_complementarity,0.8484349250793457,0.8489593562709423,3,54450,27225,1630800,81675,0,2.003111199948762,"[[0,1],[0,2],[1,2]]","[true, true, true]","[""KNN"", ""PAP"", ""PSP""]","[2, 0, 1]",C:\Users\Yin Kuan\OneDrive\桌面\Durham_CS\Research\TA-DVFG\results\nested_weak_cache\acm\nested_weak18_acm_hard_n18_useful3_seed43_party_preds.pt,8554915cc931c8717b98c38cb528a9f15aa43dbe063f4cde52aac353014dfb9e,d4d9e074a2ab39adac42a82dd9e0e79d19e34be08f11df3222be64a64f70a1bd
ACM,43,0,3,full_mesh,0.8484349250793457,0.8489593562709423,3,54450,27225,0,81675,0,0.0,"[[0,1],[0,2],[1,2]]","[true, true, true]","[""KNN"", ""PAP"", ""PSP""]","[2, 0, 1]",C:\Users\Yin Kuan\OneDrive\桌面\Durham_CS\Research\TA-DVFG\results\nested_weak_cache\acm\nested_weak18_acm_hard_n18_useful3_seed43_party_preds.pt,8554915cc931c8717b98c38cb528a9f15aa43dbe063f4cde52aac353014dfb9e,d4d9e074a2ab39adac42a82dd9e0e79d19e34be08f11df3222be64a64f70a1bd
ACM,43,0,3,adaptive_graph_val,0.8484349250793457,0.8489593562709423,3,54450,27225,1630800,81675,1800,7.811152999915066,"[[0,1],[0,2],[1,2]]","[true, true, true]","[""KNN"", ""PAP"", ""PSP""]","[2, 0, 1]",C:\Users\Yin Kuan\OneDrive\桌面\Durham_CS\Research\TA-DVFG\results\nested_weak_cache\acm\nested_weak18_acm_hard_n18_useful3_seed43_party_preds.pt,8554915cc931c8717b98c38cb528a9f15aa43dbe063f4cde52aac353014dfb9e,d4d9e074a2ab39adac42a82dd9e0e79d19e34be08f11df3222be64a64f70a1bd
ACM,43,2,5,single_party_best,0.7990115284919739,0.8007942113005301,0,0,0,0,0,0,0.0,[],"[true, false, false, true, true]","[""KNN"", ""RANDOM"", ""RANDOM"", ""PAP"", ""PSP""]","[2, 4, 3, 0, 1]",C:\Users\Yin Kuan\OneDrive\桌面\Durham_CS\Research\TA-DVFG\results\nested_weak_cache\acm\nested_weak18_acm_hard_n18_useful3_seed43_party_preds.pt,8554915cc931c8717b98c38cb528a9f15aa43dbe063f4cde52aac353014dfb9e,57476e2615a2bd9df88e9f87386e16a92ef4d7e30d4c2a61400a6d00c88dada8
ACM,43,2,5,topk_reliability_vote,0.8204283118247986,0.8193235602897094,0,0,45375,0,45375,0,0.0,[],"[true, false, false, true, true]","[""KNN"", ""RANDOM"", ""RANDOM"", ""PAP"", ""PSP""]","[2, 4, 3, 0, 1]",C:\Users\Yin Kuan\OneDrive\桌面\Durham_CS\Research\TA-DVFG\results\nested_weak_cache\acm\nested_weak18_acm_hard_n18_useful3_seed43_party_preds.pt,8554915cc931c8717b98c38cb528a9f15aa43dbe063f4cde52aac353014dfb9e,57476e2615a2bd9df88e9f87386e16a92ef4d7e30d4c2a61400a6d00c88dada8
ACM,43,2,5,random_matched,0.8056012988090515,0.803899385466007,5,90750,45375,0,136125,0,0.0,"[[0,1],[0,2],[1,3],[2,4],[3,4]]","[true, false, false, true, true]","[""KNN"", ""RANDOM"", ""RANDOM"", ""PAP"", ""PSP""]","[2, 4, 3, 0, 1]",C:\Users\Yin Kuan\OneDrive\桌面\Durham_CS\Research\TA-DVFG\results\nested_weak_cache\acm\nested_weak18_acm_hard_n18_useful3_seed43_party_preds.pt,8554915cc931c8717b98c38cb528a9f15aa43dbe063f4cde52aac353014dfb9e,57476e2615a2bd9df88e9f87386e16a92ef4d7e30d4c2a61400a6d00c88dada8
ACM,43,2,5,adaptive_pair,0.830312967300415,0.8296535098297212,4,72600,45375,2718000,117975,0,5.627235500054667,"[[0,3],[0,4],[1,2],[3,4]]","[true, false, false, true, true]","[""KNN"", ""RANDOM"", ""RANDOM"", ""PAP"", ""PSP""]","[2, 4, 3, 0, 1]",C:\Users\Yin Kuan\OneDrive\桌面\Durham_CS\Research\TA-DVFG\results\nested_weak_cache\acm\nested_weak18_acm_hard_n18_useful3_seed43_party_preds.pt,8554915cc931c8717b98c38cb528a9f15aa43dbe063f4cde52aac353014dfb9e,57476e2615a2bd9df88e9f87386e16a92ef4d7e30d4c2a61400a6d00c88dada8
ACM,43,2,5,adaptive_complementarity,0.830312967300415,0.8296535098297212,4,72600,45375,2718000,117975,0,6.335871800016321,"[[0,3],[0,4],[1,2],[3,4]]","[true, false, false, true, true]","[""KNN"", ""RANDOM"", ""RANDOM"", ""PAP"", ""PSP""]","[2, 4, 3, 0, 1]",C:\Users\Yin Kuan\OneDrive\桌面\Durham_CS\Research\TA-DVFG\results\nested_weak_cache\acm\nested_weak18_acm_hard_n18_useful3_seed43_party_preds.pt,8554915cc931c8717b98c38cb528a9f15aa43dbe063f4cde52aac353014dfb9e,57476e2615a2bd9df88e9f87386e16a92ef4d7e30d4c2a61400a6d00c88dada8
ACM,43,2,5,full_mesh,0.8220757842063904,0.8210554874903799,10,181500,45375,0,226875,0,0.0,"[[0,1],[0,2],[0,3],[0,4],[1,2],[1,3],[1,4],[2,3],[2,4],[3,4]]","[true, false, false, true, true]","[""KNN"", ""RANDOM"", ""RANDOM"", ""PAP"", ""PSP""]","[2, 4, 3, 0, 1]",C:\Users\Yin Kuan\OneDrive\桌面\Durham_CS\Research\TA-DVFG\results\nested_weak_cache\acm\nested_weak18_acm_hard_n18_useful3_seed43_party_preds.pt,8554915cc931c8717b98c38cb528a9f15aa43dbe063f4cde52aac353014dfb9e,57476e2615a2bd9df88e9f87386e16a92ef4d7e30d4c2a61400a6d00c88dada8
ACM,43,2,5,adaptive_graph_val,0.8418450951576233,0.8418508657854508,4,72600,36300,2718000,108900,8084,34.90129010001692,"[[0,2],[0,3],[2,4],[3,4]]","[true, false, false, true, true]","[""KNN"", ""RANDOM"", ""RANDOM"", ""PAP"", ""PSP""]","[2, 4, 3, 0, 1]",C:\Users\Yin Kuan\OneDrive\桌面\Durham_CS\Research\TA-DVFG\results\nested_weak_cache\acm\nested_weak18_acm_hard_n18_useful3_seed43_party_preds.pt,8554915cc931c8717b98c38cb528a9f15aa43dbe063f4cde52aac353014dfb9e,57476e2615a2bd9df88e9f87386e16a92ef4d7e30d4c2a61400a6d00c88dada8
ACM,43,5,8,single_party_best,0.7990115284919739,0.8007942113005301,0,0,0,0,0,0,0.0,[],"[false, false, true, true, false, false, false, true]","[""RANDOM"", ""RANDOM"", ""PSP"", ""PAP"", ""RANDOM"", ""RANDOM"", ""RANDOM"", ""KNN""]","[3, 6, 1, 0, 5, 7, 4, 2]",C:\Users\Yin Kuan\OneDrive\桌面\Durham_CS\Research\TA-DVFG\results\nested_weak_cache\acm\nested_weak18_acm_hard_n18_useful3_seed43_party_preds.pt,8554915cc931c8717b98c38cb528a9f15aa43dbe063f4cde52aac353014dfb9e,922784fbe8272d0c7e9a5cd57f702ac0b26bb7eb7fe9ed0c8419690d52c56331
ACM,43,5,8,topk_reliability_vote,0.8270180821418762,0.8270146597182814,0,0,45375,0,45375,0,0.0,[],"[false, false, true, true, false, false, false, true]","[""RANDOM"", ""RANDOM"", ""PSP"", ""PAP"", ""RANDOM"", ""RANDOM"", ""RANDOM"", ""KNN""]","[3, 6, 1, 0, 5, 7, 4, 2]",C:\Users\Yin Kuan\OneDrive\桌面\Durham_CS\Research\TA-DVFG\results\nested_weak_cache\acm\nested_weak18_acm_hard_n18_useful3_seed43_party_preds.pt,8554915cc931c8717b98c38cb528a9f15aa43dbe063f4cde52aac353014dfb9e,922784fbe8272d0c7e9a5cd57f702ac0b26bb7eb7fe9ed0c8419690d52c56331
ACM,43,5,8,random_matched,0.6079077124595642,0.6106971759520509,5,90750,63525,0,154275,0,0.0,"[[0,2],[0,4],[1,3],[4,5],[5,6]]","[false, false, true, true, false, false, false, true]","[""RANDOM"", ""RANDOM"", ""PSP"", ""PAP"", ""RANDOM"", ""RANDOM"", ""RANDOM"", ""KNN""]","[3, 6, 1, 0, 5, 7, 4, 2]",C:\Users\Yin Kuan\OneDrive\桌面\Durham_CS\Research\TA-DVFG\results\nested_weak_cache\acm\nested_weak18_acm_hard_n18_useful3_seed43_party_preds.pt,8554915cc931c8717b98c38cb528a9f15aa43dbe063f4cde52aac353014dfb9e,922784fbe8272d0c7e9a5cd57f702ac0b26bb7eb7fe9ed0c8419690d52c56331
ACM,43,5,8,adaptive_pair,0.7874794006347656,0.7862054230743439,7,127050,63525,4348800,190575,0,15.714761299997917,"[[0,4],[0,5],[1,4],[1,5],[2,3],[2,7],[3,7]]","[false, false, true, true, false, false, false, true]","[""RANDOM"", ""RANDOM"", ""PSP"", ""PAP"", ""RANDOM"", ""RANDOM"", ""RANDOM"", ""KNN""]","[3, 6, 1, 0, 5, 7, 4, 2]",C:\Users\Yin Kuan\OneDrive\桌面\Durham_CS\Research\TA-DVFG\results\nested_weak_cache\acm\nested_weak18_acm_hard_n18_useful3_seed43_party_preds.pt,8554915cc931c8717b98c38cb528a9f15aa43dbe063f4cde52aac353014dfb9e,922784fbe8272d0c7e9a5cd57f702ac0b26bb7eb7fe9ed0c8419690d52c56331
ACM,43,5,8,adaptive_complementarity,0.7874794006347656,0.7862054230743439,7,127050,63525,4348800,190575,0,16.878285099897766,"[[0,1],[0,5],[1,4],[2,3],[2,7],[3,7],[4,5]]","[false, false, true, true, false, false, false, true]","[""RANDOM"", ""RANDOM"", ""PSP"", ""PAP"", ""RANDOM"", ""RANDOM"", ""RANDOM"", ""KNN""]","[3, 6, 1, 0, 5, 7, 4, 2]",C:\Users\Yin Kuan\OneDrive\桌面\Durham_CS\Research\TA-DVFG\results\nested_weak_cache\acm\nested_weak18_acm_hard_n18_useful3_seed43_party_preds.pt,8554915cc931c8717b98c38cb528a9f15aa43dbe063f4cde52aac353014dfb9e,922784fbe8272d0c7e9a5cd57f702ac0b26bb7eb7fe9ed0c8419690d52c56331
ACM,43,5,8,full_mesh,0.7759472727775574,0.7763970058777233,28,508200,72600,0,580800,0,0.0,"[[0,1],[0,2],[0,3],[0,4],[0,5],[0,6],[0,7],[1,2],[1,3],[1,4],[1,5],[1,6],[1,7],[2,3],[2,4],[2,5],[2,6],[2,7],[3,4],[3,5],[3,6],[3,7],[4,5],[4,6],[4,7],[5,6],[5,7],[6,7]]","[false, false, true, true, false, false, false, true]","[""RANDOM"", ""RANDOM"", ""PSP"", ""PAP"", ""RANDOM"", ""RANDOM"", ""RANDOM"", ""KNN""]","[3, 6, 1, 0, 5, 7, 4, 2]",C:\Users\Yin Kuan\OneDrive\桌面\Durham_CS\Research\TA-DVFG\results\nested_weak_cache\acm\nested_weak18_acm_hard_n18_useful3_seed43_party_preds.pt,8554915cc931c8717b98c38cb528a9f15aa43dbe063f4cde52aac353014dfb9e,922784fbe8272d0c7e9a5cd57f702ac0b26bb7eb7fe9ed0c8419690d52c56331
ACM,43,5,8,adaptive_graph_val,0.8121910691261292,0.809646461721174,5,90750,54450,4348800,145200,30833,164.94928099992103,"[[0,7],[1,2],[1,6],[2,3],[3,7]]","[false, false, true, true, false, false, false, true]","[""RANDOM"", ""RANDOM"", ""PSP"", ""PAP"", ""RANDOM"", ""RANDOM"", ""RANDOM"", ""KNN""]","[3, 6, 1, 0, 5, 7, 4, 2]",C:\Users\Yin Kuan\OneDrive\桌面\Durham_CS\Research\TA-DVFG\results\nested_weak_cache\acm\nested_weak18_acm_hard_n18_useful3_seed43_party_preds.pt,8554915cc931c8717b98c38cb528a9f15aa43dbe063f4cde52aac353014dfb9e,922784fbe8272d0c7e9a5cd57f702ac0b26bb7eb7fe9ed0c8419690d52c56331
ACM,43,10,13,single_party_best,0.7990115284919739,0.8007942113005301,0,0,0,0,0,0,0.0,[],"[false, false, false, false, false, false, false, true, false, false, true, true, false]","[""RANDOM"", ""RANDOM"", ""RANDOM"", ""RANDOM"", ""RANDOM"", ""RANDOM"", ""RANDOM"", ""PSP"", ""RANDOM"", ""RANDOM"", ""PAP"", ""KNN"", ""RANDOM""]","[5, 12, 9, 7, 8, 11, 3, 1, 6, 4, 0, 2, 10]",C:\Users\Yin Kuan\OneDrive\桌面\Durham_CS\Research\TA-DVFG\results\nested_weak_cache\acm\nested_weak18_acm_hard_n18_useful3_seed43_party_preds.pt,8554915cc931c8717b98c38cb528a9f15aa43dbe063f4cde52aac353014dfb9e,abc5d056a8336d13114fdee1c37f1079ad6297df61f61fc0b0edccd0dea3e872
ACM,43,10,13,topk_reliability_vote,0.8434925675392151,0.8420603692982209,0,0,45375,0,45375,0,0.0,[],"[false, false, false, false, false, false, false, true, false, false, true, true, false]","[""RANDOM"", ""RANDOM"", ""RANDOM"", ""RANDOM"", ""RANDOM"", ""RANDOM"", ""RANDOM"", ""PSP"", ""RANDOM"", ""RANDOM"", ""PAP"", ""KNN"", ""RANDOM""]","[5, 12, 9, 7, 8, 11, 3, 1, 6, 4, 0, 2, 10]",C:\Users\Yin Kuan\OneDrive\桌面\Durham_CS\Research\TA-DVFG\results\nested_weak_cache\acm\nested_weak18_acm_hard_n18_useful3_seed43_party_preds.pt,8554915cc931c8717b98c38cb528a9f15aa43dbe063f4cde52aac353014dfb9e,abc5d056a8336d13114fdee1c37f1079ad6297df61f61fc0b0edccd0dea3e872
ACM,43,10,13,random_matched,0.3294892907142639,0.32669722082128755,5,90750,72600,0,163350,0,0.0,"[[0,7],[0,8],[2,3],[5,9],[6,9]]","[false, false, false, false, false, false, false, true, false, false, true, true, false]","[""RANDOM"", ""RANDOM"", ""RANDOM"", ""RANDOM"", ""RANDOM"", ""RANDOM"", ""RANDOM"", ""PSP"", ""RANDOM"", ""RANDOM"", ""PAP"", ""KNN"", ""RANDOM""]","[5, 12, 9, 7, 8, 11, 3, 1, 6, 4, 0, 2, 10]",C:\Users\Yin Kuan\OneDrive\桌面\Durham_CS\Research\TA-DVFG\results\nested_weak_cache\acm\nested_weak18_acm_hard_n18_useful3_seed43_party_preds.pt,8554915cc931c8717b98c38cb528a9f15aa43dbe063f4cde52aac353014dfb9e,abc5d056a8336d13114fdee1c37f1079ad6297df61f61fc0b0edccd0dea3e872
ACM,43,10,13,adaptive_pair,0.7248764038085938,0.7263856612608063,12,217800,108900,7066800,326700,0,42.9920053000169,"[[0,4],[0,5],[1,8],[1,9],[2,3],[2,6],[3,6],[4,5],[7,10],[7,11],[8,9],[10,11]]","[false, false, false, false, false, false, false, true, false, false, true, true, false]","[""RANDOM"", ""RANDOM"", ""RANDOM"", ""RANDOM"", ""RANDOM"", ""RANDOM"", ""RANDOM"", ""PSP"", ""RANDOM"", ""RANDOM"", ""PAP"", ""KNN"", ""RANDOM""]","[5, 12, 9, 7, 8, 11, 3, 1, 6, 4, 0, 2, 10]",C:\Users\Yin Kuan\OneDrive\桌面\Durham_CS\Research\TA-DVFG\results\nested_weak_cache\acm\nested_weak18_acm_hard_n18_useful3_seed43_party_preds.pt,8554915cc931c8717b98c38cb528a9f15aa43dbe063f4cde52aac353014dfb9e,abc5d056a8336d13114fdee1c37f1079ad6297df61f61fc0b0edccd0dea3e872
ACM,43,10,13,adaptive_complementarity,0.734761118888855,0.7330365418723627,12,217800,108900,7066800,326700,0,45.153290400034166,"[[0,3],[0,4],[1,6],[1,9],[2,6],[2,9],[3,8],[4,5],[5,8],[7,10],[7,11],[10,11]]","[false, false, false, false, false, false, false, true, false, false, true, true, false]","[""RANDOM"", ""RANDOM"", ""RANDOM"", ""RANDOM"", ""RANDOM"", ""RANDOM"", ""RANDOM"", ""PSP"", ""RANDOM"", ""RANDOM"", ""PAP"", ""KNN"", ""RANDOM""]","[5, 12, 9, 7, 8, 11, 3, 1, 6, 4, 0, 2, 10]",C:\Users\Yin Kuan\OneDrive\桌面\Durham_CS\Research\TA-DVFG\results\nested_weak_cache\acm\nested_weak18_acm_hard_n18_useful3_seed43_party_preds.pt,8554915cc931c8717b98c38cb528a9f15aa43dbe063f4cde52aac353014dfb9e,abc5d056a8336d13114fdee1c37f1079ad6297df61f61fc0b0edccd0dea3e872
ACM,43,10,13,full_mesh,0.7232289910316467,0.7197181676262526,78,1415700,117975,0,1533675,0,0.0,"[[0,1],[0,2],[0,3],[0,4],[0,5],[0,6],[0,7],[0,8],[0,9],[0,10],[0,11],[0,12],[1,2],[1,3],[1,4],[1,5],[1,6],[1,7],[1,8],[1,9],[1,10],[1,11],[1,12],[2,3],[2,4],[2,5],[2,6],[2,7],[2,8],[2,9],[2,10],[2,11],[2,12],[3,4],[3,5],[3,6],[3,7],[3,8],[3,9],[3,10],[3,11],[3,12],[4,5],[4,6],[4,7],[4,8],[4,9],[4,10],[4,11],[4,12],[5,6],[5,7],[5,8],[5,9],[5,10],[5,11],[5,12],[6,7],[6,8],[6,9],[6,10],[6,11],[6,12],[7,8],[7,9],[7,10],[7,11],[7,12],[8,9],[8,10],[8,11],[8,12],[9,10],[9,11],[9,12],[10,11],[10,12],[11,12]]","[false, false, false, false, false, false, false, true, false, false, true, true, false]","[""RANDOM"", ""RANDOM"", ""RANDOM"", ""RANDOM"", ""RANDOM"", ""RANDOM"", ""RANDOM"", ""PSP"", ""RANDOM"", ""RANDOM"", ""PAP"", ""KNN"", ""RANDOM""]","[5, 12, 9, 7, 8, 11, 3, 1, 6, 4, 0, 2, 10]",C:\Users\Yin Kuan\OneDrive\桌面\Durham_CS\Research\TA-DVFG\results\nested_weak_cache\acm\nested_weak18_acm_hard_n18_useful3_seed43_party_preds.pt,8554915cc931c8717b98c38cb528a9f15aa43dbe063f4cde52aac353014dfb9e,abc5d056a8336d13114fdee1c37f1079ad6297df61f61fc0b0edccd0dea3e872
ACM,43,10,13,adaptive_graph_val,0.8253706693649292,0.8256251092073733,5,90750,54450,7066800,145200,105915,749.9751348000282,"[[0,10],[4,7],[6,7],[6,11],[10,11]]","[false, false, false, false, false, false, false, true, false, false, true, true, false]","[""RANDOM"", ""RANDOM"", ""RANDOM"", ""RANDOM"", ""RANDOM"", ""RANDOM"", ""RANDOM"", ""PSP"", ""RANDOM"", ""RANDOM"", ""PAP"", ""KNN"", ""RANDOM""]","[5, 12, 9, 7, 8, 11, 3, 1, 6, 4, 0, 2, 10]",C:\Users\Yin Kuan\OneDrive\桌面\Durham_CS\Research\TA-DVFG\results\nested_weak_cache\acm\nested_weak18_acm_hard_n18_useful3_seed43_party_preds.pt,8554915cc931c8717b98c38cb528a9f15aa43dbe063f4cde52aac353014dfb9e,abc5d056a8336d13114fdee1c37f1079ad6297df61f61fc0b0edccd0dea3e872
ACM,43,15,18,single_party_best,0.7990115284919739,0.8007942113005301,0,0,0,0,0,0,0.0,[],"[false, false, false, false, false, true, false, false, true, false, false, false, true, false, false, false, false, false]","[""RANDOM"", ""RANDOM"", ""RANDOM"", ""RANDOM"", ""RANDOM"", ""KNN"", ""RANDOM"", ""RANDOM"", ""PAP"", ""RANDOM"", ""RANDOM"", ""RANDOM"", ""PSP"", ""RANDOM"", ""RANDOM"", ""RANDOM"", ""RANDOM"", ""RANDOM""]","[5, 12, 7, 6, 16, 2, 13, 10, 0, 15, 9, 3, 1, 17, 4, 11, 8, 14]",C:\Users\Yin Kuan\OneDrive\桌面\Durham_CS\Research\TA-DVFG\results\nested_weak_cache\acm\nested_weak18_acm_hard_n18_useful3_seed43_party_preds.pt,8554915cc931c8717b98c38cb528a9f15aa43dbe063f4cde52aac353014dfb9e,7d2531c7f071d460e6fc556a8f6bf54cb3c7500c1bde472cdd32614d96117157
ACM,43,15,18,topk_reliability_vote,0.8434925675392151,0.8420603692982209,0,0,45375,0,45375,0,0.0,[],"[false, false, false, false, false, true, false, false, true, false, false, false, true, false, false, false, false, false]","[""RANDOM"", ""RANDOM"", ""RANDOM"", ""RANDOM"", ""RANDOM"", ""KNN"", ""RANDOM"", ""RANDOM"", ""PAP"", ""RANDOM"", ""RANDOM"", ""RANDOM"", ""PSP"", ""RANDOM"", ""RANDOM"", ""RANDOM"", ""RANDOM"", ""RANDOM""]","[5, 12, 7, 6, 16, 2, 13, 10, 0, 15, 9, 3, 1, 17, 4, 11, 8, 14]",C:\Users\Yin Kuan\OneDrive\桌面\Durham_CS\Research\TA-DVFG\results\nested_weak_cache\acm\nested_weak18_acm_hard_n18_useful3_seed43_party_preds.pt,8554915cc931c8717b98c38cb528a9f15aa43dbe063f4cde52aac353014dfb9e,7d2531c7f071d460e6fc556a8f6bf54cb3c7500c1bde472cdd32614d96117157
ACM,43,15,18,random_matched,0.655683696269989,0.654006732187073,5,90750,81675,0,172425,0,0.0,"[[2,14],[4,16],[8,12],[9,14],[15,17]]","[false, false, false, false, false, true, false, false, true, false, false, false, true, false, false, false, false, false]","[""RANDOM"", ""RANDOM"", ""RANDOM"", ""RANDOM"", ""RANDOM"", ""KNN"", ""RANDOM"", ""RANDOM"", ""PAP"", ""RANDOM"", ""RANDOM"", ""RANDOM"", ""PSP"", ""RANDOM"", ""RANDOM"", ""RANDOM"", ""RANDOM"", ""RANDOM""]","[5, 12, 7, 6, 16, 2, 13, 10, 0, 15, 9, 3, 1, 17, 4, 11, 8, 14]",C:\Users\Yin Kuan\OneDrive\桌面\Durham_CS\Research\TA-DVFG\results\nested_weak_cache\acm\nested_weak18_acm_hard_n18_useful3_seed43_party_preds.pt,8554915cc931c8717b98c38cb528a9f15aa43dbe063f4cde52aac353014dfb9e,7d2531c7f071d460e6fc556a8f6bf54cb3c7500c1bde472cdd32614d96117157
ACM,43,15,18,adaptive_pair,0.703459620475769,0.7013065227771818,15,272250,136125,9784800,408375,0,92.41154339991044,"[[0,9],[0,17],[2,11],[2,17],[3,6],[3,10],[4,15],[4,16],[5,8],[5,12],[6,13],[8,12],[9,11],[10,13],[15,16]]","[false, false, false, false, false, true, false, false, true, false, false, false, true, false, false, false, false, false]","[""RANDOM"", ""RANDOM"", ""RANDOM"", ""RANDOM"", ""RANDOM"", ""KNN"", ""RANDOM"", ""RANDOM"", ""PAP"", ""RANDOM"", ""RANDOM"", ""RANDOM"", ""PSP"", ""RANDOM"", ""RANDOM"", ""RANDOM"", ""RANDOM"", ""RANDOM""]","[5, 12, 7, 6, 16, 2, 13, 10, 0, 15, 9, 3, 1, 17, 4, 11, 8, 14]",C:\Users\Yin Kuan\OneDrive\桌面\Durham_CS\Research\TA-DVFG\results\nested_weak_cache\acm\nested_weak18_acm_hard_n18_useful3_seed43_party_preds.pt,8554915cc931c8717b98c38cb528a9f15aa43dbe063f4cde52aac353014dfb9e,7d2531c7f071d460e6fc556a8f6bf54cb3c7500c1bde472cdd32614d96117157
ACM,43,15,18,adaptive_complementarity,0.703459620475769,0.6994086255703714,15,272250,136125,9784800,408375,0,102.94266290000814,"[[0,15],[0,16],[2,3],[2,10],[3,4],[4,11],[5,8],[5,12],[8,12],[9,13],[9,14],[10,13],[11,17],[14,17],[15,16]]","[false, false, false, false, false, true, false, false, true, false, false, false, true, false, false, false, false, false]","[""RANDOM"", ""RANDOM"", ""RANDOM"", ""RANDOM"", ""RANDOM"", ""KNN"", ""RANDOM"", ""RANDOM"", ""PAP"", ""RANDOM"", ""RANDOM"", ""RANDOM"", ""PSP"", ""RANDOM"", ""RANDOM"", ""RANDOM"", ""RANDOM"", ""RANDOM""]","[5, 12, 7, 6, 16, 2, 13, 10, 0, 15, 9, 3, 1, 17, 4, 11, 8, 14]",C:\Users\Yin Kuan\OneDrive\桌面\Durham_CS\Research\TA-DVFG\results\nested_weak_cache\acm\nested_weak18_acm_hard_n18_useful3_seed43_party_preds.pt,8554915cc931c8717b98c38cb528a9f15aa43dbe063f4cde52aac353014dfb9e,7d2531c7f071d460e6fc556a8f6bf54cb3c7500c1bde472cdd32614d96117157
ACM,43,15,18,full_mesh,0.6836902499198914,0.6803406713880329,153,2776950,163350,0,2940300,0,0.0,"[[0,1],[0,2],[0,3],[0,4],[0,5],[0,6],[0,7],[0,8],[0,9],[0,10],[0,11],[0,12],[0,13],[0,14],[0,15],[0,16],[0,17],[1,2],[1,3],[1,4],[1,5],[1,6],[1,7],[1,8],[1,9],[1,10],[1,11],[1,12],[1,13],[1,14],[1,15],[1,16],[1,17],[2,3],[2,4],[2,5],[2,6],[2,7],[2,8],[2,9],[2,10],[2,11],[2,12],[2,13],[2,14],[2,15],[2,16],[2,17],[3,4],[3,5],[3,6],[3,7],[3,8],[3,9],[3,10],[3,11],[3,12],[3,13],[3,14],[3,15],[3,16],[3,17],[4,5],[4,6],[4,7],[4,8],[4,9],[4,10],[4,11],[4,12],[4,13],[4,14],[4,15],[4,16],[4,17],[5,6],[5,7],[5,8],[5,9],[5,10],[5,11],[5,12],[5,13],[5,14],[5,15],[5,16],[5,17],[6,7],[6,8],[6,9],[6,10],[6,11],[6,12],[6,13],[6,14],[6,15],[6,16],[6,17],[7,8],[7,9],[7,10],[7,11],[7,12],[7,13],[7,14],[7,15],[7,16],[7,17],[8,9],[8,10],[8,11],[8,12],[8,13],[8,14],[8,15],[8,16],[8,17],[9,10],[9,11],[9,12],[9,13],[9,14],[9,15],[9,16],[9,17],[10,11],[10,12],[10,13],[10,14],[10,15],[10,16],[10,17],[11,12],[11,13],[11,14],[11,15],[11,16],[11,17],[12,13],[12,14],[12,15],[12,16],[12,17],[13,14],[13,15],[13,16],[13,17],[14,15],[14,16],[14,17],[15,16],[15,17],[16,17]]","[false, false, false, false, false, true, false, false, true, false, false, false, true, false, false, false, false, false]","[""RANDOM"", ""RANDOM"", ""RANDOM"", ""RANDOM"", ""RANDOM"", ""KNN"", ""RANDOM"", ""RANDOM"", ""PAP"", ""RANDOM"", ""RANDOM"", ""RANDOM"", ""PSP"", ""RANDOM"", ""RANDOM"", ""RANDOM"", ""RANDOM"", ""RANDOM""]","[5, 12, 7, 6, 16, 2, 13, 10, 0, 15, 9, 3, 1, 17, 4, 11, 8, 14]",C:\Users\Yin Kuan\OneDrive\桌面\Durham_CS\Research\TA-DVFG\results\nested_weak_cache\acm\nested_weak18_acm_hard_n18_useful3_seed43_party_preds.pt,8554915cc931c8717b98c38cb528a9f15aa43dbe063f4cde52aac353014dfb9e,7d2531c7f071d460e6fc556a8f6bf54cb3c7500c1bde472cdd32614d96117157
ACM,43,15,18,adaptive_graph_val,0.8121910691261292,0.8104910860665336,5,90750,63525,9784800,154275,226919,1958.9428564000264,"[[3,11],[4,14],[5,8],[5,12],[8,12]]","[false, false, false, false, false, true, false, false, true, false, false, false, true, false, false, false, false, false]","[""RANDOM"", ""RANDOM"", ""RANDOM"", ""RANDOM"", ""RANDOM"", ""KNN"", ""RANDOM"", ""RANDOM"", ""PAP"", ""RANDOM"", ""RANDOM"", ""RANDOM"", ""PSP"", ""RANDOM"", ""RANDOM"", ""RANDOM"", ""RANDOM"", ""RANDOM""]","[5, 12, 7, 6, 16, 2, 13, 10, 0, 15, 9, 3, 1, 17, 4, 11, 8, 14]",C:\Users\Yin Kuan\OneDrive\桌面\Durham_CS\Research\TA-DVFG\results\nested_weak_cache\acm\nested_weak18_acm_hard_n18_useful3_seed43_party_preds.pt,8554915cc931c8717b98c38cb528a9f15aa43dbe063f4cde52aac353014dfb9e,7d2531c7f071d460e6fc556a8f6bf54cb3c7500c1bde472cdd32614d96117157
ACM,44,0,3,single_party_best,0.8187808990478516,0.819399025896061,0,0,0,0,0,0,0.0,[],"[true, true, true]","[""PAP"", ""KNN"", ""PSP""]","[0, 2, 1]",C:\Users\Yin Kuan\OneDrive\桌面\Durham_CS\Research\TA-DVFG\results\nested_weak_cache\acm\nested_weak18_acm_hard_n18_useful3_seed44_party_preds.pt,bfba8f095af7a55d06845ce242eb53965f8fc088275417d3a47c4c1e3f292ffe,6207cda28604159f962c78fdc40cc5e974e86f00bfd72228dfae97aa4366b321
ACM,44,0,3,topk_reliability_vote,0.876441478729248,0.8774628208771431,0,0,27225,0,27225,0,0.0,[],"[true, true, true]","[""PAP"", ""KNN"", ""PSP""]","[0, 2, 1]",C:\Users\Yin Kuan\OneDrive\桌面\Durham_CS\Research\TA-DVFG\results\nested_weak_cache\acm\nested_weak18_acm_hard_n18_useful3_seed44_party_preds.pt,bfba8f095af7a55d06845ce242eb53965f8fc088275417d3a47c4c1e3f292ffe,6207cda28604159f962c78fdc40cc5e974e86f00bfd72228dfae97aa4366b321
ACM,44,0,3,random_matched,0.876441478729248,0.8773402523402524,3,54450,27225,0,81675,0,0.0,"[[0,1],[0,2],[1,2]]","[true, true, true]","[""PAP"", ""KNN"", ""PSP""]","[0, 2, 1]",C:\Users\Yin Kuan\OneDrive\桌面\Durham_CS\Research\TA-DVFG\results\nested_weak_cache\acm\nested_weak18_acm_hard_n18_useful3_seed44_party_preds.pt,bfba8f095af7a55d06845ce242eb53965f8fc088275417d3a47c4c1e3f292ffe,6207cda28604159f962c78fdc40cc5e974e86f00bfd72228dfae97aa4366b321
ACM,44,0,3,adaptive_pair,0.876441478729248,0.8773402523402524,3,54450,27225,1630800,81675,0,2.666888799984008,"[[0,1],[0,2],[1,2]]","[true, true, true]","[""PAP"", ""KNN"", ""PSP""]","[0, 2, 1]",C:\Users\Yin Kuan\OneDrive\桌面\Durham_CS\Research\TA-DVFG\results\nested_weak_cache\acm\nested_weak18_acm_hard_n18_useful3_seed44_party_preds.pt,bfba8f095af7a55d06845ce242eb53965f8fc088275417d3a47c4c1e3f292ffe,6207cda28604159f962c78fdc40cc5e974e86f00bfd72228dfae97aa4366b321
ACM,44,0,3,adaptive_complementarity,0.876441478729248,0.8773402523402524,3,54450,27225,1630800,81675,0,2.7364839999499964,"[[0,1],[0,2],[1,2]]","[true, true, true]","[""PAP"", ""KNN"", ""PSP""]","[0, 2, 1]",C:\Users\Yin Kuan\OneDrive\桌面\Durham_CS\Research\TA-DVFG\results\nested_weak_cache\acm\nested_weak18_acm_hard_n18_useful3_seed44_party_preds.pt,bfba8f095af7a55d06845ce242eb53965f8fc088275417d3a47c4c1e3f292ffe,6207cda28604159f962c78fdc40cc5e974e86f00bfd72228dfae97aa4366b321
ACM,44,0,3,full_mesh,0.876441478729248,0.8773402523402524,3,54450,27225,0,81675,0,0.0,"[[0,1],[0,2],[1,2]]","[true, true, true]","[""PAP"", ""KNN"", ""PSP""]","[0, 2, 1]",C:\Users\Yin Kuan\OneDrive\桌面\Durham_CS\Research\TA-DVFG\results\nested_weak_cache\acm\nested_weak18_acm_hard_n18_useful3_seed44_party_preds.pt,bfba8f095af7a55d06845ce242eb53965f8fc088275417d3a47c4c1e3f292ffe,6207cda28604159f962c78fdc40cc5e974e86f00bfd72228dfae97aa4366b321
ACM,44,0,3,adaptive_graph_val,0.876441478729248,0.8773402523402524,3,54450,27225,1630800,81675,1800,9.195239300031972,"[[0,1],[0,2],[1,2]]","[true, true, true]","[""PAP"", ""KNN"", ""PSP""]","[0, 2, 1]",C:\Users\Yin Kuan\OneDrive\桌面\Durham_CS\Research\TA-DVFG\results\nested_weak_cache\acm\nested_weak18_acm_hard_n18_useful3_seed44_party_preds.pt,bfba8f095af7a55d06845ce242eb53965f8fc088275417d3a47c4c1e3f292ffe,6207cda28604159f962c78fdc40cc5e974e86f00bfd72228dfae97aa4366b321
ACM,44,2,5,single_party_best,0.8187808990478516,0.819399025896061,0,0,0,0,0,0,0.0,[],"[false, true, true, true, false]","[""RANDOM"", ""PSP"", ""KNN"", ""PAP"", ""RANDOM""]","[4, 1, 2, 0, 3]",C:\Users\Yin Kuan\OneDrive\桌面\Durham_CS\Research\TA-DVFG\results\nested_weak_cache\acm\nested_weak18_acm_hard_n18_useful3_seed44_party_preds.pt,bfba8f095af7a55d06845ce242eb53965f8fc088275417d3a47c4c1e3f292ffe,2dd3d2bdf100dc61b114dac732eab8f63f38b1cfc573977a04ac72b3ee0792c1
ACM,44,2,5,topk_reliability_vote,0.8484349250793457,0.8480653357149409,0,0,45375,0,45375,0,0.0,[],"[false, true, true, true, false]","[""RANDOM"", ""PSP"", ""KNN"", ""PAP"", ""RANDOM""]","[4, 1, 2, 0, 3]",C:\Users\Yin Kuan\OneDrive\桌面\Durham_CS\Research\TA-DVFG\results\nested_weak_cache\acm\nested_weak18_acm_hard_n18_useful3_seed44_party_preds.pt,bfba8f095af7a55d06845ce242eb53965f8fc088275417d3a47c4c1e3f292ffe,2dd3d2bdf100dc61b114dac732eab8f63f38b1cfc573977a04ac72b3ee0792c1
ACM,44,2,5,random_matched,0.8401976823806763,0.8404816502377478,5,90750,45375,0,136125,0,0.0,"[[0,3],[0,4],[1,2],[2,4],[3,4]]","[false, true, true, true, false]","[""RANDOM"", ""PSP"", ""KNN"", ""PAP"", ""RANDOM""]","[4, 1, 2, 0, 3]",C:\Users\Yin Kuan\OneDrive\桌面\Durham_CS\Research\TA-DVFG\results\nested_weak_cache\acm\nested_weak18_acm_hard_n18_useful3_seed44_party_preds.pt,bfba8f095af7a55d06845ce242eb53965f8fc088275417d3a47c4c1e3f292ffe,2dd3d2bdf100dc61b114dac732eab8f63f38b1cfc573977a04ac72b3ee0792c1
ACM,44,2,5,adaptive_pair,0.8517298102378845,0.8518034304342065,4,72600,45375,2718000,117975,0,7.915356100042118,"[[0,4],[1,2],[1,3],[2,3]]","[false, true, true, true, false]","[""RANDOM"", ""PSP"", ""KNN"", ""PAP"", ""RANDOM""]","[4, 1, 2, 0, 3]",C:\Users\Yin Kuan\OneDrive\桌面\Durham_CS\Research\TA-DVFG\results\nested_weak_cache\acm\nested_weak18_acm_hard_n18_useful3_seed44_party_preds.pt,bfba8f095af7a55d06845ce242eb53965f8fc088275417d3a47c4c1e3f292ffe,2dd3d2bdf100dc61b114dac732eab8f63f38b1cfc573977a04ac72b3ee0792c1
ACM,44,2,5,adaptive_complementarity,0.8517298102378845,0.8518034304342065,4,72600,45375,2718000,117975,0,8.504722799982119,"[[0,4],[1,2],[1,3],[2,3]]","[false, true, true, true, false]","[""RANDOM"", ""PSP"", ""KNN"", ""PAP"", ""RANDOM""]","[4, 1, 2, 0, 3]",C:\Users\Yin Kuan\OneDrive\桌面\Durham_CS\Research\TA-DVFG\results\nested_weak_cache\acm\nested_weak18_acm_hard_n18_useful3_seed44_party_preds.pt,bfba8f095af7a55d06845ce242eb53965f8fc088275417d3a47c4c1e3f292ffe,2dd3d2bdf100dc61b114dac732eab8f63f38b1cfc573977a04ac72b3ee0792c1
ACM,44,2,5,full_mesh,0.8500823378562927,0.8510755055057686,10,181500,45375,0,226875,0,0.0,"[[0,1],[0,2],[0,3],[0,4],[1,2],[1,3],[1,4],[2,3],[2,4],[3,4]]","[false, true, true, true, false]","[""RANDOM"", ""PSP"", ""KNN"", ""PAP"", ""RANDOM""]","[4, 1, 2, 0, 3]",C:\Users\Yin Kuan\OneDrive\桌面\Durham_CS\Research\TA-DVFG\results\nested_weak_cache\acm\nested_weak18_acm_hard_n18_useful3_seed44_party_preds.pt,bfba8f095af7a55d06845ce242eb53965f8fc088275417d3a47c4c1e3f292ffe,2dd3d2bdf100dc61b114dac732eab8f63f38b1cfc573977a04ac72b3ee0792c1
ACM,44,2,5,adaptive_graph_val,0.8550246953964233,0.8562322740051331,4,72600,36300,2718000,108900,8116,46.342945300049905,"[[1,2],[1,4],[2,3],[3,4]]","[false, true, true, true, false]","[""RANDOM"", ""PSP"", ""KNN"", ""PAP"", ""RANDOM""]","[4, 1, 2, 0, 3]",C:\Users\Yin Kuan\OneDrive\桌面\Durham_CS\Research\TA-DVFG\results\nested_weak_cache\acm\nested_weak18_acm_hard_n18_useful3_seed44_party_preds.pt,bfba8f095af7a55d06845ce242eb53965f8fc088275417d3a47c4c1e3f292ffe,2dd3d2bdf100dc61b114dac732eab8f63f38b1cfc573977a04ac72b3ee0792c1
ACM,44,5,8,single_party_best,0.8187808990478516,0.819399025896061,0,0,0,0,0,0,0.0,[],"[false, false, false, true, false, true, false, true]","[""RANDOM"", ""RANDOM"", ""RANDOM"", ""PAP"", ""RANDOM"", ""KNN"", ""RANDOM"", ""PSP""]","[6, 5, 3, 0, 7, 2, 4, 1]",C:\Users\Yin Kuan\OneDrive\桌面\Durham_CS\Research\TA-DVFG\results\nested_weak_cache\acm\nested_weak18_acm_hard_n18_useful3_seed44_party_preds.pt,bfba8f095af7a55d06845ce242eb53965f8fc088275417d3a47c4c1e3f292ffe,be2c3a250a4a28ce0a586667ba8b64d8049d14dfddf7a9214eac31c22df4cd4c
ACM,44,5,8,topk_reliability_vote,0.8714991807937622,0.8726853387204058,0,0,45375,0,45375,0,0.0,[],"[false, false, false, true, false, true, false, true]","[""RANDOM"", ""RANDOM"", ""RANDOM"", ""PAP"", ""RANDOM"", ""KNN"", ""RANDOM"", ""PSP""]","[6, 5, 3, 0, 7, 2, 4, 1]",C:\Users\Yin Kuan\OneDrive\桌面\Durham_CS\Research\TA-DVFG\results\nested_weak_cache\acm\nested_weak18_acm_hard_n18_useful3_seed44_party_preds.pt,bfba8f095af7a55d06845ce242eb53965f8fc088275417d3a47c4c1e3f292ffe,be2c3a250a4a28ce0a586667ba8b64d8049d14dfddf7a9214eac31c22df4cd4c
ACM,44,5,8,random_matched,0.6935749650001526,0.6854883514146654,5,90750,54450,0,145200,0,0.0,"[[0,5],[0,7],[2,4],[4,7],[5,6]]","[false, false, false, true, false, true, false, true]","[""RANDOM"", ""RANDOM"", ""RANDOM"", ""PAP"", ""RANDOM"", ""KNN"", ""RANDOM"", ""PSP""]","[6, 5, 3, 0, 7, 2, 4, 1]",C:\Users\Yin Kuan\OneDrive\桌面\Durham_CS\Research\TA-DVFG\results\nested_weak_cache\acm\nested_weak18_acm_hard_n18_useful3_seed44_party_preds.pt,bfba8f095af7a55d06845ce242eb53965f8fc088275417d3a47c4c1e3f292ffe,be2c3a250a4a28ce0a586667ba8b64d8049d14dfddf7a9214eac31c22df4cd4c
ACM,44,5,8,adaptive_pair,0.8187808990478516,0.8196296485812956,7,127050,72600,4348800,199650,0,22.046900500077754,"[[0,4],[0,6],[1,2],[3,5],[3,7],[4,6],[5,7]]","[false, false, false, true, false, true, false, true]","[""RANDOM"", ""RANDOM"", ""RANDOM"", ""PAP"", ""RANDOM"", ""KNN"", ""RANDOM"", ""PSP""]","[6, 5, 3, 0, 7, 2, 4, 1]",C:\Users\Yin Kuan\OneDrive\桌面\Durham_CS\Research\TA-DVFG\results\nested_weak_cache\acm\nested_weak18_acm_hard_n18_useful3_seed44_party_preds.pt,bfba8f095af7a55d06845ce242eb53965f8fc088275417d3a47c4c1e3f292ffe,be2c3a250a4a28ce0a586667ba8b64d8049d14dfddf7a9214eac31c22df4cd4c
ACM,44,5,8,adaptive_complementarity,0.815485954284668,0.8159363870993795,7,127050,72600,4348800,199650,0,22.136167199918418,"[[0,2],[1,4],[1,6],[3,5],[3,7],[4,6],[5,7]]","[false, false, false, true, false, true, false, true]","[""RANDOM"", ""RANDOM"", ""RANDOM"", ""PAP"", ""RANDOM"", ""KNN"", ""RANDOM"", ""PSP""]","[6, 5, 3, 0, 7, 2, 4, 1]",C:\Users\Yin Kuan\OneDrive\桌面\Durham_CS\Research\TA-DVFG\results\nested_weak_cache\acm\nested_weak18_acm_hard_n18_useful3_seed44_party_preds.pt,bfba8f095af7a55d06845ce242eb53965f8fc088275417d3a47c4c1e3f292ffe,be2c3a250a4a28ce0a586667ba8b64d8049d14dfddf7a9214eac31c22df4cd4c
ACM,44,5,8,full_mesh,0.7940691709518433,0.7963556078593795,28,508200,72600,0,580800,0,0.0,"[[0,1],[0,2],[0,3],[0,4],[0,5],[0,6],[0,7],[1,2],[1,3],[1,4],[1,5],[1,6],[1,7],[2,3],[2,4],[2,5],[2,6],[2,7],[3,4],[3,5],[3,6],[3,7],[4,5],[4,6],[4,7],[5,6],[5,7],[6,7]]","[false, false, false, true, false, true, false, true]","[""RANDOM"", ""RANDOM"", ""RANDOM"", ""PAP"", ""RANDOM"", ""KNN"", ""RANDOM"", ""PSP""]","[6, 5, 3, 0, 7, 2, 4, 1]",C:\Users\Yin Kuan\OneDrive\桌面\Durham_CS\Research\TA-DVFG\results\nested_weak_cache\acm\nested_weak18_acm_hard_n18_useful3_seed44_party_preds.pt,bfba8f095af7a55d06845ce242eb53965f8fc088275417d3a47c4c1e3f292ffe,be2c3a250a4a28ce0a586667ba8b64d8049d14dfddf7a9214eac31c22df4cd4c
ACM,44,5,8,adaptive_graph_val,0.8401976823806763,0.8428008124897112,5,90750,54450,4348800,145200,31359,201.65427099999943,"[[0,1],[2,3],[2,7],[3,5],[5,7]]","[false, false, false, true, false, true, false, true]","[""RANDOM"", ""RANDOM"", ""RANDOM"", ""PAP"", ""RANDOM"", ""KNN"", ""RANDOM"", ""PSP""]","[6, 5, 3, 0, 7, 2, 4, 1]",C:\Users\Yin Kuan\OneDrive\桌面\Durham_CS\Research\TA-DVFG\results\nested_weak_cache\acm\nested_weak18_acm_hard_n18_useful3_seed44_party_preds.pt,bfba8f095af7a55d06845ce242eb53965f8fc088275417d3a47c4c1e3f292ffe,be2c3a250a4a28ce0a586667ba8b64d8049d14dfddf7a9214eac31c22df4cd4c
ACM,44,10,13,single_party_best,0.8187808990478516,0.819399025896061,0,0,0,0,0,0,0.0,[],"[false, false, false, false, false, false, false, false, false, true, false, true, true]","[""RANDOM"", ""RANDOM"", ""RANDOM"", ""RANDOM"", ""RANDOM"", ""RANDOM"", ""RANDOM"", ""RANDOM"", ""RANDOM"", ""PSP"", ""RANDOM"", ""PAP"", ""KNN""]","[10, 11, 5, 4, 7, 9, 3, 12, 8, 1, 6, 0, 2]",C:\Users\Yin Kuan\OneDrive\桌面\Durham_CS\Research\TA-DVFG\results\nested_weak_cache\acm\nested_weak18_acm_hard_n18_useful3_seed44_party_preds.pt,bfba8f095af7a55d06845ce242eb53965f8fc088275417d3a47c4c1e3f292ffe,c7cf5b0ccc0b08d73457f1de82089cbfff8e66dd66fe58b506ab9d69203c8778
ACM,44,10,13,topk_reliability_vote,0.8714991807937622,0.8726853387204058,0,0,45375,0,45375,0,0.0,[],"[false, false, false, false, false, false, false, false, false, true, false, true, true]","[""RANDOM"", ""RANDOM"", ""RANDOM"", ""RANDOM"", ""RANDOM"", ""RANDOM"", ""RANDOM"", ""RANDOM"", ""RANDOM"", ""PSP"", ""RANDOM"", ""PAP"", ""KNN""]","[10, 11, 5, 4, 7, 9, 3, 12, 8, 1, 6, 0, 2]",C:\Users\Yin Kuan\OneDrive\桌面\Durham_CS\Research\TA-DVFG\results\nested_weak_cache\acm\nested_weak18_acm_hard_n18_useful3_seed44_party_preds.pt,bfba8f095af7a55d06845ce242eb53965f8fc088275417d3a47c4c1e3f292ffe,c7cf5b0ccc0b08d73457f1de82089cbfff8e66dd66fe58b506ab9d69203c8778
ACM,44,10,13,random_matched,0.6836902499198914,0.6859581711863229,5,90750,72600,0,163350,0,0.0,"[[0,2],[2,5],[4,6],[7,11],[10,11]]","[false, false, false, false, false, false, false, false, false, true, false, true, true]","[""RANDOM"", ""RANDOM"", ""RANDOM"", ""RANDOM"", ""RANDOM"", ""RANDOM"", ""RANDOM"", ""RANDOM"", ""RANDOM"", ""PSP"", ""RANDOM"", ""PAP"", ""KNN""]","[10, 11, 5, 4, 7, 9, 3, 12, 8, 1, 6, 0, 2]",C:\Users\Yin Kuan\OneDrive\桌面\Durham_CS\Research\TA-DVFG\results\nested_weak_cache\acm\nested_weak18_acm_hard_n18_useful3_seed44_party_preds.pt,bfba8f095af7a55d06845ce242eb53965f8fc088275417d3a47c4c1e3f292ffe,c7cf5b0ccc0b08d73457f1de82089cbfff8e66dd66fe58b506ab9d69203c8778
ACM,44,10,13,adaptive_pair,0.7775946855545044,0.7785411770466117,12,217800,108900,7066800,326700,0,47.336911799975496,"[[1,5],[1,8],[2,6],[2,7],[3,4],[3,10],[4,10],[5,8],[6,7],[9,11],[9,12],[11,12]]","[false, false, false, false, false, false, false, false, false, true, false, true, true]","[""RANDOM"", ""RANDOM"", ""RANDOM"", ""RANDOM"", ""RANDOM"", ""RANDOM"", ""RANDOM"", ""RANDOM"", ""RANDOM"", ""PSP"", ""RANDOM"", ""PAP"", ""KNN""]","[10, 11, 5, 4, 7, 9, 3, 12, 8, 1, 6, 0, 2]",C:\Users\Yin Kuan\OneDrive\桌面\Durham_CS\Research\TA-DVFG\results\nested_weak_cache\acm\nested_weak18_acm_hard_n18_useful3_seed44_party_preds.pt,bfba8f095af7a55d06845ce242eb53965f8fc088275417d3a47c4c1e3f292ffe,c7cf5b0ccc0b08d73457f1de82089cbfff8e66dd66fe58b506ab9d69203c8778
ACM,44,10,13,adaptive_complementarity,0.7726523876190186,0.7739999170527749,12,217800,108900,7066800,326700,0,49.007112100021914,"[[0,1],[0,8],[1,7],[2,7],[2,8],[3,4],[3,6],[4,10],[6,10],[9,11],[9,12],[11,12]]","[false, false, false, false, false, false, false, false, false, true, false, true, true]","[""RANDOM"", ""RANDOM"", ""RANDOM"", ""RANDOM"", ""RANDOM"", ""RANDOM"", ""RANDOM"", ""RANDOM"", ""RANDOM"", ""PSP"", ""RANDOM"", ""PAP"", ""KNN""]","[10, 11, 5, 4, 7, 9, 3, 12, 8, 1, 6, 0, 2]",C:\Users\Yin Kuan\OneDrive\桌面\Durham_CS\Research\TA-DVFG\results\nested_weak_cache\acm\nested_weak18_acm_hard_n18_useful3_seed44_party_preds.pt,bfba8f095af7a55d06845ce242eb53965f8fc088275417d3a47c4c1e3f292ffe,c7cf5b0ccc0b08d73457f1de82089cbfff8e66dd66fe58b506ab9d69203c8778
ACM,44,10,13,full_mesh,0.7462932467460632,0.7469765190247966,78,1415700,117975,0,1533675,0,0.0,"[[0,1],[0,2],[0,3],[0,4],[0,5],[0,6],[0,7],[0,8],[0,9],[0,10],[0,11],[0,12],[1,2],[1,3],[1,4],[1,5],[1,6],[1,7],[1,8],[1,9],[1,10],[1,11],[1,12],[2,3],[2,4],[2,5],[2,6],[2,7],[2,8],[2,9],[2,10],[2,11],[2,12],[3,4],[3,5],[3,6],[3,7],[3,8],[3,9],[3,10],[3,11],[3,12],[4,5],[4,6],[4,7],[4,8],[4,9],[4,10],[4,11],[4,12],[5,6],[5,7],[5,8],[5,9],[5,10],[5,11],[5,12],[6,7],[6,8],[6,9],[6,10],[6,11],[6,12],[7,8],[7,9],[7,10],[7,11],[7,12],[8,9],[8,10],[8,11],[8,12],[9,10],[9,11],[9,12],[10,11],[10,12],[11,12]]","[false, false, false, false, false, false, false, false, false, true, false, true, true]","[""RANDOM"", ""RANDOM"", ""RANDOM"", ""RANDOM"", ""RANDOM"", ""RANDOM"", ""RANDOM"", ""RANDOM"", ""RANDOM"", ""PSP"", ""RANDOM"", ""PAP"", ""KNN""]","[10, 11, 5, 4, 7, 9, 3, 12, 8, 1, 6, 0, 2]",C:\Users\Yin Kuan\OneDrive\桌面\Durham_CS\Research\TA-DVFG\results\nested_weak_cache\acm\nested_weak18_acm_hard_n18_useful3_seed44_party_preds.pt,bfba8f095af7a55d06845ce242eb53965f8fc088275417d3a47c4c1e3f292ffe,c7cf5b0ccc0b08d73457f1de82089cbfff8e66dd66fe58b506ab9d69203c8778
ACM,44,10,13,adaptive_graph_val,0.8401976823806763,0.8428008124897112,5,90750,54450,7066800,145200,106847,867.5737503999771,"[[2,10],[6,9],[6,11],[9,12],[11,12]]","[false, false, false, false, false, false, false, false, false, true, false, true, true]","[""RANDOM"", ""RANDOM"", ""RANDOM"", ""RANDOM"", ""RANDOM"", ""RANDOM"", ""RANDOM"", ""RANDOM"", ""RANDOM"", ""PSP"", ""RANDOM"", ""PAP"", ""KNN""]","[10, 11, 5, 4, 7, 9, 3, 12, 8, 1, 6, 0, 2]",C:\Users\Yin Kuan\OneDrive\桌面\Durham_CS\Research\TA-DVFG\results\nested_weak_cache\acm\nested_weak18_acm_hard_n18_useful3_seed44_party_preds.pt,bfba8f095af7a55d06845ce242eb53965f8fc088275417d3a47c4c1e3f292ffe,c7cf5b0ccc0b08d73457f1de82089cbfff8e66dd66fe58b506ab9d69203c8778
ACM,44,15,18,single_party_best,0.8187808990478516,0.819399025896061,0,0,0,0,0,0,0.0,[],"[false, false, false, false, false, false, false, false, true, false, false, true, false, false, false, true, false, false]","[""RANDOM"", ""RANDOM"", ""RANDOM"", ""RANDOM"", ""RANDOM"", ""RANDOM"", ""RANDOM"", ""RANDOM"", ""PSP"", ""RANDOM"", ""RANDOM"", ""PAP"", ""RANDOM"", ""RANDOM"", ""RANDOM"", ""KNN"", ""RANDOM"", ""RANDOM""]","[14, 13, 6, 11, 8, 17, 9, 16, 1, 5, 15, 0, 7, 12, 10, 2, 3, 4]",C:\Users\Yin Kuan\OneDrive\桌面\Durham_CS\Research\TA-DVFG\results\nested_weak_cache\acm\nested_weak18_acm_hard_n18_useful3_seed44_party_preds.pt,bfba8f095af7a55d06845ce242eb53965f8fc088275417d3a47c4c1e3f292ffe,2666ef1c2d93d27e9cd70ebff0d24421357b5fd156438ca57d03181e0825f20f
ACM,44,15,18,topk_reliability_vote,0.8714991807937622,0.8726853387204058,0,0,45375,0,45375,0,0.0,[],"[false, false, false, false, false, false, false, false, true, false, false, true, false, false, false, true, false, false]","[""RANDOM"", ""RANDOM"", ""RANDOM"", ""RANDOM"", ""RANDOM"", ""RANDOM"", ""RANDOM"", ""RANDOM"", ""PSP"", ""RANDOM"", ""RANDOM"", ""PAP"", ""RANDOM"", ""RANDOM"", ""RANDOM"", ""KNN"", ""RANDOM"", ""RANDOM""]","[14, 13, 6, 11, 8, 17, 9, 16, 1, 5, 15, 0, 7, 12, 10, 2, 3, 4]",C:\Users\Yin Kuan\OneDrive\桌面\Durham_CS\Research\TA-DVFG\results\nested_weak_cache\acm\nested_weak18_acm_hard_n18_useful3_seed44_party_preds.pt,bfba8f095af7a55d06845ce242eb53965f8fc088275417d3a47c4c1e3f292ffe,2666ef1c2d93d27e9cd70ebff0d24421357b5fd156438ca57d03181e0825f20f
ACM,44,15,18,random_matched,0.4514003098011017,0.4520553683754121,5,90750,72600,0,163350,0,0.0,"[[0,6],[0,7],[1,7],[8,9],[13,17]]","[false, false, false, false, false, false, false, false, true, false, false, true, false, false, false, true, false, false]","[""RANDOM"", ""RANDOM"", ""RANDOM"", ""RANDOM"", ""RANDOM"", ""RANDOM"", ""RANDOM"", ""RANDOM"", ""PSP"", ""RANDOM"", ""RANDOM"", ""PAP"", ""RANDOM"", ""RANDOM"", ""RANDOM"", ""KNN"", ""RANDOM"", ""RANDOM""]","[14, 13, 6, 11, 8, 17, 9, 16, 1, 5, 15, 0, 7, 12, 10, 2, 3, 4]",C:\Users\Yin Kuan\OneDrive\桌面\Durham_CS\Research\TA-DVFG\results\nested_weak_cache\acm\nested_weak18_acm_hard_n18_useful3_seed44_party_preds.pt,bfba8f095af7a55d06845ce242eb53965f8fc088275417d3a47c4c1e3f292ffe,2666ef1c2d93d27e9cd70ebff0d24421357b5fd156438ca57d03181e0825f20f
ACM,44,15,18,adaptive_pair,0.7545304894447327,0.7542716941125182,15,272250,145200,9784800,417450,0,103.81535819999408,"[[1,9],[1,13],[2,5],[2,17],[3,10],[4,7],[4,10],[5,12],[7,14],[8,11],[8,15],[9,16],[11,15],[12,17],[13,16]]","[false, false, false, false, false, false, false, false, true, false, false, true, false, false, false, true, false, false]","[""RANDOM"", ""RANDOM"", ""RANDOM"", ""RANDOM"", ""RANDOM"", ""RANDOM"", ""RANDOM"", ""RANDOM"", ""PSP"", ""RANDOM"", ""RANDOM"", ""PAP"", ""RANDOM"", ""RANDOM"", ""RANDOM"", ""KNN"", ""RANDOM"", ""RANDOM""]","[14, 13, 6, 11, 8, 17, 9, 16, 1, 5, 15, 0, 7, 12, 10, 2, 3, 4]",C:\Users\Yin Kuan\OneDrive\桌面\Durham_CS\Research\TA-DVFG\results\nested_weak_cache\acm\nested_weak18_acm_hard_n18_useful3_seed44_party_preds.pt,bfba8f095af7a55d06845ce242eb53965f8fc088275417d3a47c4c1e3f292ffe,2666ef1c2d93d27e9cd70ebff0d24421357b5fd156438ca57d03181e0825f20f
ACM,44,15,18,adaptive_complementarity,0.7413508892059326,0.7406134065441915,15,272250,136125,9784800,408375,0,109.96322060004604,"[[1,9],[1,13],[2,12],[2,17],[3,10],[3,16],[4,5],[4,10],[5,7],[7,9],[8,11],[8,15],[11,15],[12,17],[13,16]]","[false, false, false, false, false, false, false, false, true, false, false, true, false, false, false, true, false, false]","[""RANDOM"", ""RANDOM"", ""RANDOM"", ""RANDOM"", ""RANDOM"", ""RANDOM"", ""RANDOM"", ""RANDOM"", ""PSP"", ""RANDOM"", ""RANDOM"", ""PAP"", ""RANDOM"", ""RANDOM"", ""RANDOM"", ""KNN"", ""RANDOM"", ""RANDOM""]","[14, 13, 6, 11, 8, 17, 9, 16, 1, 5, 15, 0, 7, 12, 10, 2, 3, 4]",C:\Users\Yin Kuan\OneDrive\桌面\Durham_CS\Research\TA-DVFG\results\nested_weak_cache\acm\nested_weak18_acm_hard_n18_useful3_seed44_party_preds.pt,bfba8f095af7a55d06845ce242eb53965f8fc088275417d3a47c4c1e3f292ffe,2666ef1c2d93d27e9cd70ebff0d24421357b5fd156438ca57d03181e0825f20f
ACM,44,15,18,full_mesh,0.7248764038085938,0.7239222059223649,153,2776950,163350,0,2940300,0,0.0,"[[0,1],[0,2],[0,3],[0,4],[0,5],[0,6],[0,7],[0,8],[0,9],[0,10],[0,11],[0,12],[0,13],[0,14],[0,15],[0,16],[0,17],[1,2],[1,3],[1,4],[1,5],[1,6],[1,7],[1,8],[1,9],[1,10],[1,11],[1,12],[1,13],[1,14],[1,15],[1,16],[1,17],[2,3],[2,4],[2,5],[2,6],[2,7],[2,8],[2,9],[2,10],[2,11],[2,12],[2,13],[2,14],[2,15],[2,16],[2,17],[3,4],[3,5],[3,6],[3,7],[3,8],[3,9],[3,10],[3,11],[3,12],[3,13],[3,14],[3,15],[3,16],[3,17],[4,5],[4,6],[4,7],[4,8],[4,9],[4,10],[4,11],[4,12],[4,13],[4,14],[4,15],[4,16],[4,17],[5,6],[5,7],[5,8],[5,9],[5,10],[5,11],[5,12],[5,13],[5,14],[5,15],[5,16],[5,17],[6,7],[6,8],[6,9],[6,10],[6,11],[6,12],[6,13],[6,14],[6,15],[6,16],[6,17],[7,8],[7,9],[7,10],[7,11],[7,12],[7,13],[7,14],[7,15],[7,16],[7,17],[8,9],[8,10],[8,11],[8,12],[8,13],[8,14],[8,15],[8,16],[8,17],[9,10],[9,11],[9,12],[9,13],[9,14],[9,15],[9,16],[9,17],[10,11],[10,12],[10,13],[10,14],[10,15],[10,16],[10,17],[11,12],[11,13],[11,14],[11,15],[11,16],[11,17],[12,13],[12,14],[12,15],[12,16],[12,17],[13,14],[13,15],[13,16],[13,17],[14,15],[14,16],[14,17],[15,16],[15,17],[16,17]]","[false, false, false, false, false, false, false, false, true, false, false, true, false, false, false, true, false, false]","[""RANDOM"", ""RANDOM"", ""RANDOM"", ""RANDOM"", ""RANDOM"", ""RANDOM"", ""RANDOM"", ""RANDOM"", ""PSP"", ""RANDOM"", ""RANDOM"", ""PAP"", ""RANDOM"", ""RANDOM"", ""RANDOM"", ""KNN"", ""RANDOM"", ""RANDOM""]","[14, 13, 6, 11, 8, 17, 9, 16, 1, 5, 15, 0, 7, 12, 10, 2, 3, 4]",C:\Users\Yin Kuan\OneDrive\桌面\Durham_CS\Research\TA-DVFG\results\nested_weak_cache\acm\nested_weak18_acm_hard_n18_useful3_seed44_party_preds.pt,bfba8f095af7a55d06845ce242eb53965f8fc088275417d3a47c4c1e3f292ffe,2666ef1c2d93d27e9cd70ebff0d24421357b5fd156438ca57d03181e0825f20f
ACM,44,15,18,adaptive_graph_val,0.8451400399208069,0.847255742064795,5,90750,54450,9784800,145200,231039,2340.5748579999854,"[[0,9],[7,11],[8,9],[8,15],[11,15]]","[false, false, false, false, false, false, false, false, true, false, false, true, false, false, false, true, false, false]","[""RANDOM"", ""RANDOM"", ""RANDOM"", ""RANDOM"", ""RANDOM"", ""RANDOM"", ""RANDOM"", ""RANDOM"", ""PSP"", ""RANDOM"", ""RANDOM"", ""PAP"", ""RANDOM"", ""RANDOM"", ""RANDOM"", ""KNN"", ""RANDOM"", ""RANDOM""]","[14, 13, 6, 11, 8, 17, 9, 16, 1, 5, 15, 0, 7, 12, 10, 2, 3, 4]",C:\Users\Yin Kuan\OneDrive\桌面\Durham_CS\Research\TA-DVFG\results\nested_weak_cache\acm\nested_weak18_acm_hard_n18_useful3_seed44_party_preds.pt,bfba8f095af7a55d06845ce242eb53965f8fc088275417d3a47c4c1e3f292ffe,2666ef1c2d93d27e9cd70ebff0d24421357b5fd156438ca57d03181e0825f20f
ACM,45,0,3,single_party_best,0.8336079120635986,0.835204859145731,0,0,0,0,0,0,0.0,[],"[true, true, true]","[""PAP"", ""PSP"", ""KNN""]","[0, 1, 2]",C:\Users\Yin Kuan\OneDrive\桌面\Durham_CS\Research\TA-DVFG\results\nested_weak_cache\acm\nested_weak18_acm_hard_n18_useful3_seed45_party_preds.pt,87e66a23b8a3d16faaccd2c194e5b4a54d7b44f87c4f151d3e6ad1afd3e6489d,3ba77c5e970a4674729f09292cf5a7419af473ea768bb840948805c51384c77c
ACM,45,0,3,topk_reliability_vote,0.8566721677780151,0.8575239642567346,0,0,27225,0,27225,0,0.0,[],"[true, true, true]","[""PAP"", ""PSP"", ""KNN""]","[0, 1, 2]",C:\Users\Yin Kuan\OneDrive\桌面\Durham_CS\Research\TA-DVFG\results\nested_weak_cache\acm\nested_weak18_acm_hard_n18_useful3_seed45_party_preds.pt,87e66a23b8a3d16faaccd2c194e5b4a54d7b44f87c4f151d3e6ad1afd3e6489d,3ba77c5e970a4674729f09292cf5a7419af473ea768bb840948805c51384c77c
ACM,45,0,3,random_matched,0.8566721677780151,0.8575239642567346,3,54450,27225,0,81675,0,0.0,"[[0,1],[0,2],[1,2]]","[true, true, true]","[""PAP"", ""PSP"", ""KNN""]","[0, 1, 2]",C:\Users\Yin Kuan\OneDrive\桌面\Durham_CS\Research\TA-DVFG\results\nested_weak_cache\acm\nested_weak18_acm_hard_n18_useful3_seed45_party_preds.pt,87e66a23b8a3d16faaccd2c194e5b4a54d7b44f87c4f151d3e6ad1afd3e6489d,3ba77c5e970a4674729f09292cf5a7419af473ea768bb840948805c51384c77c
ACM,45,0,3,adaptive_pair,0.8566721677780151,0.8575239642567346,3,54450,27225,1630800,81675,0,2.149891999986721,"[[0,1],[0,2],[1,2]]","[true, true, true]","[""PAP"", ""PSP"", ""KNN""]","[0, 1, 2]",C:\Users\Yin Kuan\OneDrive\桌面\Durham_CS\Research\TA-DVFG\results\nested_weak_cache\acm\nested_weak18_acm_hard_n18_useful3_seed45_party_preds.pt,87e66a23b8a3d16faaccd2c194e5b4a54d7b44f87c4f151d3e6ad1afd3e6489d,3ba77c5e970a4674729f09292cf5a7419af473ea768bb840948805c51384c77c
ACM,45,0,3,adaptive_complementarity,0.8566721677780151,0.8575239642567346,3,54450,27225,1630800,81675,0,1.9415038000006462,"[[0,1],[0,2],[1,2]]","[true, true, true]","[""PAP"", ""PSP"", ""KNN""]","[0, 1, 2]",C:\Users\Yin Kuan\OneDrive\桌面\Durham_CS\Research\TA-DVFG\results\nested_weak_cache\acm\nested_weak18_acm_hard_n18_useful3_seed45_party_preds.pt,87e66a23b8a3d16faaccd2c194e5b4a54d7b44f87c4f151d3e6ad1afd3e6489d,3ba77c5e970a4674729f09292cf5a7419af473ea768bb840948805c51384c77c
ACM,45,0,3,full_mesh,0.8566721677780151,0.8575239642567346,3,54450,27225,0,81675,0,0.0,"[[0,1],[0,2],[1,2]]","[true, true, true]","[""PAP"", ""PSP"", ""KNN""]","[0, 1, 2]",C:\Users\Yin Kuan\OneDrive\桌面\Durham_CS\Research\TA-DVFG\results\nested_weak_cache\acm\nested_weak18_acm_hard_n18_useful3_seed45_party_preds.pt,87e66a23b8a3d16faaccd2c194e5b4a54d7b44f87c4f151d3e6ad1afd3e6489d,3ba77c5e970a4674729f09292cf5a7419af473ea768bb840948805c51384c77c
ACM,45,0,3,adaptive_graph_val,0.8566721677780151,0.8575239642567346,3,54450,27225,1630800,81675,1800,7.898571199992148,"[[0,1],[0,2],[1,2]]","[true, true, true]","[""PAP"", ""PSP"", ""KNN""]","[0, 1, 2]",C:\Users\Yin Kuan\OneDrive\桌面\Durham_CS\Research\TA-DVFG\results\nested_weak_cache\acm\nested_weak18_acm_hard_n18_useful3_seed45_party_preds.pt,87e66a23b8a3d16faaccd2c194e5b4a54d7b44f87c4f151d3e6ad1afd3e6489d,3ba77c5e970a4674729f09292cf5a7419af473ea768bb840948805c51384c77c
ACM,45,2,5,single_party_best,0.8336079120635986,0.835204859145731,0,0,0,0,0,0,0.0,[],"[true, false, true, false, true]","[""PAP"", ""RANDOM"", ""PSP"", ""RANDOM"", ""KNN""]","[0, 4, 1, 3, 2]",C:\Users\Yin Kuan\OneDrive\桌面\Durham_CS\Research\TA-DVFG\results\nested_weak_cache\acm\nested_weak18_acm_hard_n18_useful3_seed45_party_preds.pt,87e66a23b8a3d16faaccd2c194e5b4a54d7b44f87c4f151d3e6ad1afd3e6489d,33b8cec977b40c882b2f836fb429c5c31f9bd73ddea495caefcaa7b47ff0f4a3
ACM,45,2,5,topk_reliability_vote,0.8319604396820068,0.8322075095430533,0,0,45375,0,45375,0,0.0,[],"[true, false, true, false, true]","[""PAP"", ""RANDOM"", ""PSP"", ""RANDOM"", ""KNN""]","[0, 4, 1, 3, 2]",C:\Users\Yin Kuan\OneDrive\桌面\Durham_CS\Research\TA-DVFG\results\nested_weak_cache\acm\nested_weak18_acm_hard_n18_useful3_seed45_party_preds.pt,87e66a23b8a3d16faaccd2c194e5b4a54d7b44f87c4f151d3e6ad1afd3e6489d,33b8cec977b40c882b2f836fb429c5c31f9bd73ddea495caefcaa7b47ff0f4a3
ACM,45,2,5,random_matched,0.8352553248405457,0.8351814787209055,5,90750,45375,0,136125,0,0.0,"[[0,1],[0,4],[1,3],[2,3],[2,4]]","[true, false, true, false, true]","[""PAP"", ""RANDOM"", ""PSP"", ""RANDOM"", ""KNN""]","[0, 4, 1, 3, 2]",C:\Users\Yin Kuan\OneDrive\桌面\Durham_CS\Research\TA-DVFG\results\nested_weak_cache\acm\nested_weak18_acm_hard_n18_useful3_seed45_party_preds.pt,87e66a23b8a3d16faaccd2c194e5b4a54d7b44f87c4f151d3e6ad1afd3e6489d,33b8cec977b40c882b2f836fb429c5c31f9bd73ddea495caefcaa7b47ff0f4a3
ACM,45,2,5,adaptive_pair,0.8336079120635986,0.8340921770583712,4,72600,45375,2718000,117975,0,6.69384940002783,"[[0,2],[0,4],[1,3],[2,4]]","[true, false, true, false, true]","[""PAP"", ""RANDOM"", ""PSP"", ""RANDOM"", ""KNN""]","[0, 4, 1, 3, 2]",C:\Users\Yin Kuan\OneDrive\桌面\Durham_CS\Research\TA-DVFG\results\nested_weak_cache\acm\nested_weak18_acm_hard_n18_useful3_seed45_party_preds.pt,87e66a23b8a3d16faaccd2c194e5b4a54d7b44f87c4f151d3e6ad1afd3e6489d,33b8cec977b40c882b2f836fb429c5c31f9bd73ddea495caefcaa7b47ff0f4a3
ACM,45,2,5,adaptive_complementarity,0.8336079120635986,0.8340921770583712,4,72600,45375,2718000,117975,0,6.078703999985009,"[[0,2],[0,4],[1,3],[2,4]]","[true, false, true, false, true]","[""PAP"", ""RANDOM"", ""PSP"", ""RANDOM"", ""KNN""]","[0, 4, 1, 3, 2]",C:\Users\Yin Kuan\OneDrive\桌面\Durham_CS\Research\TA-DVFG\results\nested_weak_cache\acm\nested_weak18_acm_hard_n18_useful3_seed45_party_preds.pt,87e66a23b8a3d16faaccd2c194e5b4a54d7b44f87c4f151d3e6ad1afd3e6489d,33b8cec977b40c882b2f836fb429c5c31f9bd73ddea495caefcaa7b47ff0f4a3
ACM,45,2,5,full_mesh,0.8204283118247986,0.8222927072927072,10,181500,45375,0,226875,0,0.0,"[[0,1],[0,2],[0,3],[0,4],[1,2],[1,3],[1,4],[2,3],[2,4],[3,4]]","[true, false, true, false, true]","[""PAP"", ""RANDOM"", ""PSP"", ""RANDOM"", ""KNN""]","[0, 4, 1, 3, 2]",C:\Users\Yin Kuan\OneDrive\桌面\Durham_CS\Research\TA-DVFG\results\nested_weak_cache\acm\nested_weak18_acm_hard_n18_useful3_seed45_party_preds.pt,87e66a23b8a3d16faaccd2c194e5b4a54d7b44f87c4f151d3e6ad1afd3e6489d,33b8cec977b40c882b2f836fb429c5c31f9bd73ddea495caefcaa7b47ff0f4a3
ACM,45,2,5,adaptive_graph_val,0.8434925675392151,0.8442543487509407,4,72600,36300,2718000,108900,8111,38.45878029997402,"[[0,3],[0,4],[2,3],[2,4]]","[true, false, true, false, true]","[""PAP"", ""RANDOM"", ""PSP"", ""RANDOM"", ""KNN""]","[0, 4, 1, 3, 2]",C:\Users\Yin Kuan\OneDrive\桌面\Durham_CS\Research\TA-DVFG\results\nested_weak_cache\acm\nested_weak18_acm_hard_n18_useful3_seed45_party_preds.pt,87e66a23b8a3d16faaccd2c194e5b4a54d7b44f87c4f151d3e6ad1afd3e6489d,33b8cec977b40c882b2f836fb429c5c31f9bd73ddea495caefcaa7b47ff0f4a3
ACM,45,5,8,single_party_best,0.8336079120635986,0.835204859145731,0,0,0,0,0,0,0.0,[],"[false, false, true, false, false, true, true, false]","[""RANDOM"", ""RANDOM"", ""KNN"", ""RANDOM"", ""RANDOM"", ""PAP"", ""PSP"", ""RANDOM""]","[6, 4, 2, 5, 3, 0, 1, 7]",C:\Users\Yin Kuan\OneDrive\桌面\Durham_CS\Research\TA-DVFG\results\nested_weak_cache\acm\nested_weak18_acm_hard_n18_useful3_seed45_party_preds.pt,87e66a23b8a3d16faaccd2c194e5b4a54d7b44f87c4f151d3e6ad1afd3e6489d,3f33f0926a91fc22c5149bbacefada78bedc1aec1f9ee93cfa4e823e00ed8498
ACM,45,5,8,topk_reliability_vote,0.8401976823806763,0.8404766750004846,0,0,45375,0,45375,0,0.0,[],"[false, false, true, false, false, true, true, false]","[""RANDOM"", ""RANDOM"", ""KNN"", ""RANDOM"", ""RANDOM"", ""PAP"", ""PSP"", ""RANDOM""]","[6, 4, 2, 5, 3, 0, 1, 7]",C:\Users\Yin Kuan\OneDrive\桌面\Durham_CS\Research\TA-DVFG\results\nested_weak_cache\acm\nested_weak18_acm_hard_n18_useful3_seed45_party_preds.pt,87e66a23b8a3d16faaccd2c194e5b4a54d7b44f87c4f151d3e6ad1afd3e6489d,3f33f0926a91fc22c5149bbacefada78bedc1aec1f9ee93cfa4e823e00ed8498
ACM,45,5,8,random_matched,0.7611202597618103,0.7601781970649896,5,90750,72600,0,163350,0,0.0,"[[0,6],[1,2],[3,7],[4,6],[5,7]]","[false, false, true, false, false, true, true, false]","[""RANDOM"", ""RANDOM"", ""KNN"", ""RANDOM"", ""RANDOM"", ""PAP"", ""PSP"", ""RANDOM""]","[6, 4, 2, 5, 3, 0, 1, 7]",C:\Users\Yin Kuan\OneDrive\桌面\Durham_CS\Research\TA-DVFG\results\nested_weak_cache\acm\nested_weak18_acm_hard_n18_useful3_seed45_party_preds.pt,87e66a23b8a3d16faaccd2c194e5b4a54d7b44f87c4f151d3e6ad1afd3e6489d,3f33f0926a91fc22c5149bbacefada78bedc1aec1f9ee93cfa4e823e00ed8498
ACM,45,5,8,adaptive_pair,0.7874794006347656,0.7892508877730554,7,127050,72600,4348800,199650,0,17.160024000091653,"[[0,3],[0,4],[1,7],[2,5],[2,6],[3,4],[5,6]]","[false, false, true, false, false, true, true, false]","[""RANDOM"", ""RANDOM"", ""KNN"", ""RANDOM"", ""RANDOM"", ""PAP"", ""PSP"", ""RANDOM""]","[6, 4, 2, 5, 3, 0, 1, 7]",C:\Users\Yin Kuan\OneDrive\桌面\Durham_CS\Research\TA-DVFG\results\nested_weak_cache\acm\nested_weak18_acm_hard_n18_useful3_seed45_party_preds.pt,87e66a23b8a3d16faaccd2c194e5b4a54d7b44f87c4f151d3e6ad1afd3e6489d,3f33f0926a91fc22c5149bbacefada78bedc1aec1f9ee93cfa4e823e00ed8498
ACM,45,5,8,adaptive_complementarity,0.8023064136505127,0.8011339491599312,7,127050,63525,4348800,190575,0,18.75934670006245,"[[0,3],[0,4],[2,5],[2,6],[3,7],[4,7],[5,6]]","[false, false, true, false, false, true, true, false]","[""RANDOM"", ""RANDOM"", ""KNN"", ""RANDOM"", ""RANDOM"", ""PAP"", ""PSP"", ""RANDOM""]","[6, 4, 2, 5, 3, 0, 1, 7]",C:\Users\Yin Kuan\OneDrive\桌面\Durham_CS\Research\TA-DVFG\results\nested_weak_cache\acm\nested_weak18_acm_hard_n18_useful3_seed45_party_preds.pt,87e66a23b8a3d16faaccd2c194e5b4a54d7b44f87c4f151d3e6ad1afd3e6489d,3f33f0926a91fc22c5149bbacefada78bedc1aec1f9ee93cfa4e823e00ed8498
ACM,45,5,8,full_mesh,0.7907742857933044,0.790904928799217,28,508200,72600,0,580800,0,0.0,"[[0,1],[0,2],[0,3],[0,4],[0,5],[0,6],[0,7],[1,2],[1,3],[1,4],[1,5],[1,6],[1,7],[2,3],[2,4],[2,5],[2,6],[2,7],[3,4],[3,5],[3,6],[3,7],[4,5],[4,6],[4,7],[5,6],[5,7],[6,7]]","[false, false, true, false, false, true, true, false]","[""RANDOM"", ""RANDOM"", ""KNN"", ""RANDOM"", ""RANDOM"", ""PAP"", ""PSP"", ""RANDOM""]","[6, 4, 2, 5, 3, 0, 1, 7]",C:\Users\Yin Kuan\OneDrive\桌面\Durham_CS\Research\TA-DVFG\results\nested_weak_cache\acm\nested_weak18_acm_hard_n18_useful3_seed45_party_preds.pt,87e66a23b8a3d16faaccd2c194e5b4a54d7b44f87c4f151d3e6ad1afd3e6489d,3f33f0926a91fc22c5149bbacefada78bedc1aec1f9ee93cfa4e823e00ed8498
ACM,45,5,8,adaptive_graph_val,0.8220757842063904,0.8229602968818939,5,90750,54450,4348800,145200,30980,196.0614215999085,"[[0,4],[0,6],[1,5],[2,5],[2,6]]","[false, false, true, false, false, true, true, false]","[""RANDOM"", ""RANDOM"", ""KNN"", ""RANDOM"", ""RANDOM"", ""PAP"", ""PSP"", ""RANDOM""]","[6, 4, 2, 5, 3, 0, 1, 7]",C:\Users\Yin Kuan\OneDrive\桌面\Durham_CS\Research\TA-DVFG\results\nested_weak_cache\acm\nested_weak18_acm_hard_n18_useful3_seed45_party_preds.pt,87e66a23b8a3d16faaccd2c194e5b4a54d7b44f87c4f151d3e6ad1afd3e6489d,3f33f0926a91fc22c5149bbacefada78bedc1aec1f9ee93cfa4e823e00ed8498
ACM,45,10,13,single_party_best,0.8336079120635986,0.835204859145731,0,0,0,0,0,0,0.0,[],"[false, true, true, false, false, false, false, false, false, false, false, false, true]","[""RANDOM"", ""PSP"", ""PAP"", ""RANDOM"", ""RANDOM"", ""RANDOM"", ""RANDOM"", ""RANDOM"", ""RANDOM"", ""RANDOM"", ""RANDOM"", ""RANDOM"", ""KNN""]","[4, 1, 0, 6, 11, 5, 7, 12, 9, 8, 3, 10, 2]",C:\Users\Yin Kuan\OneDrive\桌面\Durham_CS\Research\TA-DVFG\results\nested_weak_cache\acm\nested_weak18_acm_hard_n18_useful3_seed45_party_preds.pt,87e66a23b8a3d16faaccd2c194e5b4a54d7b44f87c4f151d3e6ad1afd3e6489d,21a1eaf936e7b396bdbee959887c4669e078a9c998451a3a8d515ac0fccc3ac7
ACM,45,10,13,topk_reliability_vote,0.8352553248405457,0.8362454681313124,0,0,45375,0,45375,0,0.0,[],"[false, true, true, false, false, false, false, false, false, false, false, false, true]","[""RANDOM"", ""PSP"", ""PAP"", ""RANDOM"", ""RANDOM"", ""RANDOM"", ""RANDOM"", ""RANDOM"", ""RANDOM"", ""RANDOM"", ""RANDOM"", ""RANDOM"", ""KNN""]","[4, 1, 0, 6, 11, 5, 7, 12, 9, 8, 3, 10, 2]",C:\Users\Yin Kuan\OneDrive\桌面\Durham_CS\Research\TA-DVFG\results\nested_weak_cache\acm\nested_weak18_acm_hard_n18_useful3_seed45_party_preds.pt,87e66a23b8a3d16faaccd2c194e5b4a54d7b44f87c4f151d3e6ad1afd3e6489d,21a1eaf936e7b396bdbee959887c4669e078a9c998451a3a8d515ac0fccc3ac7
ACM,45,10,13,random_matched,0.6309719681739807,0.6280412823891085,5,90750,72600,0,163350,0,0.0,"[[0,3],[0,8],[2,9],[3,6],[7,11]]","[false, true, true, false, false, false, false, false, false, false, false, false, true]","[""RANDOM"", ""PSP"", ""PAP"", ""RANDOM"", ""RANDOM"", ""RANDOM"", ""RANDOM"", ""RANDOM"", ""RANDOM"", ""RANDOM"", ""RANDOM"", ""RANDOM"", ""KNN""]","[4, 1, 0, 6, 11, 5, 7, 12, 9, 8, 3, 10, 2]",C:\Users\Yin Kuan\OneDrive\桌面\Durham_CS\Research\TA-DVFG\results\nested_weak_cache\acm\nested_weak18_acm_hard_n18_useful3_seed45_party_preds.pt,87e66a23b8a3d16faaccd2c194e5b4a54d7b44f87c4f151d3e6ad1afd3e6489d,21a1eaf936e7b396bdbee959887c4669e078a9c998451a3a8d515ac0fccc3ac7
ACM,45,10,13,adaptive_pair,0.736408531665802,0.7343204276211432,12,217800,108900,7066800,326700,0,52.855844500052626,"[[0,8],[0,11],[1,2],[1,12],[2,12],[3,7],[3,10],[4,9],[4,11],[5,7],[5,10],[8,9]]","[false, true, true, false, false, false, false, false, false, false, false, false, true]","[""RANDOM"", ""PSP"", ""PAP"", ""RANDOM"", ""RANDOM"", ""RANDOM"", ""RANDOM"", ""RANDOM"", ""RANDOM"", ""RANDOM"", ""RANDOM"", ""RANDOM"", ""KNN""]","[4, 1, 0, 6, 11, 5, 7, 12, 9, 8, 3, 10, 2]",C:\Users\Yin Kuan\OneDrive\桌面\Durham_CS\Research\TA-DVFG\results\nested_weak_cache\acm\nested_weak18_acm_hard_n18_useful3_seed45_party_preds.pt,87e66a23b8a3d16faaccd2c194e5b4a54d7b44f87c4f151d3e6ad1afd3e6489d,21a1eaf936e7b396bdbee959887c4669e078a9c998451a3a8d515ac0fccc3ac7
ACM,45,10,13,adaptive_complementarity,0.7380560040473938,0.7358033057927731,12,217800,108900,7066800,326700,0,54.574164300043776,"[[0,8],[0,11],[1,2],[1,12],[2,12],[3,5],[3,7],[4,9],[4,10],[5,7],[8,9],[10,11]]","[false, true, true, false, false, false, false, false, false, false, false, false, true]","[""RANDOM"", ""PSP"", ""PAP"", ""RANDOM"", ""RANDOM"", ""RANDOM"", ""RANDOM"", ""RANDOM"", ""RANDOM"", ""RANDOM"", ""RANDOM"", ""RANDOM"", ""KNN""]","[4, 1, 0, 6, 11, 5, 7, 12, 9, 8, 3, 10, 2]",C:\Users\Yin Kuan\OneDrive\桌面\Durham_CS\Research\TA-DVFG\results\nested_weak_cache\acm\nested_weak18_acm_hard_n18_useful3_seed45_party_preds.pt,87e66a23b8a3d16faaccd2c194e5b4a54d7b44f87c4f151d3e6ad1afd3e6489d,21a1eaf936e7b396bdbee959887c4669e078a9c998451a3a8d515ac0fccc3ac7
ACM,45,10,13,full_mesh,0.7298187613487244,0.7262198511638763,78,1415700,117975,0,1533675,0,0.0,"[[0,1],[0,2],[0,3],[0,4],[0,5],[0,6],[0,7],[0,8],[0,9],[0,10],[0,11],[0,12],[1,2],[1,3],[1,4],[1,5],[1,6],[1,7],[1,8],[1,9],[1,10],[1,11],[1,12],[2,3],[2,4],[2,5],[2,6],[2,7],[2,8],[2,9],[2,10],[2,11],[2,12],[3,4],[3,5],[3,6],[3,7],[3,8],[3,9],[3,10],[3,11],[3,12],[4,5],[4,6],[4,7],[4,8],[4,9],[4,10],[4,11],[4,12],[5,6],[5,7],[5,8],[5,9],[5,10],[5,11],[5,12],[6,7],[6,8],[6,9],[6,10],[6,11],[6,12],[7,8],[7,9],[7,10],[7,11],[7,12],[8,9],[8,10],[8,11],[8,12],[9,10],[9,11],[9,12],[10,11],[10,12],[11,12]]","[false, true, true, false, false, false, false, false, false, false, false, false, true]","[""RANDOM"", ""PSP"", ""PAP"", ""RANDOM"", ""RANDOM"", ""RANDOM"", ""RANDOM"", ""RANDOM"", ""RANDOM"", ""RANDOM"", ""RANDOM"", ""RANDOM"", ""KNN""]","[4, 1, 0, 6, 11, 5, 7, 12, 9, 8, 3, 10, 2]",C:\Users\Yin Kuan\OneDrive\桌面\Durham_CS\Research\TA-DVFG\results\nested_weak_cache\acm\nested_weak18_acm_hard_n18_useful3_seed45_party_preds.pt,87e66a23b8a3d16faaccd2c194e5b4a54d7b44f87c4f151d3e6ad1afd3e6489d,21a1eaf936e7b396bdbee959887c4669e078a9c998451a3a8d515ac0fccc3ac7
ACM,45,10,13,adaptive_graph_val,0.8418450951576233,0.8418619605644945,5,90750,54450,7066800,145200,106439,818.3190192999828,"[[0,3],[1,8],[1,12],[2,3],[2,12]]","[false, true, true, false, false, false, false, false, false, false, false, false, true]","[""RANDOM"", ""PSP"", ""PAP"", ""RANDOM"", ""RANDOM"", ""RANDOM"", ""RANDOM"", ""RANDOM"", ""RANDOM"", ""RANDOM"", ""RANDOM"", ""RANDOM"", ""KNN""]","[4, 1, 0, 6, 11, 5, 7, 12, 9, 8, 3, 10, 2]",C:\Users\Yin Kuan\OneDrive\桌面\Durham_CS\Research\TA-DVFG\results\nested_weak_cache\acm\nested_weak18_acm_hard_n18_useful3_seed45_party_preds.pt,87e66a23b8a3d16faaccd2c194e5b4a54d7b44f87c4f151d3e6ad1afd3e6489d,21a1eaf936e7b396bdbee959887c4669e078a9c998451a3a8d515ac0fccc3ac7
ACM,45,15,18,single_party_best,0.8336079120635986,0.835204859145731,0,0,0,0,0,0,0.0,[],"[true, false, false, false, false, false, false, false, false, false, false, false, false, true, false, false, true, false]","[""PAP"", ""RANDOM"", ""RANDOM"", ""RANDOM"", ""RANDOM"", ""RANDOM"", ""RANDOM"", ""RANDOM"", ""RANDOM"", ""RANDOM"", ""RANDOM"", ""RANDOM"", ""RANDOM"", ""PSP"", ""RANDOM"", ""RANDOM"", ""KNN"", ""RANDOM""]","[0, 12, 6, 3, 11, 13, 15, 5, 4, 8, 10, 17, 7, 1, 14, 16, 2, 9]",C:\Users\Yin Kuan\OneDrive\桌面\Durham_CS\Research\TA-DVFG\results\nested_weak_cache\acm\nested_weak18_acm_hard_n18_useful3_seed45_party_preds.pt,87e66a23b8a3d16faaccd2c194e5b4a54d7b44f87c4f151d3e6ad1afd3e6489d,5dbddf32f3c1278fadaa48a62ec2eaba3268c79818227aa9e5c1db777c2b5d95
ACM,45,15,18,topk_reliability_vote,0.8352553248405457,0.8356573703270316,0,0,45375,0,45375,0,0.0,[],"[true, false, false, false, false, false, false, false, false, false, false, false, false, true, false, false, true, false]","[""PAP"", ""RANDOM"", ""RANDOM"", ""RANDOM"", ""RANDOM"", ""RANDOM"", ""RANDOM"", ""RANDOM"", ""RANDOM"", ""RANDOM"", ""RANDOM"", ""RANDOM"", ""RANDOM"", ""PSP"", ""RANDOM"", ""RANDOM"", ""KNN"", ""RANDOM""]","[0, 12, 6, 3, 11, 13, 15, 5, 4, 8, 10, 17, 7, 1, 14, 16, 2, 9]",C:\Users\Yin Kuan\OneDrive\桌面\Durham_CS\Research\TA-DVFG\results\nested_weak_cache\acm\nested_weak18_acm_hard_n18_useful3_seed45_party_preds.pt,87e66a23b8a3d16faaccd2c194e5b4a54d7b44f87c4f151d3e6ad1afd3e6489d,5dbddf32f3c1278fadaa48a62ec2eaba3268c79818227aa9e5c1db777c2b5d95
ACM,45,15,18,random_matched,0.5370675325393677,0.5381539909183383,5,90750,72600,0,163350,0,0.0,"[[1,16],[3,10],[3,17],[4,13],[10,14]]","[true, false, false, false, false, false, false, false, false, false, false, false, false, true, false, false, true, false]","[""PAP"", ""RANDOM"", ""RANDOM"", ""RANDOM"", ""RANDOM"", ""RANDOM"", ""RANDOM"", ""RANDOM"", ""RANDOM"", ""RANDOM"", ""RANDOM"", ""RANDOM"", ""RANDOM"", ""PSP"", ""RANDOM"", ""RANDOM"", ""KNN"", ""RANDOM""]","[0, 12, 6, 3, 11, 13, 15, 5, 4, 8, 10, 17, 7, 1, 14, 16, 2, 9]",C:\Users\Yin Kuan\OneDrive\桌面\Durham_CS\Research\TA-DVFG\results\nested_weak_cache\acm\nested_weak18_acm_hard_n18_useful3_seed45_party_preds.pt,87e66a23b8a3d16faaccd2c194e5b4a54d7b44f87c4f151d3e6ad1afd3e6489d,5dbddf32f3c1278fadaa48a62ec2eaba3268c79818227aa9e5c1db777c2b5d95
ACM,45,15,18,adaptive_pair,0.6985172629356384,0.6992522838761682,15,272250,145200,9784800,417450,0,92.82528049995744,"[[0,13],[0,16],[1,2],[1,17],[2,3],[3,7],[4,9],[4,11],[6,8],[6,12],[7,9],[10,11],[10,17],[12,14],[13,16]]","[true, false, false, false, false, false, false, false, false, false, false, false, false, true, false, false, true, false]","[""PAP"", ""RANDOM"", ""RANDOM"", ""RANDOM"", ""RANDOM"", ""RANDOM"", ""RANDOM"", ""RANDOM"", ""RANDOM"", ""RANDOM"", ""RANDOM"", ""RANDOM"", ""RANDOM"", ""PSP"", ""RANDOM"", ""RANDOM"", ""KNN"", ""RANDOM""]","[0, 12, 6, 3, 11, 13, 15, 5, 4, 8, 10, 17, 7, 1, 14, 16, 2, 9]",C:\Users\Yin Kuan\OneDrive\桌面\Durham_CS\Research\TA-DVFG\results\nested_weak_cache\acm\nested_weak18_acm_hard_n18_useful3_seed45_party_preds.pt,87e66a23b8a3d16faaccd2c194e5b4a54d7b44f87c4f151d3e6ad1afd3e6489d,5dbddf32f3c1278fadaa48a62ec2eaba3268c79818227aa9e5c1db777c2b5d95
ACM,45,15,18,adaptive_complementarity,0.7001647353172302,0.7014476687198278,15,272250,145200,9784800,417450,0,88.10891649993573,"[[0,13],[0,16],[1,7],[1,11],[2,7],[2,12],[3,10],[3,11],[4,9],[6,14],[8,10],[8,17],[9,17],[12,14],[13,16]]","[true, false, false, false, false, false, false, false, false, false, false, false, false, true, false, false, true, false]","[""PAP"", ""RANDOM"", ""RANDOM"", ""RANDOM"", ""RANDOM"", ""RANDOM"", ""RANDOM"", ""RANDOM"", ""RANDOM"", ""RANDOM"", ""RANDOM"", ""RANDOM"", ""RANDOM"", ""PSP"", ""RANDOM"", ""RANDOM"", ""KNN"", ""RANDOM""]","[0, 12, 6, 3, 11, 13, 15, 5, 4, 8, 10, 17, 7, 1, 14, 16, 2, 9]",C:\Users\Yin Kuan\OneDrive\桌面\Durham_CS\Research\TA-DVFG\results\nested_weak_cache\acm\nested_weak18_acm_hard_n18_useful3_seed45_party_preds.pt,87e66a23b8a3d16faaccd2c194e5b4a54d7b44f87c4f151d3e6ad1afd3e6489d,5dbddf32f3c1278fadaa48a62ec2eaba3268c79818227aa9e5c1db777c2b5d95
ACM,45,15,18,full_mesh,0.6688632369041443,0.6693549395071049,153,2776950,163350,0,2940300,0,0.0,"[[0,1],[0,2],[0,3],[0,4],[0,5],[0,6],[0,7],[0,8],[0,9],[0,10],[0,11],[0,12],[0,13],[0,14],[0,15],[0,16],[0,17],[1,2],[1,3],[1,4],[1,5],[1,6],[1,7],[1,8],[1,9],[1,10],[1,11],[1,12],[1,13],[1,14],[1,15],[1,16],[1,17],[2,3],[2,4],[2,5],[2,6],[2,7],[2,8],[2,9],[2,10],[2,11],[2,12],[2,13],[2,14],[2,15],[2,16],[2,17],[3,4],[3,5],[3,6],[3,7],[3,8],[3,9],[3,10],[3,11],[3,12],[3,13],[3,14],[3,15],[3,16],[3,17],[4,5],[4,6],[4,7],[4,8],[4,9],[4,10],[4,11],[4,12],[4,13],[4,14],[4,15],[4,16],[4,17],[5,6],[5,7],[5,8],[5,9],[5,10],[5,11],[5,12],[5,13],[5,14],[5,15],[5,16],[5,17],[6,7],[6,8],[6,9],[6,10],[6,11],[6,12],[6,13],[6,14],[6,15],[6,16],[6,17],[7,8],[7,9],[7,10],[7,11],[7,12],[7,13],[7,14],[7,15],[7,16],[7,17],[8,9],[8,10],[8,11],[8,12],[8,13],[8,14],[8,15],[8,16],[8,17],[9,10],[9,11],[9,12],[9,13],[9,14],[9,15],[9,16],[9,17],[10,11],[10,12],[10,13],[10,14],[10,15],[10,16],[10,17],[11,12],[11,13],[11,14],[11,15],[11,16],[11,17],[12,13],[12,14],[12,15],[12,16],[12,17],[13,14],[13,15],[13,16],[13,17],[14,15],[14,16],[14,17],[15,16],[15,17],[16,17]]","[true, false, false, false, false, false, false, false, false, false, false, false, false, true, false, false, true, false]","[""PAP"", ""RANDOM"", ""RANDOM"", ""RANDOM"", ""RANDOM"", ""RANDOM"", ""RANDOM"", ""RANDOM"", ""RANDOM"", ""RANDOM"", ""RANDOM"", ""RANDOM"", ""RANDOM"", ""PSP"", ""RANDOM"", ""RANDOM"", ""KNN"", ""RANDOM""]","[0, 12, 6, 3, 11, 13, 15, 5, 4, 8, 10, 17, 7, 1, 14, 16, 2, 9]",C:\Users\Yin Kuan\OneDrive\桌面\Durham_CS\Research\TA-DVFG\results\nested_weak_cache\acm\nested_weak18_acm_hard_n18_useful3_seed45_party_preds.pt,87e66a23b8a3d16faaccd2c194e5b4a54d7b44f87c4f151d3e6ad1afd3e6489d,5dbddf32f3c1278fadaa48a62ec2eaba3268c79818227aa9e5c1db777c2b5d95
ACM,45,15,18,adaptive_graph_val,0.8451400399208069,0.8449814490199343,5,90750,54450,9784800,145200,227525,2149.2913279998756,"[[0,15],[0,16],[2,13],[13,17],[16,17]]","[true, false, false, false, false, false, false, false, false, false, false, false, false, true, false, false, true, false]","[""PAP"", ""RANDOM"", ""RANDOM"", ""RANDOM"", ""RANDOM"", ""RANDOM"", ""RANDOM"", ""RANDOM"", ""RANDOM"", ""RANDOM"", ""RANDOM"", ""RANDOM"", ""RANDOM"", ""PSP"", ""RANDOM"", ""RANDOM"", ""KNN"", ""RANDOM""]","[0, 12, 6, 3, 11, 13, 15, 5, 4, 8, 10, 17, 7, 1, 14, 16, 2, 9]",C:\Users\Yin Kuan\OneDrive\桌面\Durham_CS\Research\TA-DVFG\results\nested_weak_cache\acm\nested_weak18_acm_hard_n18_useful3_seed45_party_preds.pt,87e66a23b8a3d16faaccd2c194e5b4a54d7b44f87c4f151d3e6ad1afd3e6489d,5dbddf32f3c1278fadaa48a62ec2eaba3268c79818227aa9e5c1db777c2b5d95
ACM,46,0,3,single_party_best,0.8369027972221375,0.8376008012536614,0,0,0,0,0,0,0.0,[],"[true, true, true]","[""PSP"", ""PAP"", ""KNN""]","[1, 0, 2]",C:\Users\Yin Kuan\OneDrive\桌面\Durham_CS\Research\TA-DVFG\results\nested_weak_cache\acm\nested_weak18_acm_hard_n18_useful3_seed46_party_preds.pt,dda850d0517d9db1bc720e0d5c237923fbada066e952bf667fb4b678047c13a4,17059f4fc3176636eb90f5e9191e43aa8b4f0182e19834a3b851828782c0bf6e
ACM,46,0,3,topk_reliability_vote,0.8797363638877869,0.8796416287161924,0,0,27225,0,27225,0,0.0,[],"[true, true, true]","[""PSP"", ""PAP"", ""KNN""]","[1, 0, 2]",C:\Users\Yin Kuan\OneDrive\桌面\Durham_CS\Research\TA-DVFG\results\nested_weak_cache\acm\nested_weak18_acm_hard_n18_useful3_seed46_party_preds.pt,dda850d0517d9db1bc720e0d5c237923fbada066e952bf667fb4b678047c13a4,17059f4fc3176636eb90f5e9191e43aa8b4f0182e19834a3b851828782c0bf6e
ACM,46,0,3,random_matched,0.8797363638877869,0.8796416287161924,3,54450,27225,0,81675,0,0.0,"[[0,1],[0,2],[1,2]]","[true, true, true]","[""PSP"", ""PAP"", ""KNN""]","[1, 0, 2]",C:\Users\Yin Kuan\OneDrive\桌面\Durham_CS\Research\TA-DVFG\results\nested_weak_cache\acm\nested_weak18_acm_hard_n18_useful3_seed46_party_preds.pt,dda850d0517d9db1bc720e0d5c237923fbada066e952bf667fb4b678047c13a4,17059f4fc3176636eb90f5e9191e43aa8b4f0182e19834a3b851828782c0bf6e
ACM,46,0,3,adaptive_pair,0.8797363638877869,0.8796416287161924,3,54450,27225,1630800,81675,0,1.1783454000396887,"[[0,1],[0,2],[1,2]]","[true, true, true]","[""PSP"", ""PAP"", ""KNN""]","[1, 0, 2]",C:\Users\Yin Kuan\OneDrive\桌面\Durham_CS\Research\TA-DVFG\results\nested_weak_cache\acm\nested_weak18_acm_hard_n18_useful3_seed46_party_preds.pt,dda850d0517d9db1bc720e0d5c237923fbada066e952bf667fb4b678047c13a4,17059f4fc3176636eb90f5e9191e43aa8b4f0182e19834a3b851828782c0bf6e
ACM,46,0,3,adaptive_complementarity,0.8797363638877869,0.8796416287161924,3,54450,27225,1630800,81675,0,1.2375713999426807,"[[0,1],[0,2],[1,2]]","[true, true, true]","[""PSP"", ""PAP"", ""KNN""]","[1, 0, 2]",C:\Users\Yin Kuan\OneDrive\桌面\Durham_CS\Research\TA-DVFG\results\nested_weak_cache\acm\nested_weak18_acm_hard_n18_useful3_seed46_party_preds.pt,dda850d0517d9db1bc720e0d5c237923fbada066e952bf667fb4b678047c13a4,17059f4fc3176636eb90f5e9191e43aa8b4f0182e19834a3b851828782c0bf6e
ACM,46,0,3,full_mesh,0.8797363638877869,0.8796416287161924,3,54450,27225,0,81675,0,0.0,"[[0,1],[0,2],[1,2]]","[true, true, true]","[""PSP"", ""PAP"", ""KNN""]","[1, 0, 2]",C:\Users\Yin Kuan\OneDrive\桌面\Durham_CS\Research\TA-DVFG\results\nested_weak_cache\acm\nested_weak18_acm_hard_n18_useful3_seed46_party_preds.pt,dda850d0517d9db1bc720e0d5c237923fbada066e952bf667fb4b678047c13a4,17059f4fc3176636eb90f5e9191e43aa8b4f0182e19834a3b851828782c0bf6e
ACM,46,0,3,adaptive_graph_val,0.8797363638877869,0.8796416287161924,3,54450,27225,1630800,81675,1800,4.401746400020784,"[[0,1],[0,2],[1,2]]","[true, true, true]","[""PSP"", ""PAP"", ""KNN""]","[1, 0, 2]",C:\Users\Yin Kuan\OneDrive\桌面\Durham_CS\Research\TA-DVFG\results\nested_weak_cache\acm\nested_weak18_acm_hard_n18_useful3_seed46_party_preds.pt,dda850d0517d9db1bc720e0d5c237923fbada066e952bf667fb4b678047c13a4,17059f4fc3176636eb90f5e9191e43aa8b4f0182e19834a3b851828782c0bf6e
ACM,46,2,5,single_party_best,0.8369027972221375,0.8376008012536614,0,0,0,0,0,0,0.0,[],"[true, false, true, true, false]","[""PSP"", ""RANDOM"", ""KNN"", ""PAP"", ""RANDOM""]","[1, 3, 2, 0, 4]",C:\Users\Yin Kuan\OneDrive\桌面\Durham_CS\Research\TA-DVFG\results\nested_weak_cache\acm\nested_weak18_acm_hard_n18_useful3_seed46_party_preds.pt,dda850d0517d9db1bc720e0d5c237923fbada066e952bf667fb4b678047c13a4,838dfff237f83b1d5350c3cae8dc3a4f2f875fdd224ea0246d43d9bfe5a53821
ACM,46,2,5,topk_reliability_vote,0.8632619380950928,0.8631439120344483,0,0,45375,0,45375,0,0.0,[],"[true, false, true, true, false]","[""PSP"", ""RANDOM"", ""KNN"", ""PAP"", ""RANDOM""]","[1, 3, 2, 0, 4]",C:\Users\Yin Kuan\OneDrive\桌面\Durham_CS\Research\TA-DVFG\results\nested_weak_cache\acm\nested_weak18_acm_hard_n18_useful3_seed46_party_preds.pt,dda850d0517d9db1bc720e0d5c237923fbada066e952bf667fb4b678047c13a4,838dfff237f83b1d5350c3cae8dc3a4f2f875fdd224ea0246d43d9bfe5a53821
ACM,46,2,5,random_matched,0.8566721677780151,0.8554016477814089,5,90750,45375,0,136125,0,0.0,"[[0,3],[0,4],[1,2],[1,3],[2,4]]","[true, false, true, true, false]","[""PSP"", ""RANDOM"", ""KNN"", ""PAP"", ""RANDOM""]","[1, 3, 2, 0, 4]",C:\Users\Yin Kuan\OneDrive\桌面\Durham_CS\Research\TA-DVFG\results\nested_weak_cache\acm\nested_weak18_acm_hard_n18_useful3_seed46_party_preds.pt,dda850d0517d9db1bc720e0d5c237923fbada066e952bf667fb4b678047c13a4,838dfff237f83b1d5350c3cae8dc3a4f2f875fdd224ea0246d43d9bfe5a53821
ACM,46,2,5,adaptive_pair,0.874794065952301,0.8754051573205817,4,72600,45375,2718000,117975,0,2.9030620999837993,"[[0,2],[0,3],[1,4],[2,3]]","[true, false, true, true, false]","[""PSP"", ""RANDOM"", ""KNN"", ""PAP"", ""RANDOM""]","[1, 3, 2, 0, 4]",C:\Users\Yin Kuan\OneDrive\桌面\Durham_CS\Research\TA-DVFG\results\nested_weak_cache\acm\nested_weak18_acm_hard_n18_useful3_seed46_party_preds.pt,dda850d0517d9db1bc720e0d5c237923fbada066e952bf667fb4b678047c13a4,838dfff237f83b1d5350c3cae8dc3a4f2f875fdd224ea0246d43d9bfe5a53821
ACM,46,2,5,adaptive_complementarity,0.874794065952301,0.8754051573205817,4,72600,45375,2718000,117975,0,2.8613504000313696,"[[0,2],[0,3],[1,4],[2,3]]","[true, false, true, true, false]","[""PSP"", ""RANDOM"", ""KNN"", ""PAP"", ""RANDOM""]","[1, 3, 2, 0, 4]",C:\Users\Yin Kuan\OneDrive\桌面\Durham_CS\Research\TA-DVFG\results\nested_weak_cache\acm\nested_weak18_acm_hard_n18_useful3_seed46_party_preds.pt,dda850d0517d9db1bc720e0d5c237923fbada066e952bf667fb4b678047c13a4,838dfff237f83b1d5350c3cae8dc3a4f2f875fdd224ea0246d43d9bfe5a53821
ACM,46,2,5,full_mesh,0.8632619380950928,0.8631439120344483,10,181500,45375,0,226875,0,0.0,"[[0,1],[0,2],[0,3],[0,4],[1,2],[1,3],[1,4],[2,3],[2,4],[3,4]]","[true, false, true, true, false]","[""PSP"", ""RANDOM"", ""KNN"", ""PAP"", ""RANDOM""]","[1, 3, 2, 0, 4]",C:\Users\Yin Kuan\OneDrive\桌面\Durham_CS\Research\TA-DVFG\results\nested_weak_cache\acm\nested_weak18_acm_hard_n18_useful3_seed46_party_preds.pt,dda850d0517d9db1bc720e0d5c237923fbada066e952bf667fb4b678047c13a4,838dfff237f83b1d5350c3cae8dc3a4f2f875fdd224ea0246d43d9bfe5a53821
ACM,46,2,5,adaptive_graph_val,0.874794065952301,0.8754051573205817,4,72600,45375,2718000,117975,7981,16.277833000014652,"[[0,2],[0,3],[1,4],[2,3]]","[true, false, true, true, false]","[""PSP"", ""RANDOM"", ""KNN"", ""PAP"", ""RANDOM""]","[1, 3, 2, 0, 4]",C:\Users\Yin Kuan\OneDrive\桌面\Durham_CS\Research\TA-DVFG\results\nested_weak_cache\acm\nested_weak18_acm_hard_n18_useful3_seed46_party_preds.pt,dda850d0517d9db1bc720e0d5c237923fbada066e952bf667fb4b678047c13a4,838dfff237f83b1d5350c3cae8dc3a4f2f875fdd224ea0246d43d9bfe5a53821
ACM,46,5,8,single_party_best,0.8369027972221375,0.8376008012536614,0,0,0,0,0,0,0.0,[],"[true, false, true, false, false, false, false, true]","[""PAP"", ""RANDOM"", ""KNN"", ""RANDOM"", ""RANDOM"", ""RANDOM"", ""RANDOM"", ""PSP""]","[0, 5, 2, 4, 7, 3, 6, 1]",C:\Users\Yin Kuan\OneDrive\桌面\Durham_CS\Research\TA-DVFG\results\nested_weak_cache\acm\nested_weak18_acm_hard_n18_useful3_seed46_party_preds.pt,dda850d0517d9db1bc720e0d5c237923fbada066e952bf667fb4b678047c13a4,4631ee6d6a925a1a45a3cc7e811d5d01e72a141ff72fab11ffa764ca0d7382ec
ACM,46,5,8,topk_reliability_vote,0.8714991807937622,0.8719475622887037,0,0,45375,0,45375,0,0.0,[],"[true, false, true, false, false, false, false, true]","[""PAP"", ""RANDOM"", ""KNN"", ""RANDOM"", ""RANDOM"", ""RANDOM"", ""RANDOM"", ""PSP""]","[0, 5, 2, 4, 7, 3, 6, 1]",C:\Users\Yin Kuan\OneDrive\桌面\Durham_CS\Research\TA-DVFG\results\nested_weak_cache\acm\nested_weak18_acm_hard_n18_useful3_seed46_party_preds.pt,dda850d0517d9db1bc720e0d5c237923fbada066e952bf667fb4b678047c13a4,4631ee6d6a925a1a45a3cc7e811d5d01e72a141ff72fab11ffa764ca0d7382ec
ACM,46,5,8,random_matched,0.7940691709518433,0.7923496173885884,5,90750,63525,0,154275,0,0.0,"[[0,1],[0,6],[1,6],[2,4],[3,5]]","[true, false, true, false, false, false, false, true]","[""PAP"", ""RANDOM"", ""KNN"", ""RANDOM"", ""RANDOM"", ""RANDOM"", ""RANDOM"", ""PSP""]","[0, 5, 2, 4, 7, 3, 6, 1]",C:\Users\Yin Kuan\OneDrive\桌面\Durham_CS\Research\TA-DVFG\results\nested_weak_cache\acm\nested_weak18_acm_hard_n18_useful3_seed46_party_preds.pt,dda850d0517d9db1bc720e0d5c237923fbada066e952bf667fb4b678047c13a4,4631ee6d6a925a1a45a3cc7e811d5d01e72a141ff72fab11ffa764ca0d7382ec
ACM,46,5,8,adaptive_pair,0.8467874526977539,0.8456649967670766,7,127050,63525,4348800,190575,0,9.0686588999597,"[[0,2],[0,7],[1,3],[1,6],[2,7],[3,5],[5,6]]","[true, false, true, false, false, false, false, true]","[""PAP"", ""RANDOM"", ""KNN"", ""RANDOM"", ""RANDOM"", ""RANDOM"", ""RANDOM"", ""PSP""]","[0, 5, 2, 4, 7, 3, 6, 1]",C:\Users\Yin Kuan\OneDrive\桌面\Durham_CS\Research\TA-DVFG\results\nested_weak_cache\acm\nested_weak18_acm_hard_n18_useful3_seed46_party_preds.pt,dda850d0517d9db1bc720e0d5c237923fbada066e952bf667fb4b678047c13a4,4631ee6d6a925a1a45a3cc7e811d5d01e72a141ff72fab11ffa764ca0d7382ec
ACM,46,5,8,adaptive_complementarity,0.8467874526977539,0.8456649967670766,7,127050,63525,4348800,190575,0,8.661804899958952,"[[0,2],[0,7],[1,3],[1,6],[2,7],[3,5],[5,6]]","[true, false, true, false, false, false, false, true]","[""PAP"", ""RANDOM"", ""KNN"", ""RANDOM"", ""RANDOM"", ""RANDOM"", ""RANDOM"", ""PSP""]","[0, 5, 2, 4, 7, 3, 6, 1]",C:\Users\Yin Kuan\OneDrive\桌面\Durham_CS\Research\TA-DVFG\results\nested_weak_cache\acm\nested_weak18_acm_hard_n18_useful3_seed46_party_preds.pt,dda850d0517d9db1bc720e0d5c237923fbada066e952bf667fb4b678047c13a4,4631ee6d6a925a1a45a3cc7e811d5d01e72a141ff72fab11ffa764ca0d7382ec
ACM,46,5,8,full_mesh,0.8385502099990845,0.8359987541011261,28,508200,72600,0,580800,0,0.0,"[[0,1],[0,2],[0,3],[0,4],[0,5],[0,6],[0,7],[1,2],[1,3],[1,4],[1,5],[1,6],[1,7],[2,3],[2,4],[2,5],[2,6],[2,7],[3,4],[3,5],[3,6],[3,7],[4,5],[4,6],[4,7],[5,6],[5,7],[6,7]]","[true, false, true, false, false, false, false, true]","[""PAP"", ""RANDOM"", ""KNN"", ""RANDOM"", ""RANDOM"", ""RANDOM"", ""RANDOM"", ""PSP""]","[0, 5, 2, 4, 7, 3, 6, 1]",C:\Users\Yin Kuan\OneDrive\桌面\Durham_CS\Research\TA-DVFG\results\nested_weak_cache\acm\nested_weak18_acm_hard_n18_useful3_seed46_party_preds.pt,dda850d0517d9db1bc720e0d5c237923fbada066e952bf667fb4b678047c13a4,4631ee6d6a925a1a45a3cc7e811d5d01e72a141ff72fab11ffa764ca0d7382ec
ACM,46,5,8,adaptive_graph_val,0.8682042360305786,0.8685393436620422,5,90750,54450,4348800,145200,30682,78.78792820000672,"[[0,2],[0,5],[1,6],[2,7],[5,7]]","[true, false, true, false, false, false, false, true]","[""PAP"", ""RANDOM"", ""KNN"", ""RANDOM"", ""RANDOM"", ""RANDOM"", ""RANDOM"", ""PSP""]","[0, 5, 2, 4, 7, 3, 6, 1]",C:\Users\Yin Kuan\OneDrive\桌面\Durham_CS\Research\TA-DVFG\results\nested_weak_cache\acm\nested_weak18_acm_hard_n18_useful3_seed46_party_preds.pt,dda850d0517d9db1bc720e0d5c237923fbada066e952bf667fb4b678047c13a4,4631ee6d6a925a1a45a3cc7e811d5d01e72a141ff72fab11ffa764ca0d7382ec
ACM,46,10,13,single_party_best,0.8369027972221375,0.8376008012536614,0,0,0,0,0,0,0.0,[],"[true, false, false, false, false, false, false, true, false, true, false, false, false]","[""PAP"", ""RANDOM"", ""RANDOM"", ""RANDOM"", ""RANDOM"", ""RANDOM"", ""RANDOM"", ""PSP"", ""RANDOM"", ""KNN"", ""RANDOM"", ""RANDOM"", ""RANDOM""]","[0, 4, 10, 11, 9, 3, 12, 1, 6, 2, 8, 5, 7]",C:\Users\Yin Kuan\OneDrive\桌面\Durham_CS\Research\TA-DVFG\results\nested_weak_cache\acm\nested_weak18_acm_hard_n18_useful3_seed46_party_preds.pt,dda850d0517d9db1bc720e0d5c237923fbada066e952bf667fb4b678047c13a4,ed5797e21309ed67152ffa9e8c14946f13282c4c25968c19223d6794a1f2cb4e
ACM,46,10,13,topk_reliability_vote,0.8451400399208069,0.845730730727558,0,0,45375,0,45375,0,0.0,[],"[true, false, false, false, false, false, false, true, false, true, false, false, false]","[""PAP"", ""RANDOM"", ""RANDOM"", ""RANDOM"", ""RANDOM"", ""RANDOM"", ""RANDOM"", ""PSP"", ""RANDOM"", ""KNN"", ""RANDOM"", ""RANDOM"", ""RANDOM""]","[0, 4, 10, 11, 9, 3, 12, 1, 6, 2, 8, 5, 7]",C:\Users\Yin Kuan\OneDrive\桌面\Durham_CS\Research\TA-DVFG\results\nested_weak_cache\acm\nested_weak18_acm_hard_n18_useful3_seed46_party_preds.pt,dda850d0517d9db1bc720e0d5c237923fbada066e952bf667fb4b678047c13a4,ed5797e21309ed67152ffa9e8c14946f13282c4c25968c19223d6794a1f2cb4e
ACM,46,10,13,random_matched,0.5848434567451477,0.5696811995592483,5,90750,81675,0,172425,0,0.0,"[[1,8],[2,12],[3,9],[5,9],[6,11]]","[true, false, false, false, false, false, false, true, false, true, false, false, false]","[""PAP"", ""RANDOM"", ""RANDOM"", ""RANDOM"", ""RANDOM"", ""RANDOM"", ""RANDOM"", ""PSP"", ""RANDOM"", ""KNN"", ""RANDOM"", ""RANDOM"", ""RANDOM""]","[0, 4, 10, 11, 9, 3, 12, 1, 6, 2, 8, 5, 7]",C:\Users\Yin Kuan\OneDrive\桌面\Durham_CS\Research\TA-DVFG\results\nested_weak_cache\acm\nested_weak18_acm_hard_n18_useful3_seed46_party_preds.pt,dda850d0517d9db1bc720e0d5c237923fbada066e952bf667fb4b678047c13a4,ed5797e21309ed67152ffa9e8c14946f13282c4c25968c19223d6794a1f2cb4e
ACM,46,10,13,adaptive_pair,0.7891268134117126,0.7858113431284165,12,217800,108900,7066800,326700,0,19.326028500086977,"[[0,7],[0,9],[1,2],[1,4],[2,4],[3,6],[3,10],[5,6],[5,8],[7,9],[8,11],[10,11]]","[true, false, false, false, false, false, false, true, false, true, false, false, false]","[""PAP"", ""RANDOM"", ""RANDOM"", ""RANDOM"", ""RANDOM"", ""RANDOM"", ""RANDOM"", ""PSP"", ""RANDOM"", ""KNN"", ""RANDOM"", ""RANDOM"", ""RANDOM""]","[0, 4, 10, 11, 9, 3, 12, 1, 6, 2, 8, 5, 7]",C:\Users\Yin Kuan\OneDrive\桌面\Durham_CS\Research\TA-DVFG\results\nested_weak_cache\acm\nested_weak18_acm_hard_n18_useful3_seed46_party_preds.pt,dda850d0517d9db1bc720e0d5c237923fbada066e952bf667fb4b678047c13a4,ed5797e21309ed67152ffa9e8c14946f13282c4c25968c19223d6794a1f2cb4e
ACM,46,10,13,adaptive_complementarity,0.7891268134117126,0.7858113431284165,12,217800,108900,7066800,326700,0,20.92682889993739,"[[0,7],[0,9],[1,4],[1,11],[2,4],[2,11],[3,6],[3,8],[5,6],[5,10],[7,9],[8,10]]","[true, false, false, false, false, false, false, true, false, true, false, false, false]","[""PAP"", ""RANDOM"", ""RANDOM"", ""RANDOM"", ""RANDOM"", ""RANDOM"", ""RANDOM"", ""PSP"", ""RANDOM"", ""KNN"", ""RANDOM"", ""RANDOM"", ""RANDOM""]","[0, 4, 10, 11, 9, 3, 12, 1, 6, 2, 8, 5, 7]",C:\Users\Yin Kuan\OneDrive\桌面\Durham_CS\Research\TA-DVFG\results\nested_weak_cache\acm\nested_weak18_acm_hard_n18_useful3_seed46_party_preds.pt,dda850d0517d9db1bc720e0d5c237923fbada066e952bf667fb4b678047c13a4,ed5797e21309ed67152ffa9e8c14946f13282c4c25968c19223d6794a1f2cb4e
ACM,46,10,13,full_mesh,0.7693575024604797,0.7658290320942118,78,1415700,117975,0,1533675,0,0.0,"[[0,1],[0,2],[0,3],[0,4],[0,5],[0,6],[0,7],[0,8],[0,9],[0,10],[0,11],[0,12],[1,2],[1,3],[1,4],[1,5],[1,6],[1,7],[1,8],[1,9],[1,10],[1,11],[1,12],[2,3],[2,4],[2,5],[2,6],[2,7],[2,8],[2,9],[2,10],[2,11],[2,12],[3,4],[3,5],[3,6],[3,7],[3,8],[3,9],[3,10],[3,11],[3,12],[4,5],[4,6],[4,7],[4,8],[4,9],[4,10],[4,11],[4,12],[5,6],[5,7],[5,8],[5,9],[5,10],[5,11],[5,12],[6,7],[6,8],[6,9],[6,10],[6,11],[6,12],[7,8],[7,9],[7,10],[7,11],[7,12],[8,9],[8,10],[8,11],[8,12],[9,10],[9,11],[9,12],[10,11],[10,12],[11,12]]","[true, false, false, false, false, false, false, true, false, true, false, false, false]","[""PAP"", ""RANDOM"", ""RANDOM"", ""RANDOM"", ""RANDOM"", ""RANDOM"", ""RANDOM"", ""PSP"", ""RANDOM"", ""KNN"", ""RANDOM"", ""RANDOM"", ""RANDOM""]","[0, 4, 10, 11, 9, 3, 12, 1, 6, 2, 8, 5, 7]",C:\Users\Yin Kuan\OneDrive\桌面\Durham_CS\Research\TA-DVFG\results\nested_weak_cache\acm\nested_weak18_acm_hard_n18_useful3_seed46_party_preds.pt,dda850d0517d9db1bc720e0d5c237923fbada066e952bf667fb4b678047c13a4,ed5797e21309ed67152ffa9e8c14946f13282c4c25968c19223d6794a1f2cb4e
ACM,46,10,13,adaptive_graph_val,0.859967052936554,0.8595462444064843,5,90750,45375,7066800,136125,106910,523.4925627999983,"[[0,5],[0,9],[4,5],[4,7],[7,9]]","[true, false, false, false, false, false, false, true, false, true, false, false, false]","[""PAP"", ""RANDOM"", ""RANDOM"", ""RANDOM"", ""RANDOM"", ""RANDOM"", ""RANDOM"", ""PSP"", ""RANDOM"", ""KNN"", ""RANDOM"", ""RANDOM"", ""RANDOM""]","[0, 4, 10, 11, 9, 3, 12, 1, 6, 2, 8, 5, 7]",C:\Users\Yin Kuan\OneDrive\桌面\Durham_CS\Research\TA-DVFG\results\nested_weak_cache\acm\nested_weak18_acm_hard_n18_useful3_seed46_party_preds.pt,dda850d0517d9db1bc720e0d5c237923fbada066e952bf667fb4b678047c13a4,ed5797e21309ed67152ffa9e8c14946f13282c4c25968c19223d6794a1f2cb4e
ACM,46,15,18,single_party_best,0.8369027972221375,0.8376008012536614,0,0,0,0,0,0,0.0,[],"[false, false, false, false, true, false, false, false, true, false, false, false, false, true, false, false, false, false]","[""RANDOM"", ""RANDOM"", ""RANDOM"", ""RANDOM"", ""KNN"", ""RANDOM"", ""RANDOM"", ""RANDOM"", ""PAP"", ""RANDOM"", ""RANDOM"", ""RANDOM"", ""RANDOM"", ""PSP"", ""RANDOM"", ""RANDOM"", ""RANDOM"", ""RANDOM""]","[4, 9, 6, 8, 2, 16, 10, 13, 0, 3, 12, 5, 11, 1, 14, 15, 7, 17]",C:\Users\Yin Kuan\OneDrive\桌面\Durham_CS\Research\TA-DVFG\results\nested_weak_cache\acm\nested_weak18_acm_hard_n18_useful3_seed46_party_preds.pt,dda850d0517d9db1bc720e0d5c237923fbada066e952bf667fb4b678047c13a4,46eec86b586577938b9e49cd54e11fc81b633f7bca346dfbfbcf07e8467b2851
ACM,46,15,18,topk_reliability_vote,0.8451400399208069,0.845730730727558,0,0,45375,0,45375,0,0.0,[],"[false, false, false, false, true, false, false, false, true, false, false, false, false, true, false, false, false, false]","[""RANDOM"", ""RANDOM"", ""RANDOM"", ""RANDOM"", ""KNN"", ""RANDOM"", ""RANDOM"", ""RANDOM"", ""PAP"", ""RANDOM"", ""RANDOM"", ""RANDOM"", ""RANDOM"", ""PSP"", ""RANDOM"", ""RANDOM"", ""RANDOM"", ""RANDOM""]","[4, 9, 6, 8, 2, 16, 10, 13, 0, 3, 12, 5, 11, 1, 14, 15, 7, 17]",C:\Users\Yin Kuan\OneDrive\桌面\Durham_CS\Research\TA-DVFG\results\nested_weak_cache\acm\nested_weak18_acm_hard_n18_useful3_seed46_party_preds.pt,dda850d0517d9db1bc720e0d5c237923fbada066e952bf667fb4b678047c13a4,46eec86b586577938b9e49cd54e11fc81b633f7bca346dfbfbcf07e8467b2851
ACM,46,15,18,random_matched,0.7660625576972961,0.7660060089758495,5,90750,72600,0,163350,0,0.0,"[[1,16],[2,8],[7,13],[7,15],[8,12]]","[false, false, false, false, true, false, false, false, true, false, false, false, false, true, false, false, false, false]","[""RANDOM"", ""RANDOM"", ""RANDOM"", ""RANDOM"", ""KNN"", ""RANDOM"", ""RANDOM"", ""RANDOM"", ""PAP"", ""RANDOM"", ""RANDOM"", ""RANDOM"", ""RANDOM"", ""PSP"", ""RANDOM"", ""RANDOM"", ""RANDOM"", ""RANDOM""]","[4, 9, 6, 8, 2, 16, 10, 13, 0, 3, 12, 5, 11, 1, 14, 15, 7, 17]",C:\Users\Yin Kuan\OneDrive\桌面\Durham_CS\Research\TA-DVFG\results\nested_weak_cache\acm\nested_weak18_acm_hard_n18_useful3_seed46_party_preds.pt,dda850d0517d9db1bc720e0d5c237923fbada066e952bf667fb4b678047c13a4,46eec86b586577938b9e49cd54e11fc81b633f7bca346dfbfbcf07e8467b2851
ACM,46,15,18,adaptive_pair,0.7742998003959656,0.7723315298919416,15,272250,145200,9784800,417450,0,87.32635559995833,"[[0,1],[0,6],[1,15],[2,9],[3,12],[3,17],[4,8],[4,13],[5,6],[5,7],[7,11],[8,13],[9,10],[10,17],[11,15]]","[false, false, false, false, true, false, false, false, true, false, false, false, false, true, false, false, false, false]","[""RANDOM"", ""RANDOM"", ""RANDOM"", ""RANDOM"", ""KNN"", ""RANDOM"", ""RANDOM"", ""RANDOM"", ""PAP"", ""RANDOM"", ""RANDOM"", ""RANDOM"", ""RANDOM"", ""PSP"", ""RANDOM"", ""RANDOM"", ""RANDOM"", ""RANDOM""]","[4, 9, 6, 8, 2, 16, 10, 13, 0, 3, 12, 5, 11, 1, 14, 15, 7, 17]",C:\Users\Yin Kuan\OneDrive\桌面\Durham_CS\Research\TA-DVFG\results\nested_weak_cache\acm\nested_weak18_acm_hard_n18_useful3_seed46_party_preds.pt,dda850d0517d9db1bc720e0d5c237923fbada066e952bf667fb4b678047c13a4,46eec86b586577938b9e49cd54e11fc81b633f7bca346dfbfbcf07e8467b2851
ACM,46,15,18,adaptive_complementarity,0.7578253746032715,0.7551752141058387,15,272250,154275,9784800,426525,0,92.25861099996109,"[[0,1],[0,11],[1,2],[3,5],[3,9],[4,8],[4,13],[5,6],[6,11],[7,14],[8,13],[9,17],[10,15],[10,17],[12,15]]","[false, false, false, false, true, false, false, false, true, false, false, false, false, true, false, false, false, false]","[""RANDOM"", ""RANDOM"", ""RANDOM"", ""RANDOM"", ""KNN"", ""RANDOM"", ""RANDOM"", ""RANDOM"", ""PAP"", ""RANDOM"", ""RANDOM"", ""RANDOM"", ""RANDOM"", ""PSP"", ""RANDOM"", ""RANDOM"", ""RANDOM"", ""RANDOM""]","[4, 9, 6, 8, 2, 16, 10, 13, 0, 3, 12, 5, 11, 1, 14, 15, 7, 17]",C:\Users\Yin Kuan\OneDrive\桌面\Durham_CS\Research\TA-DVFG\results\nested_weak_cache\acm\nested_weak18_acm_hard_n18_useful3_seed46_party_preds.pt,dda850d0517d9db1bc720e0d5c237923fbada066e952bf667fb4b678047c13a4,46eec86b586577938b9e49cd54e11fc81b633f7bca346dfbfbcf07e8467b2851
ACM,46,15,18,full_mesh,0.7594727873802185,0.7568322843465909,153,2776950,163350,0,2940300,0,0.0,"[[0,1],[0,2],[0,3],[0,4],[0,5],[0,6],[0,7],[0,8],[0,9],[0,10],[0,11],[0,12],[0,13],[0,14],[0,15],[0,16],[0,17],[1,2],[1,3],[1,4],[1,5],[1,6],[1,7],[1,8],[1,9],[1,10],[1,11],[1,12],[1,13],[1,14],[1,15],[1,16],[1,17],[2,3],[2,4],[2,5],[2,6],[2,7],[2,8],[2,9],[2,10],[2,11],[2,12],[2,13],[2,14],[2,15],[2,16],[2,17],[3,4],[3,5],[3,6],[3,7],[3,8],[3,9],[3,10],[3,11],[3,12],[3,13],[3,14],[3,15],[3,16],[3,17],[4,5],[4,6],[4,7],[4,8],[4,9],[4,10],[4,11],[4,12],[4,13],[4,14],[4,15],[4,16],[4,17],[5,6],[5,7],[5,8],[5,9],[5,10],[5,11],[5,12],[5,13],[5,14],[5,15],[5,16],[5,17],[6,7],[6,8],[6,9],[6,10],[6,11],[6,12],[6,13],[6,14],[6,15],[6,16],[6,17],[7,8],[7,9],[7,10],[7,11],[7,12],[7,13],[7,14],[7,15],[7,16],[7,17],[8,9],[8,10],[8,11],[8,12],[8,13],[8,14],[8,15],[8,16],[8,17],[9,10],[9,11],[9,12],[9,13],[9,14],[9,15],[9,16],[9,17],[10,11],[10,12],[10,13],[10,14],[10,15],[10,16],[10,17],[11,12],[11,13],[11,14],[11,15],[11,16],[11,17],[12,13],[12,14],[12,15],[12,16],[12,17],[13,14],[13,15],[13,16],[13,17],[14,15],[14,16],[14,17],[15,16],[15,17],[16,17]]","[false, false, false, false, true, false, false, false, true, false, false, false, false, true, false, false, false, false]","[""RANDOM"", ""RANDOM"", ""RANDOM"", ""RANDOM"", ""KNN"", ""RANDOM"", ""RANDOM"", ""RANDOM"", ""PAP"", ""RANDOM"", ""RANDOM"", ""RANDOM"", ""RANDOM"", ""PSP"", ""RANDOM"", ""RANDOM"", ""RANDOM"", ""RANDOM""]","[4, 9, 6, 8, 2, 16, 10, 13, 0, 3, 12, 5, 11, 1, 14, 15, 7, 17]",C:\Users\Yin Kuan\OneDrive\桌面\Durham_CS\Research\TA-DVFG\results\nested_weak_cache\acm\nested_weak18_acm_hard_n18_useful3_seed46_party_preds.pt,dda850d0517d9db1bc720e0d5c237923fbada066e952bf667fb4b678047c13a4,46eec86b586577938b9e49cd54e11fc81b633f7bca346dfbfbcf07e8467b2851
ACM,46,15,18,adaptive_graph_val,0.8665568232536316,0.8667015207783565,5,90750,54450,9784800,145200,230352,1921.7554901000185,"[[1,9],[1,13],[4,8],[4,13],[5,8]]","[false, false, false, false, true, false, false, false, true, false, false, false, false, true, false, false, false, false]","[""RANDOM"", ""RANDOM"", ""RANDOM"", ""RANDOM"", ""KNN"", ""RANDOM"", ""RANDOM"", ""RANDOM"", ""PAP"", ""RANDOM"", ""RANDOM"", ""RANDOM"", ""RANDOM"", ""PSP"", ""RANDOM"", ""RANDOM"", ""RANDOM"", ""RANDOM""]","[4, 9, 6, 8, 2, 16, 10, 13, 0, 3, 12, 5, 11, 1, 14, 15, 7, 17]",C:\Users\Yin Kuan\OneDrive\桌面\Durham_CS\Research\TA-DVFG\results\nested_weak_cache\acm\nested_weak18_acm_hard_n18_useful3_seed46_party_preds.pt,dda850d0517d9db1bc720e0d5c237923fbada066e952bf667fb4b678047c13a4,46eec86b586577938b9e49cd54e11fc81b633f7bca346dfbfbcf07e8467b2851
DBLP,42,0,3,single_party_best,0.8771498799324036,0.865436109725972,0,0,0,0,0,0,0.0,[],"[true, true, true]","[""APTPA"", ""APA"", ""APCPA""]","[2, 0, 1]",C:\Users\Yin Kuan\OneDrive\桌面\Durham_CS\Research\TA-DVFG\results\nested_weak_cache\dblp\nested_weak18_dblp_hard_n18_useful3_seed42_party_preds.pt,251973735f6df24f04fa03b8656c7cdef3fd74a62af2d650c7d828ea4bfd428d,8208c4b711c5760afca0b030353fea55c91bf2e2096c7d2589177ac9d2950263
DBLP,42,0,3,topk_reliability_vote,0.875921368598938,0.8637947817671321,0,0,48684,0,48684,0,0.0,[],"[true, true, true]","[""APTPA"", ""APA"", ""APCPA""]","[2, 0, 1]",C:\Users\Yin Kuan\OneDrive\桌面\Durham_CS\Research\TA-DVFG\results\nested_weak_cache\dblp\nested_weak18_dblp_hard_n18_useful3_seed42_party_preds.pt,251973735f6df24f04fa03b8656c7cdef3fd74a62af2d650c7d828ea4bfd428d,8208c4b711c5760afca0b030353fea55c91bf2e2096c7d2589177ac9d2950263
DBLP,42,0,3,random_matched,0.875921368598938,0.8642512226896746,3,97368,48684,0,146052,0,0.0,"[[0,1],[0,2],[1,2]]","[true, true, true]","[""APTPA"", ""APA"", ""APCPA""]","[2, 0, 1]",C:\Users\Yin Kuan\OneDrive\桌面\Durham_CS\Research\TA-DVFG\results\nested_weak_cache\dblp\nested_weak18_dblp_hard_n18_useful3_seed42_party_preds.pt,251973735f6df24f04fa03b8656c7cdef3fd74a62af2d650c7d828ea4bfd428d,8208c4b711c5760afca0b030353fea55c91bf2e2096c7d2589177ac9d2950263
DBLP,42,0,3,adaptive_pair,0.875921368598938,0.8642512226896746,3,97368,48684,2916000,146052,0,2.1397391999562387,"[[0,1],[0,2],[1,2]]","[true, true, true]","[""APTPA"", ""APA"", ""APCPA""]","[2, 0, 1]",C:\Users\Yin Kuan\OneDrive\桌面\Durham_CS\Research\TA-DVFG\results\nested_weak_cache\dblp\nested_weak18_dblp_hard_n18_useful3_seed42_party_preds.pt,251973735f6df24f04fa03b8656c7cdef3fd74a62af2d650c7d828ea4bfd428d,8208c4b711c5760afca0b030353fea55c91bf2e2096c7d2589177ac9d2950263
DBLP,42,0,3,adaptive_complementarity,0.875921368598938,0.8642512226896746,3,97368,48684,2916000,146052,0,2.1079922999997507,"[[0,1],[0,2],[1,2]]","[true, true, true]","[""APTPA"", ""APA"", ""APCPA""]","[2, 0, 1]",C:\Users\Yin Kuan\OneDrive\桌面\Durham_CS\Research\TA-DVFG\results\nested_weak_cache\dblp\nested_weak18_dblp_hard_n18_useful3_seed42_party_preds.pt,251973735f6df24f04fa03b8656c7cdef3fd74a62af2d650c7d828ea4bfd428d,8208c4b711c5760afca0b030353fea55c91bf2e2096c7d2589177ac9d2950263
DBLP,42,0,3,full_mesh,0.875921368598938,0.8642512226896746,3,97368,48684,0,146052,0,0.0,"[[0,1],[0,2],[1,2]]","[true, true, true]","[""APTPA"", ""APA"", ""APCPA""]","[2, 0, 1]",C:\Users\Yin Kuan\OneDrive\桌面\Durham_CS\Research\TA-DVFG\results\nested_weak_cache\dblp\nested_weak18_dblp_hard_n18_useful3_seed42_party_preds.pt,251973735f6df24f04fa03b8656c7cdef3fd74a62af2d650c7d828ea4bfd428d,8208c4b711c5760afca0b030353fea55c91bf2e2096c7d2589177ac9d2950263
DBLP,42,0,3,adaptive_graph_val,0.875921368598938,0.8642512226896746,3,97368,48684,2916000,146052,1800,9.840977100102464,"[[0,1],[0,2],[1,2]]","[true, true, true]","[""APTPA"", ""APA"", ""APCPA""]","[2, 0, 1]",C:\Users\Yin Kuan\OneDrive\桌面\Durham_CS\Research\TA-DVFG\results\nested_weak_cache\dblp\nested_weak18_dblp_hard_n18_useful3_seed42_party_preds.pt,251973735f6df24f04fa03b8656c7cdef3fd74a62af2d650c7d828ea4bfd428d,8208c4b711c5760afca0b030353fea55c91bf2e2096c7d2589177ac9d2950263
DBLP,42,2,5,single_party_best,0.8771498799324036,0.865436109725972,0,0,0,0,0,0,0.0,[],"[false, true, false, true, true]","[""RANDOM"", ""APA"", ""RANDOM"", ""APCPA"", ""APTPA""]","[3, 0, 4, 1, 2]",C:\Users\Yin Kuan\OneDrive\桌面\Durham_CS\Research\TA-DVFG\results\nested_weak_cache\dblp\nested_weak18_dblp_hard_n18_useful3_seed42_party_preds.pt,251973735f6df24f04fa03b8656c7cdef3fd74a62af2d650c7d828ea4bfd428d,821f9f7611f56faab5b1c185f6460f5b53b3a8545027b8ac0183668b1d74d318
DBLP,42,2,5,topk_reliability_vote,0.8746928572654724,0.8617529724460347,0,0,81140,0,81140,0,0.0,[],"[false, true, false, true, true]","[""RANDOM"", ""APA"", ""RANDOM"", ""APCPA"", ""APTPA""]","[3, 0, 4, 1, 2]",C:\Users\Yin Kuan\OneDrive\桌面\Durham_CS\Research\TA-DVFG\results\nested_weak_cache\dblp\nested_weak18_dblp_hard_n18_useful3_seed42_party_preds.pt,251973735f6df24f04fa03b8656c7cdef3fd74a62af2d650c7d828ea4bfd428d,821f9f7611f56faab5b1c185f6460f5b53b3a8545027b8ac0183668b1d74d318
DBLP,42,2,5,random_matched,0.8746928572654724,0.8611437331448616,5,162280,81140,0,243420,0,0.0,"[[0,1],[0,2],[0,3],[1,2],[3,4]]","[false, true, false, true, true]","[""RANDOM"", ""APA"", ""RANDOM"", ""APCPA"", ""APTPA""]","[3, 0, 4, 1, 2]",C:\Users\Yin Kuan\OneDrive\桌面\Durham_CS\Research\TA-DVFG\results\nested_weak_cache\dblp\nested_weak18_dblp_hard_n18_useful3_seed42_party_preds.pt,251973735f6df24f04fa03b8656c7cdef3fd74a62af2d650c7d828ea4bfd428d,821f9f7611f56faab5b1c185f6460f5b53b3a8545027b8ac0183668b1d74d318
DBLP,42,2,5,adaptive_pair,0.8746928572654724,0.8617803576228461,4,129824,81140,4860000,210964,0,5.989495699912368,"[[0,2],[1,3],[1,4],[3,4]]","[false, true, false, true, true]","[""RANDOM"", ""APA"", ""RANDOM"", ""APCPA"", ""APTPA""]","[3, 0, 4, 1, 2]",C:\Users\Yin Kuan\OneDrive\桌面\Durham_CS\Research\TA-DVFG\results\nested_weak_cache\dblp\nested_weak18_dblp_hard_n18_useful3_seed42_party_preds.pt,251973735f6df24f04fa03b8656c7cdef3fd74a62af2d650c7d828ea4bfd428d,821f9f7611f56faab5b1c185f6460f5b53b3a8545027b8ac0183668b1d74d318
DBLP,42,2,5,adaptive_complementarity,0.8697788715362549,0.8529009076552725,5,162280,81140,4860000,243420,0,6.5174475999883725,"[[0,2],[0,3],[1,3],[1,4],[2,4]]","[false, true, false, true, true]","[""RANDOM"", ""APA"", ""RANDOM"", ""APCPA"", ""APTPA""]","[3, 0, 4, 1, 2]",C:\Users\Yin Kuan\OneDrive\桌面\Durham_CS\Research\TA-DVFG\results\nested_weak_cache\dblp\nested_weak18_dblp_hard_n18_useful3_seed42_party_preds.pt,251973735f6df24f04fa03b8656c7cdef3fd74a62af2d650c7d828ea4bfd428d,821f9f7611f56faab5b1c185f6460f5b53b3a8545027b8ac0183668b1d74d318
DBLP,42,2,5,full_mesh,0.8746928572654724,0.8613758524981399,10,324560,81140,0,405700,0,0.0,"[[0,1],[0,2],[0,3],[0,4],[1,2],[1,3],[1,4],[2,3],[2,4],[3,4]]","[false, true, false, true, true]","[""RANDOM"", ""APA"", ""RANDOM"", ""APCPA"", ""APTPA""]","[3, 0, 4, 1, 2]",C:\Users\Yin Kuan\OneDrive\桌面\Durham_CS\Research\TA-DVFG\results\nested_weak_cache\dblp\nested_weak18_dblp_hard_n18_useful3_seed42_party_preds.pt,251973735f6df24f04fa03b8656c7cdef3fd74a62af2d650c7d828ea4bfd428d,821f9f7611f56faab5b1c185f6460f5b53b3a8545027b8ac0183668b1d74d318
DBLP,42,2,5,adaptive_graph_val,0.8746928572654724,0.8595548331552072,4,129824,64912,4860000,194736,8158,35.78571879998344,"[[1,2],[1,3],[2,4],[3,4]]","[false, true, false, true, true]","[""RANDOM"", ""APA"", ""RANDOM"", ""APCPA"", ""APTPA""]","[3, 0, 4, 1, 2]",C:\Users\Yin Kuan\OneDrive\桌面\Durham_CS\Research\TA-DVFG\results\nested_weak_cache\dblp\nested_weak18_dblp_hard_n18_useful3_seed42_party_preds.pt,251973735f6df24f04fa03b8656c7cdef3fd74a62af2d650c7d828ea4bfd428d,821f9f7611f56faab5b1c185f6460f5b53b3a8545027b8ac0183668b1d74d318
DBLP,42,5,8,single_party_best,0.8771498799324036,0.865436109725972,0,0,0,0,0,0,0.0,[],"[true, false, false, false, false, true, true, false]","[""APCPA"", ""RANDOM"", ""RANDOM"", ""RANDOM"", ""RANDOM"", ""APA"", ""APTPA"", ""RANDOM""]","[1, 5, 6, 4, 3, 0, 2, 7]",C:\Users\Yin Kuan\OneDrive\桌面\Durham_CS\Research\TA-DVFG\results\nested_weak_cache\dblp\nested_weak18_dblp_hard_n18_useful3_seed42_party_preds.pt,251973735f6df24f04fa03b8656c7cdef3fd74a62af2d650c7d828ea4bfd428d,322c5b3fa19fc7811975bb321c12137838661cb3a0e7389a776cf7c7ecd45fe7
DBLP,42,5,8,topk_reliability_vote,0.8710073828697205,0.8579231846842656,0,0,81140,0,81140,0,0.0,[],"[true, false, false, false, false, true, true, false]","[""APCPA"", ""RANDOM"", ""RANDOM"", ""RANDOM"", ""RANDOM"", ""APA"", ""APTPA"", ""RANDOM""]","[1, 5, 6, 4, 3, 0, 2, 7]",C:\Users\Yin Kuan\OneDrive\桌面\Durham_CS\Research\TA-DVFG\results\nested_weak_cache\dblp\nested_weak18_dblp_hard_n18_useful3_seed42_party_preds.pt,251973735f6df24f04fa03b8656c7cdef3fd74a62af2d650c7d828ea4bfd428d,322c5b3fa19fc7811975bb321c12137838661cb3a0e7389a776cf7c7ecd45fe7
DBLP,42,5,8,random_matched,0.8648648262023926,0.8494960594898281,5,162280,97368,0,259648,0,0.0,"[[0,2],[1,5],[1,6],[5,7],[6,7]]","[true, false, false, false, false, true, true, false]","[""APCPA"", ""RANDOM"", ""RANDOM"", ""RANDOM"", ""RANDOM"", ""APA"", ""APTPA"", ""RANDOM""]","[1, 5, 6, 4, 3, 0, 2, 7]",C:\Users\Yin Kuan\OneDrive\桌面\Durham_CS\Research\TA-DVFG\results\nested_weak_cache\dblp\nested_weak18_dblp_hard_n18_useful3_seed42_party_preds.pt,251973735f6df24f04fa03b8656c7cdef3fd74a62af2d650c7d828ea4bfd428d,322c5b3fa19fc7811975bb321c12137838661cb3a0e7389a776cf7c7ecd45fe7
DBLP,42,5,8,adaptive_pair,0.8624078631401062,0.8444956647831303,7,227192,113596,7776000,340788,0,15.859067400007916,"[[0,5],[0,6],[1,3],[1,7],[2,3],[2,7],[5,6]]","[true, false, false, false, false, true, true, false]","[""APCPA"", ""RANDOM"", ""RANDOM"", ""RANDOM"", ""RANDOM"", ""APA"", ""APTPA"", ""RANDOM""]","[1, 5, 6, 4, 3, 0, 2, 7]",C:\Users\Yin Kuan\OneDrive\桌面\Durham_CS\Research\TA-DVFG\results\nested_weak_cache\dblp\nested_weak18_dblp_hard_n18_useful3_seed42_party_preds.pt,251973735f6df24f04fa03b8656c7cdef3fd74a62af2d650c7d828ea4bfd428d,322c5b3fa19fc7811975bb321c12137838661cb3a0e7389a776cf7c7ecd45fe7
DBLP,42,5,8,adaptive_complementarity,0.8685503602027893,0.8534371889314307,7,227192,129824,7776000,357016,0,16.974227499900735,"[[0,1],[0,7],[1,7],[2,5],[2,6],[3,4],[5,6]]","[true, false, false, false, false, true, true, false]","[""APCPA"", ""RANDOM"", ""RANDOM"", ""RANDOM"", ""RANDOM"", ""APA"", ""APTPA"", ""RANDOM""]","[1, 5, 6, 4, 3, 0, 2, 7]",C:\Users\Yin Kuan\OneDrive\桌面\Durham_CS\Research\TA-DVFG\results\nested_weak_cache\dblp\nested_weak18_dblp_hard_n18_useful3_seed42_party_preds.pt,251973735f6df24f04fa03b8656c7cdef3fd74a62af2d650c7d828ea4bfd428d,322c5b3fa19fc7811975bb321c12137838661cb3a0e7389a776cf7c7ecd45fe7
DBLP,42,5,8,full_mesh,0.859950840473175,0.8421856330652387,28,908768,129824,0,1038592,0,0.0,"[[0,1],[0,2],[0,3],[0,4],[0,5],[0,6],[0,7],[1,2],[1,3],[1,4],[1,5],[1,6],[1,7],[2,3],[2,4],[2,5],[2,6],[2,7],[3,4],[3,5],[3,6],[3,7],[4,5],[4,6],[4,7],[5,6],[5,7],[6,7]]","[true, false, false, false, false, true, true, false]","[""APCPA"", ""RANDOM"", ""RANDOM"", ""RANDOM"", ""RANDOM"", ""APA"", ""APTPA"", ""RANDOM""]","[1, 5, 6, 4, 3, 0, 2, 7]",C:\Users\Yin Kuan\OneDrive\桌面\Durham_CS\Research\TA-DVFG\results\nested_weak_cache\dblp\nested_weak18_dblp_hard_n18_useful3_seed42_party_preds.pt,251973735f6df24f04fa03b8656c7cdef3fd74a62af2d650c7d828ea4bfd428d,322c5b3fa19fc7811975bb321c12137838661cb3a0e7389a776cf7c7ecd45fe7
DBLP,42,5,8,adaptive_graph_val,0.8660933375358582,0.8524526389547843,6,194736,97368,7776000,292104,31680,206.51554269996996,"[[0,3],[0,5],[2,5],[2,7],[3,6],[6,7]]","[true, false, false, false, false, true, true, false]","[""APCPA"", ""RANDOM"", ""RANDOM"", ""RANDOM"", ""RANDOM"", ""APA"", ""APTPA"", ""RANDOM""]","[1, 5, 6, 4, 3, 0, 2, 7]",C:\Users\Yin Kuan\OneDrive\桌面\Durham_CS\Research\TA-DVFG\results\nested_weak_cache\dblp\nested_weak18_dblp_hard_n18_useful3_seed42_party_preds.pt,251973735f6df24f04fa03b8656c7cdef3fd74a62af2d650c7d828ea4bfd428d,322c5b3fa19fc7811975bb321c12137838661cb3a0e7389a776cf7c7ecd45fe7
DBLP,42,10,13,single_party_best,0.8771498799324036,0.865436109725972,0,0,0,0,0,0,0.0,[],"[true, false, false, false, true, false, false, true, false, false, false, false, false]","[""APA"", ""RANDOM"", ""RANDOM"", ""RANDOM"", ""APTPA"", ""RANDOM"", ""RANDOM"", ""APCPA"", ""RANDOM"", ""RANDOM"", ""RANDOM"", ""RANDOM"", ""RANDOM""]","[0, 12, 8, 9, 2, 10, 3, 1, 5, 7, 4, 6, 11]",C:\Users\Yin Kuan\OneDrive\桌面\Durham_CS\Research\TA-DVFG\results\nested_weak_cache\dblp\nested_weak18_dblp_hard_n18_useful3_seed42_party_preds.pt,251973735f6df24f04fa03b8656c7cdef3fd74a62af2d650c7d828ea4bfd428d,a432b3c0e0e8ecdebbc6e30cfaafc12077720c99d13ac22ac74be95fd314114d
DBLP,42,10,13,topk_reliability_vote,0.8746928572654724,0.8610044182058479,0,0,81140,0,81140,0,0.0,[],"[true, false, false, false, true, false, false, true, false, false, false, false, false]","[""APA"", ""RANDOM"", ""RANDOM"", ""RANDOM"", ""APTPA"", ""RANDOM"", ""RANDOM"", ""APCPA"", ""RANDOM"", ""RANDOM"", ""RANDOM"", ""RANDOM"", ""RANDOM""]","[0, 12, 8, 9, 2, 10, 3, 1, 5, 7, 4, 6, 11]",C:\Users\Yin Kuan\OneDrive\桌面\Durham_CS\Research\TA-DVFG\results\nested_weak_cache\dblp\nested_weak18_dblp_hard_n18_useful3_seed42_party_preds.pt,251973735f6df24f04fa03b8656c7cdef3fd74a62af2d650c7d828ea4bfd428d,a432b3c0e0e8ecdebbc6e30cfaafc12077720c99d13ac22ac74be95fd314114d
DBLP,42,10,13,random_matched,0.2997542917728424,0.15372086215347747,5,162280,113596,0,275876,0,0.0,"[[1,9],[3,9],[4,11],[6,8],[6,11]]","[true, false, false, false, true, false, false, true, false, false, false, false, false]","[""APA"", ""RANDOM"", ""RANDOM"", ""RANDOM"", ""APTPA"", ""RANDOM"", ""RANDOM"", ""APCPA"", ""RANDOM"", ""RANDOM"", ""RANDOM"", ""RANDOM"", ""RANDOM""]","[0, 12, 8, 9, 2, 10, 3, 1, 5, 7, 4, 6, 11]",C:\Users\Yin Kuan\OneDrive\桌面\Durham_CS\Research\TA-DVFG\results\nested_weak_cache\dblp\nested_weak18_dblp_hard_n18_useful3_seed42_party_preds.pt,251973735f6df24f04fa03b8656c7cdef3fd74a62af2d650c7d828ea4bfd428d,a432b3c0e0e8ecdebbc6e30cfaafc12077720c99d13ac22ac74be95fd314114d
DBLP,42,10,13,adaptive_pair,0.8415233492851257,0.8126343152546031,12,389472,194736,12636000,584208,0,56.66345110003749,"[[0,4],[0,7],[2,6],[2,10],[3,11],[3,12],[4,7],[5,8],[5,9],[6,10],[8,9],[11,12]]","[true, false, false, false, true, false, false, true, false, false, false, false, false]","[""APA"", ""RANDOM"", ""RANDOM"", ""RANDOM"", ""APTPA"", ""RANDOM"", ""RANDOM"", ""APCPA"", ""RANDOM"", ""RANDOM"", ""RANDOM"", ""RANDOM"", ""RANDOM""]","[0, 12, 8, 9, 2, 10, 3, 1, 5, 7, 4, 6, 11]",C:\Users\Yin Kuan\OneDrive\桌面\Durham_CS\Research\TA-DVFG\results\nested_weak_cache\dblp\nested_weak18_dblp_hard_n18_useful3_seed42_party_preds.pt,251973735f6df24f04fa03b8656c7cdef3fd74a62af2d650c7d828ea4bfd428d,a432b3c0e0e8ecdebbc6e30cfaafc12077720c99d13ac22ac74be95fd314114d
DBLP,42,10,13,adaptive_complementarity,0.8366093039512634,0.8106946627973008,12,389472,194736,12636000,584208,0,59.6839109000648,"[[0,4],[0,11],[1,5],[1,6],[3,9],[3,12],[4,11],[5,12],[6,10],[7,8],[7,9],[8,10]]","[true, false, false, false, true, false, false, true, false, false, false, false, false]","[""APA"", ""RANDOM"", ""RANDOM"", ""RANDOM"", ""APTPA"", ""RANDOM"", ""RANDOM"", ""APCPA"", ""RANDOM"", ""RANDOM"", ""RANDOM"", ""RANDOM"", ""RANDOM""]","[0, 12, 8, 9, 2, 10, 3, 1, 5, 7, 4, 6, 11]",C:\Users\Yin Kuan\OneDrive\桌面\Durham_CS\Research\TA-DVFG\results\nested_weak_cache\dblp\nested_weak18_dblp_hard_n18_useful3_seed42_party_preds.pt,251973735f6df24f04fa03b8656c7cdef3fd74a62af2d650c7d828ea4bfd428d,a432b3c0e0e8ecdebbc6e30cfaafc12077720c99d13ac22ac74be95fd314114d
DBLP,42,10,13,full_mesh,0.8366093039512634,0.8055143829393838,78,2531568,210964,0,2742532,0,0.0,"[[0,1],[0,2],[0,3],[0,4],[0,5],[0,6],[0,7],[0,8],[0,9],[0,10],[0,11],[0,12],[1,2],[1,3],[1,4],[1,5],[1,6],[1,7],[1,8],[1,9],[1,10],[1,11],[1,12],[2,3],[2,4],[2,5],[2,6],[2,7],[2,8],[2,9],[2,10],[2,11],[2,12],[3,4],[3,5],[3,6],[3,7],[3,8],[3,9],[3,10],[3,11],[3,12],[4,5],[4,6],[4,7],[4,8],[4,9],[4,10],[4,11],[4,12],[5,6],[5,7],[5,8],[5,9],[5,10],[5,11],[5,12],[6,7],[6,8],[6,9],[6,10],[6,11],[6,12],[7,8],[7,9],[7,10],[7,11],[7,12],[8,9],[8,10],[8,11],[8,12],[9,10],[9,11],[9,12],[10,11],[10,12],[11,12]]","[true, false, false, false, true, false, false, true, false, false, false, false, false]","[""APA"", ""RANDOM"", ""RANDOM"", ""RANDOM"", ""APTPA"", ""RANDOM"", ""RANDOM"", ""APCPA"", ""RANDOM"", ""RANDOM"", ""RANDOM"", ""RANDOM"", ""RANDOM""]","[0, 12, 8, 9, 2, 10, 3, 1, 5, 7, 4, 6, 11]",C:\Users\Yin Kuan\OneDrive\桌面\Durham_CS\Research\TA-DVFG\results\nested_weak_cache\dblp\nested_weak18_dblp_hard_n18_useful3_seed42_party_preds.pt,251973735f6df24f04fa03b8656c7cdef3fd74a62af2d650c7d828ea4bfd428d,a432b3c0e0e8ecdebbc6e30cfaafc12077720c99d13ac22ac74be95fd314114d
DBLP,42,10,13,adaptive_graph_val,0.8734643459320068,0.8596302356104336,5,162280,97368,12636000,259648,109111,943.5396680999984,"[[0,2],[0,7],[4,9],[4,11],[7,9]]","[true, false, false, false, true, false, false, true, false, false, false, false, false]","[""APA"", ""RANDOM"", ""RANDOM"", ""RANDOM"", ""APTPA"", ""RANDOM"", ""RANDOM"", ""APCPA"", ""RANDOM"", ""RANDOM"", ""RANDOM"", ""RANDOM"", ""RANDOM""]","[0, 12, 8, 9, 2, 10, 3, 1, 5, 7, 4, 6, 11]",C:\Users\Yin Kuan\OneDrive\桌面\Durham_CS\Research\TA-DVFG\results\nested_weak_cache\dblp\nested_weak18_dblp_hard_n18_useful3_seed42_party_preds.pt,251973735f6df24f04fa03b8656c7cdef3fd74a62af2d650c7d828ea4bfd428d,a432b3c0e0e8ecdebbc6e30cfaafc12077720c99d13ac22ac74be95fd314114d
DBLP,42,15,18,single_party_best,0.8771498799324036,0.865436109725972,0,0,0,0,0,0,0.0,[],"[true, false, false, false, false, false, false, false, false, false, true, false, false, true, false, false, false, false]","[""APCPA"", ""RANDOM"", ""RANDOM"", ""RANDOM"", ""RANDOM"", ""RANDOM"", ""RANDOM"", ""RANDOM"", ""RANDOM"", ""RANDOM"", ""APA"", ""RANDOM"", ""RANDOM"", ""APTPA"", ""RANDOM"", ""RANDOM"", ""RANDOM"", ""RANDOM""]","[1, 16, 6, 13, 4, 3, 17, 9, 7, 15, 0, 12, 14, 2, 5, 11, 8, 10]",C:\Users\Yin Kuan\OneDrive\桌面\Durham_CS\Research\TA-DVFG\results\nested_weak_cache\dblp\nested_weak18_dblp_hard_n18_useful3_seed42_party_preds.pt,251973735f6df24f04fa03b8656c7cdef3fd74a62af2d650c7d828ea4bfd428d,c44395c86d215661f8823adc55e9830d8a2e262e97ce5e49f3f46d756a3771f8
DBLP,42,15,18,topk_reliability_vote,0.8746928572654724,0.8618797966059826,0,0,81140,0,81140,0,0.0,[],"[true, false, false, false, false, false, false, false, false, false, true, false, false, true, false, false, false, false]","[""APCPA"", ""RANDOM"", ""RANDOM"", ""RANDOM"", ""RANDOM"", ""RANDOM"", ""RANDOM"", ""RANDOM"", ""RANDOM"", ""RANDOM"", ""APA"", ""RANDOM"", ""RANDOM"", ""APTPA"", ""RANDOM"", ""RANDOM"", ""RANDOM"", ""RANDOM""]","[1, 16, 6, 13, 4, 3, 17, 9, 7, 15, 0, 12, 14, 2, 5, 11, 8, 10]",C:\Users\Yin Kuan\OneDrive\桌面\Durham_CS\Research\TA-DVFG\results\nested_weak_cache\dblp\nested_weak18_dblp_hard_n18_useful3_seed42_party_preds.pt,251973735f6df24f04fa03b8656c7cdef3fd74a62af2d650c7d828ea4bfd428d,c44395c86d215661f8823adc55e9830d8a2e262e97ce5e49f3f46d756a3771f8
DBLP,42,15,18,random_matched,0.8513513207435608,0.8300056747153575,5,162280,146052,0,308332,0,0.0,"[[0,1],[4,9],[5,6],[7,15],[9,13]]","[true, false, false, false, false, false, false, false, false, false, true, false, false, true, false, false, false, false]","[""APCPA"", ""RANDOM"", ""RANDOM"", ""RANDOM"", ""RANDOM"", ""RANDOM"", ""RANDOM"", ""RANDOM"", ""RANDOM"", ""RANDOM"", ""APA"", ""RANDOM"", ""RANDOM"", ""APTPA"", ""RANDOM"", ""RANDOM"", ""RANDOM"", ""RANDOM""]","[1, 16, 6, 13, 4, 3, 17, 9, 7, 15, 0, 12, 14, 2, 5, 11, 8, 10]",C:\Users\Yin Kuan\OneDrive\桌面\Durham_CS\Research\TA-DVFG\results\nested_weak_cache\dblp\nested_weak18_dblp_hard_n18_useful3_seed42_party_preds.pt,251973735f6df24f04fa03b8656c7cdef3fd74a62af2d650c7d828ea4bfd428d,c44395c86d215661f8823adc55e9830d8a2e262e97ce5e49f3f46d756a3771f8
DBLP,42,15,18,adaptive_pair,0.8169533014297485,0.7800977775106761,15,486840,259648,17496000,746488,0,102.05657399996562,"[[0,10],[0,13],[1,3],[2,9],[2,15],[3,16],[4,8],[4,17],[6,7],[7,16],[8,14],[9,12],[10,13],[12,15],[14,17]]","[true, false, false, false, false, false, false, false, false, false, true, false, false, true, false, false, false, false]","[""APCPA"", ""RANDOM"", ""RANDOM"", ""RANDOM"", ""RANDOM"", ""RANDOM"", ""RANDOM"", ""RANDOM"", ""RANDOM"", ""RANDOM"", ""APA"", ""RANDOM"", ""RANDOM"", ""APTPA"", ""RANDOM"", ""RANDOM"", ""RANDOM"", ""RANDOM""]","[1, 16, 6, 13, 4, 3, 17, 9, 7, 15, 0, 12, 14, 2, 5, 11, 8, 10]",C:\Users\Yin Kuan\OneDrive\桌面\Durham_CS\Research\TA-DVFG\results\nested_weak_cache\dblp\nested_weak18_dblp_hard_n18_useful3_seed42_party_preds.pt,251973735f6df24f04fa03b8656c7cdef3fd74a62af2d650c7d828ea4bfd428d,c44395c86d215661f8823adc55e9830d8a2e262e97ce5e49f3f46d756a3771f8
DBLP,42,15,18,adaptive_complementarity,0.8132678270339966,0.7748209934888177,15,486840,259648,17496000,746488,0,98.29198429999815,"[[0,3],[0,15],[2,9],[2,10],[3,14],[4,5],[4,17],[5,11],[7,8],[7,14],[8,9],[10,13],[12,13],[12,15],[16,17]]","[true, false, false, false, false, false, false, false, false, false, true, false, false, true, false, false, false, false]","[""APCPA"", ""RANDOM"", ""RANDOM"", ""RANDOM"", ""RANDOM"", ""RANDOM"", ""RANDOM"", ""RANDOM"", ""RANDOM"", ""RANDOM"", ""APA"", ""RANDOM"", ""RANDOM"", ""APTPA"", ""RANDOM"", ""RANDOM"", ""RANDOM"", ""RANDOM""]","[1, 16, 6, 13, 4, 3, 17, 9, 7, 15, 0, 12, 14, 2, 5, 11, 8, 10]",C:\Users\Yin Kuan\OneDrive\桌面\Durham_CS\Research\TA-DVFG\results\nested_weak_cache\dblp\nested_weak18_dblp_hard_n18_useful3_seed42_party_preds.pt,251973735f6df24f04fa03b8656c7cdef3fd74a62af2d650c7d828ea4bfd428d,c44395c86d215661f8823adc55e9830d8a2e262e97ce5e49f3f46d756a3771f8
DBLP,42,15,18,full_mesh,0.8034397959709167,0.7566431553861548,153,4965768,292104,0,5257872,0,0.0,"[[0,1],[0,2],[0,3],[0,4],[0,5],[0,6],[0,7],[0,8],[0,9],[0,10],[0,11],[0,12],[0,13],[0,14],[0,15],[0,16],[0,17],[1,2],[1,3],[1,4],[1,5],[1,6],[1,7],[1,8],[1,9],[1,10],[1,11],[1,12],[1,13],[1,14],[1,15],[1,16],[1,17],[2,3],[2,4],[2,5],[2,6],[2,7],[2,8],[2,9],[2,10],[2,11],[2,12],[2,13],[2,14],[2,15],[2,16],[2,17],[3,4],[3,5],[3,6],[3,7],[3,8],[3,9],[3,10],[3,11],[3,12],[3,13],[3,14],[3,15],[3,16],[3,17],[4,5],[4,6],[4,7],[4,8],[4,9],[4,10],[4,11],[4,12],[4,13],[4,14],[4,15],[4,16],[4,17],[5,6],[5,7],[5,8],[5,9],[5,10],[5,11],[5,12],[5,13],[5,14],[5,15],[5,16],[5,17],[6,7],[6,8],[6,9],[6,10],[6,11],[6,12],[6,13],[6,14],[6,15],[6,16],[6,17],[7,8],[7,9],[7,10],[7,11],[7,12],[7,13],[7,14],[7,15],[7,16],[7,17],[8,9],[8,10],[8,11],[8,12],[8,13],[8,14],[8,15],[8,16],[8,17],[9,10],[9,11],[9,12],[9,13],[9,14],[9,15],[9,16],[9,17],[10,11],[10,12],[10,13],[10,14],[10,15],[10,16],[10,17],[11,12],[11,13],[11,14],[11,15],[11,16],[11,17],[12,13],[12,14],[12,15],[12,16],[12,17],[13,14],[13,15],[13,16],[13,17],[14,15],[14,16],[14,17],[15,16],[15,17],[16,17]]","[true, false, false, false, false, false, false, false, false, false, true, false, false, true, false, false, false, false]","[""APCPA"", ""RANDOM"", ""RANDOM"", ""RANDOM"", ""RANDOM"", ""RANDOM"", ""RANDOM"", ""RANDOM"", ""RANDOM"", ""RANDOM"", ""APA"", ""RANDOM"", ""RANDOM"", ""APTPA"", ""RANDOM"", ""RANDOM"", ""RANDOM"", ""RANDOM""]","[1, 16, 6, 13, 4, 3, 17, 9, 7, 15, 0, 12, 14, 2, 5, 11, 8, 10]",C:\Users\Yin Kuan\OneDrive\桌面\Durham_CS\Research\TA-DVFG\results\nested_weak_cache\dblp\nested_weak18_dblp_hard_n18_useful3_seed42_party_preds.pt,251973735f6df24f04fa03b8656c7cdef3fd74a62af2d650c7d828ea4bfd428d,c44395c86d215661f8823adc55e9830d8a2e262e97ce5e49f3f46d756a3771f8
DBLP,42,15,18,adaptive_graph_val,0.8636363744735718,0.8468488723241633,6,194736,129824,17496000,324560,234012,13866.830776299976,"[[0,9],[0,10],[1,12],[8,12],[8,13],[10,16]]","[true, false, false, false, false, false, false, false, false, false, true, false, false, true, false, false, false, false]","[""APCPA"", ""RANDOM"", ""RANDOM"", ""RANDOM"", ""RANDOM"", ""RANDOM"", ""RANDOM"", ""RANDOM"", ""RANDOM"", ""RANDOM"", ""APA"", ""RANDOM"", ""RANDOM"", ""APTPA"", ""RANDOM"", ""RANDOM"", ""RANDOM"", ""RANDOM""]","[1, 16, 6, 13, 4, 3, 17, 9, 7, 15, 0, 12, 14, 2, 5, 11, 8, 10]",C:\Users\Yin Kuan\OneDrive\桌面\Durham_CS\Research\TA-DVFG\results\nested_weak_cache\dblp\nested_weak18_dblp_hard_n18_useful3_seed42_party_preds.pt,251973735f6df24f04fa03b8656c7cdef3fd74a62af2d650c7d828ea4bfd428d,c44395c86d215661f8823adc55e9830d8a2e262e97ce5e49f3f46d756a3771f8
DBLP,43,0,3,single_party_best,0.9004913568496704,0.889550619854063,0,0,0,0,0,0,0.0,[],"[true, true, true]","[""APTPA"", ""APA"", ""APCPA""]","[2, 0, 1]",C:\Users\Yin Kuan\OneDrive\桌面\Durham_CS\Research\TA-DVFG\results\nested_weak_cache\dblp\nested_weak18_dblp_hard_n18_useful3_seed43_party_preds.pt,2aa2fd03cd13bc04bd5ec457d4830c1a576ca6f30a1ea9c18f676a3c9255540b,87e7c7dcb71085201ffa965249c8ff18abd48851c36b12422d9f93687e6f93a8
DBLP,43,0,3,topk_reliability_vote,0.9029483795166016,0.8917847847753287,0,0,48684,0,48684,0,0.0,[],"[true, true, true]","[""APTPA"", ""APA"", ""APCPA""]","[2, 0, 1]",C:\Users\Yin Kuan\OneDrive\桌面\Durham_CS\Research\TA-DVFG\results\nested_weak_cache\dblp\nested_weak18_dblp_hard_n18_useful3_seed43_party_preds.pt,2aa2fd03cd13bc04bd5ec457d4830c1a576ca6f30a1ea9c18f676a3c9255540b,87e7c7dcb71085201ffa965249c8ff18abd48851c36b12422d9f93687e6f93a8
DBLP,43,0,3,random_matched,0.9054054021835327,0.8956146503955066,3,97368,48684,0,146052,0,0.0,"[[0,1],[0,2],[1,2]]","[true, true, true]","[""APTPA"", ""APA"", ""APCPA""]","[2, 0, 1]",C:\Users\Yin Kuan\OneDrive\桌面\Durham_CS\Research\TA-DVFG\results\nested_weak_cache\dblp\nested_weak18_dblp_hard_n18_useful3_seed43_party_preds.pt,2aa2fd03cd13bc04bd5ec457d4830c1a576ca6f30a1ea9c18f676a3c9255540b,87e7c7dcb71085201ffa965249c8ff18abd48851c36b12422d9f93687e6f93a8
DBLP,43,0,3,adaptive_pair,0.9054054021835327,0.8956146503955066,3,97368,48684,2916000,146052,0,1.9396481000585482,"[[0,1],[0,2],[1,2]]","[true, true, true]","[""APTPA"", ""APA"", ""APCPA""]","[2, 0, 1]",C:\Users\Yin Kuan\OneDrive\桌面\Durham_CS\Research\TA-DVFG\results\nested_weak_cache\dblp\nested_weak18_dblp_hard_n18_useful3_seed43_party_preds.pt,2aa2fd03cd13bc04bd5ec457d4830c1a576ca6f30a1ea9c18f676a3c9255540b,87e7c7dcb71085201ffa965249c8ff18abd48851c36b12422d9f93687e6f93a8
DBLP,43,0,3,adaptive_complementarity,0.9054054021835327,0.8956146503955066,3,97368,48684,2916000,146052,0,1.2813305000890978,"[[0,1],[0,2],[1,2]]","[true, true, true]","[""APTPA"", ""APA"", ""APCPA""]","[2, 0, 1]",C:\Users\Yin Kuan\OneDrive\桌面\Durham_CS\Research\TA-DVFG\results\nested_weak_cache\dblp\nested_weak18_dblp_hard_n18_useful3_seed43_party_preds.pt,2aa2fd03cd13bc04bd5ec457d4830c1a576ca6f30a1ea9c18f676a3c9255540b,87e7c7dcb71085201ffa965249c8ff18abd48851c36b12422d9f93687e6f93a8
DBLP,43,0,3,full_mesh,0.9054054021835327,0.8956146503955066,3,97368,48684,0,146052,0,0.0,"[[0,1],[0,2],[1,2]]","[true, true, true]","[""APTPA"", ""APA"", ""APCPA""]","[2, 0, 1]",C:\Users\Yin Kuan\OneDrive\桌面\Durham_CS\Research\TA-DVFG\results\nested_weak_cache\dblp\nested_weak18_dblp_hard_n18_useful3_seed43_party_preds.pt,2aa2fd03cd13bc04bd5ec457d4830c1a576ca6f30a1ea9c18f676a3c9255540b,87e7c7dcb71085201ffa965249c8ff18abd48851c36b12422d9f93687e6f93a8
DBLP,43,0,3,adaptive_graph_val,0.9054054021835327,0.8956146503955066,3,97368,48684,2916000,146052,1800,3.961718599894084,"[[0,1],[0,2],[1,2]]","[true, true, true]","[""APTPA"", ""APA"", ""APCPA""]","[2, 0, 1]",C:\Users\Yin Kuan\OneDrive\桌面\Durham_CS\Research\TA-DVFG\results\nested_weak_cache\dblp\nested_weak18_dblp_hard_n18_useful3_seed43_party_preds.pt,2aa2fd03cd13bc04bd5ec457d4830c1a576ca6f30a1ea9c18f676a3c9255540b,87e7c7dcb71085201ffa965249c8ff18abd48851c36b12422d9f93687e6f93a8
DBLP,43,2,5,single_party_best,0.9004913568496704,0.889550619854063,0,0,0,0,0,0,0.0,[],"[true, false, false, true, true]","[""APTPA"", ""RANDOM"", ""RANDOM"", ""APA"", ""APCPA""]","[2, 4, 3, 0, 1]",C:\Users\Yin Kuan\OneDrive\桌面\Durham_CS\Research\TA-DVFG\results\nested_weak_cache\dblp\nested_weak18_dblp_hard_n18_useful3_seed43_party_preds.pt,2aa2fd03cd13bc04bd5ec457d4830c1a576ca6f30a1ea9c18f676a3c9255540b,8e167a71d97dd175355c1ab540fcbc28a9250f3b589353cb0cc600711bbdd9cb
DBLP,43,2,5,topk_reliability_vote,0.9041768908500671,0.8937724254938569,0,0,81140,0,81140,0,0.0,[],"[true, false, false, true, true]","[""APTPA"", ""RANDOM"", ""RANDOM"", ""APA"", ""APCPA""]","[2, 4, 3, 0, 1]",C:\Users\Yin Kuan\OneDrive\桌面\Durham_CS\Research\TA-DVFG\results\nested_weak_cache\dblp\nested_weak18_dblp_hard_n18_useful3_seed43_party_preds.pt,2aa2fd03cd13bc04bd5ec457d4830c1a576ca6f30a1ea9c18f676a3c9255540b,8e167a71d97dd175355c1ab540fcbc28a9250f3b589353cb0cc600711bbdd9cb
DBLP,43,2,5,random_matched,0.9041768908500671,0.8930793246133844,5,162280,81140,0,243420,0,0.0,"[[0,1],[0,2],[1,3],[2,4],[3,4]]","[true, false, false, true, true]","[""APTPA"", ""RANDOM"", ""RANDOM"", ""APA"", ""APCPA""]","[2, 4, 3, 0, 1]",C:\Users\Yin Kuan\OneDrive\桌面\Durham_CS\Research\TA-DVFG\results\nested_weak_cache\dblp\nested_weak18_dblp_hard_n18_useful3_seed43_party_preds.pt,2aa2fd03cd13bc04bd5ec457d4830c1a576ca6f30a1ea9c18f676a3c9255540b,8e167a71d97dd175355c1ab540fcbc28a9250f3b589353cb0cc600711bbdd9cb
DBLP,43,2,5,adaptive_pair,0.9029483795166016,0.8914839366306655,4,129824,81140,4860000,210964,0,5.808718800064526,"[[0,3],[0,4],[1,2],[3,4]]","[true, false, false, true, true]","[""APTPA"", ""RANDOM"", ""RANDOM"", ""APA"", ""APCPA""]","[2, 4, 3, 0, 1]",C:\Users\Yin Kuan\OneDrive\桌面\Durham_CS\Research\TA-DVFG\results\nested_weak_cache\dblp\nested_weak18_dblp_hard_n18_useful3_seed43_party_preds.pt,2aa2fd03cd13bc04bd5ec457d4830c1a576ca6f30a1ea9c18f676a3c9255540b,8e167a71d97dd175355c1ab540fcbc28a9250f3b589353cb0cc600711bbdd9cb
DBLP,43,2,5,adaptive_complementarity,0.898034393787384,0.8852850097374299,5,162280,81140,4860000,243420,0,5.528251899901079,"[[0,2],[0,3],[1,3],[1,4],[2,4]]","[true, false, false, true, true]","[""APTPA"", ""RANDOM"", ""RANDOM"", ""APA"", ""APCPA""]","[2, 4, 3, 0, 1]",C:\Users\Yin Kuan\OneDrive\桌面\Durham_CS\Research\TA-DVFG\results\nested_weak_cache\dblp\nested_weak18_dblp_hard_n18_useful3_seed43_party_preds.pt,2aa2fd03cd13bc04bd5ec457d4830c1a576ca6f30a1ea9c18f676a3c9255540b,8e167a71d97dd175355c1ab540fcbc28a9250f3b589353cb0cc600711bbdd9cb
DBLP,43,2,5,full_mesh,0.901719868183136,0.8902016214289739,10,324560,81140,0,405700,0,0.0,"[[0,1],[0,2],[0,3],[0,4],[1,2],[1,3],[1,4],[2,3],[2,4],[3,4]]","[true, false, false, true, true]","[""APTPA"", ""RANDOM"", ""RANDOM"", ""APA"", ""APCPA""]","[2, 4, 3, 0, 1]",C:\Users\Yin Kuan\OneDrive\桌面\Durham_CS\Research\TA-DVFG\results\nested_weak_cache\dblp\nested_weak18_dblp_hard_n18_useful3_seed43_party_preds.pt,2aa2fd03cd13bc04bd5ec457d4830c1a576ca6f30a1ea9c18f676a3c9255540b,8e167a71d97dd175355c1ab540fcbc28a9250f3b589353cb0cc600711bbdd9cb
DBLP,43,2,5,adaptive_graph_val,0.9041768908500671,0.8930793246133844,5,162280,81140,4860000,243420,8317,35.00281260011252,"[[0,1],[0,4],[1,2],[2,3],[3,4]]","[true, false, false, true, true]","[""APTPA"", ""RANDOM"", ""RANDOM"", ""APA"", ""APCPA""]","[2, 4, 3, 0, 1]",C:\Users\Yin Kuan\OneDrive\桌面\Durham_CS\Research\TA-DVFG\results\nested_weak_cache\dblp\nested_weak18_dblp_hard_n18_useful3_seed43_party_preds.pt,2aa2fd03cd13bc04bd5ec457d4830c1a576ca6f30a1ea9c18f676a3c9255540b,8e167a71d97dd175355c1ab540fcbc28a9250f3b589353cb0cc600711bbdd9cb
DBLP,43,5,8,single_party_best,0.9004913568496704,0.889550619854063,0,0,0,0,0,0,0.0,[],"[false, false, true, true, false, false, false, true]","[""RANDOM"", ""RANDOM"", ""APCPA"", ""APA"", ""RANDOM"", ""RANDOM"", ""RANDOM"", ""APTPA""]","[3, 6, 1, 0, 5, 7, 4, 2]",C:\Users\Yin Kuan\OneDrive\桌面\Durham_CS\Research\TA-DVFG\results\nested_weak_cache\dblp\nested_weak18_dblp_hard_n18_useful3_seed43_party_preds.pt,2aa2fd03cd13bc04bd5ec457d4830c1a576ca6f30a1ea9c18f676a3c9255540b,512b78d770f74939d535bd7a55e8c3e3f2f0401b0a0897ca6d412a3d057aee10
DBLP,43,5,8,topk_reliability_vote,0.901719868183136,0.8899746410385652,0,0,81140,0,81140,0,0.0,[],"[false, false, true, true, false, false, false, true]","[""RANDOM"", ""RANDOM"", ""APCPA"", ""APA"", ""RANDOM"", ""RANDOM"", ""RANDOM"", ""APTPA""]","[3, 6, 1, 0, 5, 7, 4, 2]",C:\Users\Yin Kuan\OneDrive\桌面\Durham_CS\Research\TA-DVFG\results\nested_weak_cache\dblp\nested_weak18_dblp_hard_n18_useful3_seed43_party_preds.pt,2aa2fd03cd13bc04bd5ec457d4830c1a576ca6f30a1ea9c18f676a3c9255540b,512b78d770f74939d535bd7a55e8c3e3f2f0401b0a0897ca6d412a3d057aee10
DBLP,43,5,8,random_matched,0.898034393787384,0.8881368132494217,5,162280,113596,0,275876,0,0.0,"[[0,2],[0,4],[1,3],[4,5],[5,6]]","[false, false, true, true, false, false, false, true]","[""RANDOM"", ""RANDOM"", ""APCPA"", ""APA"", ""RANDOM"", ""RANDOM"", ""RANDOM"", ""APTPA""]","[3, 6, 1, 0, 5, 7, 4, 2]",C:\Users\Yin Kuan\OneDrive\桌面\Durham_CS\Research\TA-DVFG\results\nested_weak_cache\dblp\nested_weak18_dblp_hard_n18_useful3_seed43_party_preds.pt,2aa2fd03cd13bc04bd5ec457d4830c1a576ca6f30a1ea9c18f676a3c9255540b,512b78d770f74939d535bd7a55e8c3e3f2f0401b0a0897ca6d412a3d057aee10
DBLP,43,5,8,adaptive_pair,0.8968058824539185,0.8837542361218009,7,227192,113596,7776000,340788,0,15.369439300033264,"[[0,4],[0,5],[2,3],[2,7],[3,7],[4,6],[5,6]]","[false, false, true, true, false, false, false, true]","[""RANDOM"", ""RANDOM"", ""APCPA"", ""APA"", ""RANDOM"", ""RANDOM"", ""RANDOM"", ""APTPA""]","[3, 6, 1, 0, 5, 7, 4, 2]",C:\Users\Yin Kuan\OneDrive\桌面\Durham_CS\Research\TA-DVFG\results\nested_weak_cache\dblp\nested_weak18_dblp_hard_n18_useful3_seed43_party_preds.pt,2aa2fd03cd13bc04bd5ec457d4830c1a576ca6f30a1ea9c18f676a3c9255540b,512b78d770f74939d535bd7a55e8c3e3f2f0401b0a0897ca6d412a3d057aee10
DBLP,43,5,8,adaptive_complementarity,0.901719868183136,0.8923411093680758,7,227192,113596,7776000,340788,0,14.408420700070565,"[[1,2],[1,5],[2,6],[3,4],[3,7],[4,7],[5,6]]","[false, false, true, true, false, false, false, true]","[""RANDOM"", ""RANDOM"", ""APCPA"", ""APA"", ""RANDOM"", ""RANDOM"", ""RANDOM"", ""APTPA""]","[3, 6, 1, 0, 5, 7, 4, 2]",C:\Users\Yin Kuan\OneDrive\桌面\Durham_CS\Research\TA-DVFG\results\nested_weak_cache\dblp\nested_weak18_dblp_hard_n18_useful3_seed43_party_preds.pt,2aa2fd03cd13bc04bd5ec457d4830c1a576ca6f30a1ea9c18f676a3c9255540b,512b78d770f74939d535bd7a55e8c3e3f2f0401b0a0897ca6d412a3d057aee10
DBLP,43,5,8,full_mesh,0.901719868183136,0.8909204327894418,28,908768,129824,0,1038592,0,0.0,"[[0,1],[0,2],[0,3],[0,4],[0,5],[0,6],[0,7],[1,2],[1,3],[1,4],[1,5],[1,6],[1,7],[2,3],[2,4],[2,5],[2,6],[2,7],[3,4],[3,5],[3,6],[3,7],[4,5],[4,6],[4,7],[5,6],[5,7],[6,7]]","[false, false, true, true, false, false, false, true]","[""RANDOM"", ""RANDOM"", ""APCPA"", ""APA"", ""RANDOM"", ""RANDOM"", ""RANDOM"", ""APTPA""]","[3, 6, 1, 0, 5, 7, 4, 2]",C:\Users\Yin Kuan\OneDrive\桌面\Durham_CS\Research\TA-DVFG\results\nested_weak_cache\dblp\nested_weak18_dblp_hard_n18_useful3_seed43_party_preds.pt,2aa2fd03cd13bc04bd5ec457d4830c1a576ca6f30a1ea9c18f676a3c9255540b,512b78d770f74939d535bd7a55e8c3e3f2f0401b0a0897ca6d412a3d057aee10
DBLP,43,5,8,adaptive_graph_val,0.9078623652458191,0.8978021762300534,5,162280,97368,7776000,259648,32327,169.9906774998817,"[[1,2],[1,6],[2,6],[3,7],[5,7]]","[false, false, true, true, false, false, false, true]","[""RANDOM"", ""RANDOM"", ""APCPA"", ""APA"", ""RANDOM"", ""RANDOM"", ""RANDOM"", ""APTPA""]","[3, 6, 1, 0, 5, 7, 4, 2]",C:\Users\Yin Kuan\OneDrive\桌面\Durham_CS\Research\TA-DVFG\results\nested_weak_cache\dblp\nested_weak18_dblp_hard_n18_useful3_seed43_party_preds.pt,2aa2fd03cd13bc04bd5ec457d4830c1a576ca6f30a1ea9c18f676a3c9255540b,512b78d770f74939d535bd7a55e8c3e3f2f0401b0a0897ca6d412a3d057aee10
DBLP,43,10,13,single_party_best,0.9004913568496704,0.889550619854063,0,0,0,0,0,0,0.0,[],"[false, false, false, false, false, false, false, true, false, false, true, true, false]","[""RANDOM"", ""RANDOM"", ""RANDOM"", ""RANDOM"", ""RANDOM"", ""RANDOM"", ""RANDOM"", ""APCPA"", ""RANDOM"", ""RANDOM"", ""APA"", ""APTPA"", ""RANDOM""]","[5, 12, 9, 7, 8, 11, 3, 1, 6, 4, 0, 2, 10]",C:\Users\Yin Kuan\OneDrive\桌面\Durham_CS\Research\TA-DVFG\results\nested_weak_cache\dblp\nested_weak18_dblp_hard_n18_useful3_seed43_party_preds.pt,2aa2fd03cd13bc04bd5ec457d4830c1a576ca6f30a1ea9c18f676a3c9255540b,713f925067eb9a467fd1ee37389e169003b593755f56284be1800fb257b209dd
DBLP,43,10,13,topk_reliability_vote,0.8906633853912354,0.8757909742801951,0,0,81140,0,81140,0,0.0,[],"[false, false, false, false, false, false, false, true, false, false, true, true, false]","[""RANDOM"", ""RANDOM"", ""RANDOM"", ""RANDOM"", ""RANDOM"", ""RANDOM"", ""RANDOM"", ""APCPA"", ""RANDOM"", ""RANDOM"", ""APA"", ""APTPA"", ""RANDOM""]","[5, 12, 9, 7, 8, 11, 3, 1, 6, 4, 0, 2, 10]",C:\Users\Yin Kuan\OneDrive\桌面\Durham_CS\Research\TA-DVFG\results\nested_weak_cache\dblp\nested_weak18_dblp_hard_n18_useful3_seed43_party_preds.pt,2aa2fd03cd13bc04bd5ec457d4830c1a576ca6f30a1ea9c18f676a3c9255540b,713f925067eb9a467fd1ee37389e169003b593755f56284be1800fb257b209dd
DBLP,43,10,13,random_matched,0.8906633853912354,0.8785384547673204,5,162280,129824,0,292104,0,0.0,"[[0,7],[0,8],[2,3],[5,9],[6,9]]","[false, false, false, false, false, false, false, true, false, false, true, true, false]","[""RANDOM"", ""RANDOM"", ""RANDOM"", ""RANDOM"", ""RANDOM"", ""RANDOM"", ""RANDOM"", ""APCPA"", ""RANDOM"", ""RANDOM"", ""APA"", ""APTPA"", ""RANDOM""]","[5, 12, 9, 7, 8, 11, 3, 1, 6, 4, 0, 2, 10]",C:\Users\Yin Kuan\OneDrive\桌面\Durham_CS\Research\TA-DVFG\results\nested_weak_cache\dblp\nested_weak18_dblp_hard_n18_useful3_seed43_party_preds.pt,2aa2fd03cd13bc04bd5ec457d4830c1a576ca6f30a1ea9c18f676a3c9255540b,713f925067eb9a467fd1ee37389e169003b593755f56284be1800fb257b209dd
DBLP,43,10,13,adaptive_pair,0.8796068429946899,0.8593302489715522,13,421928,210964,12636000,632892,0,41.224860199858085,"[[0,3],[0,5],[1,2],[1,4],[2,3],[4,9],[5,9],[6,8],[6,12],[7,10],[7,11],[8,12],[10,11]]","[false, false, false, false, false, false, false, true, false, false, true, true, false]","[""RANDOM"", ""RANDOM"", ""RANDOM"", ""RANDOM"", ""RANDOM"", ""RANDOM"", ""RANDOM"", ""APCPA"", ""RANDOM"", ""RANDOM"", ""APA"", ""APTPA"", ""RANDOM""]","[5, 12, 9, 7, 8, 11, 3, 1, 6, 4, 0, 2, 10]",C:\Users\Yin Kuan\OneDrive\桌面\Durham_CS\Research\TA-DVFG\results\nested_weak_cache\dblp\nested_weak18_dblp_hard_n18_useful3_seed43_party_preds.pt,2aa2fd03cd13bc04bd5ec457d4830c1a576ca6f30a1ea9c18f676a3c9255540b,713f925067eb9a467fd1ee37389e169003b593755f56284be1800fb257b209dd
DBLP,43,10,13,adaptive_complementarity,0.8832923769950867,0.8677632725738244,12,389472,194736,12636000,584208,0,42.380028700092225,"[[0,5],[0,11],[1,3],[1,4],[2,9],[2,12],[3,8],[4,7],[5,9],[7,8],[10,11],[10,12]]","[false, false, false, false, false, false, false, true, false, false, true, true, false]","[""RANDOM"", ""RANDOM"", ""RANDOM"", ""RANDOM"", ""RANDOM"", ""RANDOM"", ""RANDOM"", ""APCPA"", ""RANDOM"", ""RANDOM"", ""APA"", ""APTPA"", ""RANDOM""]","[5, 12, 9, 7, 8, 11, 3, 1, 6, 4, 0, 2, 10]",C:\Users\Yin Kuan\OneDrive\桌面\Durham_CS\Research\TA-DVFG\results\nested_weak_cache\dblp\nested_weak18_dblp_hard_n18_useful3_seed43_party_preds.pt,2aa2fd03cd13bc04bd5ec457d4830c1a576ca6f30a1ea9c18f676a3c9255540b,713f925067eb9a467fd1ee37389e169003b593755f56284be1800fb257b209dd
DBLP,43,10,13,full_mesh,0.8894348740577698,0.8777664141869517,78,2531568,210964,0,2742532,0,0.0,"[[0,1],[0,2],[0,3],[0,4],[0,5],[0,6],[0,7],[0,8],[0,9],[0,10],[0,11],[0,12],[1,2],[1,3],[1,4],[1,5],[1,6],[1,7],[1,8],[1,9],[1,10],[1,11],[1,12],[2,3],[2,4],[2,5],[2,6],[2,7],[2,8],[2,9],[2,10],[2,11],[2,12],[3,4],[3,5],[3,6],[3,7],[3,8],[3,9],[3,10],[3,11],[3,12],[4,5],[4,6],[4,7],[4,8],[4,9],[4,10],[4,11],[4,12],[5,6],[5,7],[5,8],[5,9],[5,10],[5,11],[5,12],[6,7],[6,8],[6,9],[6,10],[6,11],[6,12],[7,8],[7,9],[7,10],[7,11],[7,12],[8,9],[8,10],[8,11],[8,12],[9,10],[9,11],[9,12],[10,11],[10,12],[11,12]]","[false, false, false, false, false, false, false, true, false, false, true, true, false]","[""RANDOM"", ""RANDOM"", ""RANDOM"", ""RANDOM"", ""RANDOM"", ""RANDOM"", ""RANDOM"", ""APCPA"", ""RANDOM"", ""RANDOM"", ""APA"", ""APTPA"", ""RANDOM""]","[5, 12, 9, 7, 8, 11, 3, 1, 6, 4, 0, 2, 10]",C:\Users\Yin Kuan\OneDrive\桌面\Durham_CS\Research\TA-DVFG\results\nested_weak_cache\dblp\nested_weak18_dblp_hard_n18_useful3_seed43_party_preds.pt,2aa2fd03cd13bc04bd5ec457d4830c1a576ca6f30a1ea9c18f676a3c9255540b,713f925067eb9a467fd1ee37389e169003b593755f56284be1800fb257b209dd
DBLP,43,10,13,adaptive_graph_val,0.9078623652458191,0.8978021762300534,5,162280,97368,12636000,259648,110736,768.6932079998951,"[[3,11],[7,8],[7,9],[8,9],[10,11]]","[false, false, false, false, false, false, false, true, false, false, true, true, false]","[""RANDOM"", ""RANDOM"", ""RANDOM"", ""RANDOM"", ""RANDOM"", ""RANDOM"", ""RANDOM"", ""APCPA"", ""RANDOM"", ""RANDOM"", ""APA"", ""APTPA"", ""RANDOM""]","[5, 12, 9, 7, 8, 11, 3, 1, 6, 4, 0, 2, 10]",C:\Users\Yin Kuan\OneDrive\桌面\Durham_CS\Research\TA-DVFG\results\nested_weak_cache\dblp\nested_weak18_dblp_hard_n18_useful3_seed43_party_preds.pt,2aa2fd03cd13bc04bd5ec457d4830c1a576ca6f30a1ea9c18f676a3c9255540b,713f925067eb9a467fd1ee37389e169003b593755f56284be1800fb257b209dd
DBLP,43,15,18,single_party_best,0.9004913568496704,0.889550619854063,0,0,0,0,0,0,0.0,[],"[false, false, false, false, false, true, false, false, true, false, false, false, true, false, false, false, false, false]","[""RANDOM"", ""RANDOM"", ""RANDOM"", ""RANDOM"", ""RANDOM"", ""APTPA"", ""RANDOM"", ""RANDOM"", ""APA"", ""RANDOM"", ""RANDOM"", ""RANDOM"", ""APCPA"", ""RANDOM"", ""RANDOM"", ""RANDOM"", ""RANDOM"", ""RANDOM""]","[5, 12, 7, 6, 16, 2, 13, 10, 0, 15, 9, 3, 1, 17, 4, 11, 8, 14]",C:\Users\Yin Kuan\OneDrive\桌面\Durham_CS\Research\TA-DVFG\results\nested_weak_cache\dblp\nested_weak18_dblp_hard_n18_useful3_seed43_party_preds.pt,2aa2fd03cd13bc04bd5ec457d4830c1a576ca6f30a1ea9c18f676a3c9255540b,9f6131359a871bf62d3f62de4b5864456685ef81391c4dbb1d9ceb978a4cb019
DBLP,43,15,18,topk_reliability_vote,0.9004913568496704,0.8891989219129923,0,0,81140,0,81140,0,0.0,[],"[false, false, false, false, false, true, false, false, true, false, false, false, true, false, false, false, false, false]","[""RANDOM"", ""RANDOM"", ""RANDOM"", ""RANDOM"", ""RANDOM"", ""APTPA"", ""RANDOM"", ""RANDOM"", ""APA"", ""RANDOM"", ""RANDOM"", ""RANDOM"", ""APCPA"", ""RANDOM"", ""RANDOM"", ""RANDOM"", ""RANDOM"", ""RANDOM""]","[5, 12, 7, 6, 16, 2, 13, 10, 0, 15, 9, 3, 1, 17, 4, 11, 8, 14]",C:\Users\Yin Kuan\OneDrive\桌面\Durham_CS\Research\TA-DVFG\results\nested_weak_cache\dblp\nested_weak18_dblp_hard_n18_useful3_seed43_party_preds.pt,2aa2fd03cd13bc04bd5ec457d4830c1a576ca6f30a1ea9c18f676a3c9255540b,9f6131359a871bf62d3f62de4b5864456685ef81391c4dbb1d9ceb978a4cb019
DBLP,43,15,18,random_matched,0.8845208883285522,0.8729359817352915,5,162280,146052,0,308332,0,0.0,"[[2,14],[4,16],[8,12],[9,14],[15,17]]","[false, false, false, false, false, true, false, false, true, false, false, false, true, false, false, false, false, false]","[""RANDOM"", ""RANDOM"", ""RANDOM"", ""RANDOM"", ""RANDOM"", ""APTPA"", ""RANDOM"", ""RANDOM"", ""APA"", ""RANDOM"", ""RANDOM"", ""RANDOM"", ""APCPA"", ""RANDOM"", ""RANDOM"", ""RANDOM"", ""RANDOM"", ""RANDOM""]","[5, 12, 7, 6, 16, 2, 13, 10, 0, 15, 9, 3, 1, 17, 4, 11, 8, 14]",C:\Users\Yin Kuan\OneDrive\桌面\Durham_CS\Research\TA-DVFG\results\nested_weak_cache\dblp\nested_weak18_dblp_hard_n18_useful3_seed43_party_preds.pt,2aa2fd03cd13bc04bd5ec457d4830c1a576ca6f30a1ea9c18f676a3c9255540b,9f6131359a871bf62d3f62de4b5864456685ef81391c4dbb1d9ceb978a4cb019
DBLP,43,15,18,adaptive_pair,0.8710073828697205,0.8539995557494104,15,486840,259648,17496000,746488,0,84.57982540006924,"[[0,4],[0,9],[1,10],[1,16],[2,13],[2,17],[4,6],[5,8],[5,12],[6,9],[7,16],[8,12],[13,15],[14,15],[14,17]]","[false, false, false, false, false, true, false, false, true, false, false, false, true, false, false, false, false, false]","[""RANDOM"", ""RANDOM"", ""RANDOM"", ""RANDOM"", ""RANDOM"", ""APTPA"", ""RANDOM"", ""RANDOM"", ""APA"", ""RANDOM"", ""RANDOM"", ""RANDOM"", ""APCPA"", ""RANDOM"", ""RANDOM"", ""RANDOM"", ""RANDOM"", ""RANDOM""]","[5, 12, 7, 6, 16, 2, 13, 10, 0, 15, 9, 3, 1, 17, 4, 11, 8, 14]",C:\Users\Yin Kuan\OneDrive\桌面\Durham_CS\Research\TA-DVFG\results\nested_weak_cache\dblp\nested_weak18_dblp_hard_n18_useful3_seed43_party_preds.pt,2aa2fd03cd13bc04bd5ec457d4830c1a576ca6f30a1ea9c18f676a3c9255540b,9f6131359a871bf62d3f62de4b5864456685ef81391c4dbb1d9ceb978a4cb019
DBLP,43,15,18,adaptive_complementarity,0.8624078631401062,0.8411372177771416,15,486840,243420,17496000,730260,0,84.38052810016961,"[[0,4],[0,10],[1,6],[1,14],[2,10],[2,16],[4,17],[5,8],[5,13],[6,13],[8,9],[9,15],[12,14],[12,16],[15,17]]","[false, false, false, false, false, true, false, false, true, false, false, false, true, false, false, false, false, false]","[""RANDOM"", ""RANDOM"", ""RANDOM"", ""RANDOM"", ""RANDOM"", ""APTPA"", ""RANDOM"", ""RANDOM"", ""APA"", ""RANDOM"", ""RANDOM"", ""RANDOM"", ""APCPA"", ""RANDOM"", ""RANDOM"", ""RANDOM"", ""RANDOM"", ""RANDOM""]","[5, 12, 7, 6, 16, 2, 13, 10, 0, 15, 9, 3, 1, 17, 4, 11, 8, 14]",C:\Users\Yin Kuan\OneDrive\桌面\Durham_CS\Research\TA-DVFG\results\nested_weak_cache\dblp\nested_weak18_dblp_hard_n18_useful3_seed43_party_preds.pt,2aa2fd03cd13bc04bd5ec457d4830c1a576ca6f30a1ea9c18f676a3c9255540b,9f6131359a871bf62d3f62de4b5864456685ef81391c4dbb1d9ceb978a4cb019
DBLP,43,15,18,full_mesh,0.8513513207435608,0.8252824623784472,153,4965768,292104,0,5257872,0,0.0,"[[0,1],[0,2],[0,3],[0,4],[0,5],[0,6],[0,7],[0,8],[0,9],[0,10],[0,11],[0,12],[0,13],[0,14],[0,15],[0,16],[0,17],[1,2],[1,3],[1,4],[1,5],[1,6],[1,7],[1,8],[1,9],[1,10],[1,11],[1,12],[1,13],[1,14],[1,15],[1,16],[1,17],[2,3],[2,4],[2,5],[2,6],[2,7],[2,8],[2,9],[2,10],[2,11],[2,12],[2,13],[2,14],[2,15],[2,16],[2,17],[3,4],[3,5],[3,6],[3,7],[3,8],[3,9],[3,10],[3,11],[3,12],[3,13],[3,14],[3,15],[3,16],[3,17],[4,5],[4,6],[4,7],[4,8],[4,9],[4,10],[4,11],[4,12],[4,13],[4,14],[4,15],[4,16],[4,17],[5,6],[5,7],[5,8],[5,9],[5,10],[5,11],[5,12],[5,13],[5,14],[5,15],[5,16],[5,17],[6,7],[6,8],[6,9],[6,10],[6,11],[6,12],[6,13],[6,14],[6,15],[6,16],[6,17],[7,8],[7,9],[7,10],[7,11],[7,12],[7,13],[7,14],[7,15],[7,16],[7,17],[8,9],[8,10],[8,11],[8,12],[8,13],[8,14],[8,15],[8,16],[8,17],[9,10],[9,11],[9,12],[9,13],[9,14],[9,15],[9,16],[9,17],[10,11],[10,12],[10,13],[10,14],[10,15],[10,16],[10,17],[11,12],[11,13],[11,14],[11,15],[11,16],[11,17],[12,13],[12,14],[12,15],[12,16],[12,17],[13,14],[13,15],[13,16],[13,17],[14,15],[14,16],[14,17],[15,16],[15,17],[16,17]]","[false, false, false, false, false, true, false, false, true, false, false, false, true, false, false, false, false, false]","[""RANDOM"", ""RANDOM"", ""RANDOM"", ""RANDOM"", ""RANDOM"", ""APTPA"", ""RANDOM"", ""RANDOM"", ""APA"", ""RANDOM"", ""RANDOM"", ""RANDOM"", ""APCPA"", ""RANDOM"", ""RANDOM"", ""RANDOM"", ""RANDOM"", ""RANDOM""]","[5, 12, 7, 6, 16, 2, 13, 10, 0, 15, 9, 3, 1, 17, 4, 11, 8, 14]",C:\Users\Yin Kuan\OneDrive\桌面\Durham_CS\Research\TA-DVFG\results\nested_weak_cache\dblp\nested_weak18_dblp_hard_n18_useful3_seed43_party_preds.pt,2aa2fd03cd13bc04bd5ec457d4830c1a576ca6f30a1ea9c18f676a3c9255540b,9f6131359a871bf62d3f62de4b5864456685ef81391c4dbb1d9ceb978a4cb019
DBLP,43,15,18,adaptive_graph_val,0.8992629051208496,0.8865508195927408,5,162280,97368,17496000,259648,235911,1983.0518518000608,"[[3,5],[5,7],[7,14],[9,12],[12,14]]","[false, false, false, false, false, true, false, false, true, false, false, false, true, false, false, false, false, false]","[""RANDOM"", ""RANDOM"", ""RANDOM"", ""RANDOM"", ""RANDOM"", ""APTPA"", ""RANDOM"", ""RANDOM"", ""APA"", ""RANDOM"", ""RANDOM"", ""RANDOM"", ""APCPA"", ""RANDOM"", ""RANDOM"", ""RANDOM"", ""RANDOM"", ""RANDOM""]","[5, 12, 7, 6, 16, 2, 13, 10, 0, 15, 9, 3, 1, 17, 4, 11, 8, 14]",C:\Users\Yin Kuan\OneDrive\桌面\Durham_CS\Research\TA-DVFG\results\nested_weak_cache\dblp\nested_weak18_dblp_hard_n18_useful3_seed43_party_preds.pt,2aa2fd03cd13bc04bd5ec457d4830c1a576ca6f30a1ea9c18f676a3c9255540b,9f6131359a871bf62d3f62de4b5864456685ef81391c4dbb1d9ceb978a4cb019
DBLP,44,0,3,single_party_best,0.8968058824539185,0.8870062626544299,0,0,0,0,0,0,0.0,[],"[true, true, true]","[""APA"", ""APTPA"", ""APCPA""]","[0, 2, 1]",C:\Users\Yin Kuan\OneDrive\桌面\Durham_CS\Research\TA-DVFG\results\nested_weak_cache\dblp\nested_weak18_dblp_hard_n18_useful3_seed44_party_preds.pt,27e2bdb80bbd7f4d72d1f78ee14666c48f6d2c295fc875564522c06221453a05,e812a49338d18c260d4fb83072d50906385c7978debfa240fe4795c00d43cd8c
DBLP,44,0,3,topk_reliability_vote,0.914004921913147,0.9041953908322078,0,0,48684,0,48684,0,0.0,[],"[true, true, true]","[""APA"", ""APTPA"", ""APCPA""]","[0, 2, 1]",C:\Users\Yin Kuan\OneDrive\桌面\Durham_CS\Research\TA-DVFG\results\nested_weak_cache\dblp\nested_weak18_dblp_hard_n18_useful3_seed44_party_preds.pt,27e2bdb80bbd7f4d72d1f78ee14666c48f6d2c295fc875564522c06221453a05,e812a49338d18c260d4fb83072d50906385c7978debfa240fe4795c00d43cd8c
DBLP,44,0,3,random_matched,0.914004921913147,0.9040416075837313,3,97368,48684,0,146052,0,0.0,"[[0,1],[0,2],[1,2]]","[true, true, true]","[""APA"", ""APTPA"", ""APCPA""]","[0, 2, 1]",C:\Users\Yin Kuan\OneDrive\桌面\Durham_CS\Research\TA-DVFG\results\nested_weak_cache\dblp\nested_weak18_dblp_hard_n18_useful3_seed44_party_preds.pt,27e2bdb80bbd7f4d72d1f78ee14666c48f6d2c295fc875564522c06221453a05,e812a49338d18c260d4fb83072d50906385c7978debfa240fe4795c00d43cd8c
DBLP,44,0,3,adaptive_pair,0.914004921913147,0.9040416075837313,3,97368,48684,2916000,146052,0,2.059935600103927,"[[0,1],[0,2],[1,2]]","[true, true, true]","[""APA"", ""APTPA"", ""APCPA""]","[0, 2, 1]",C:\Users\Yin Kuan\OneDrive\桌面\Durham_CS\Research\TA-DVFG\results\nested_weak_cache\dblp\nested_weak18_dblp_hard_n18_useful3_seed44_party_preds.pt,27e2bdb80bbd7f4d72d1f78ee14666c48f6d2c295fc875564522c06221453a05,e812a49338d18c260d4fb83072d50906385c7978debfa240fe4795c00d43cd8c
DBLP,44,0,3,adaptive_complementarity,0.914004921913147,0.9040416075837313,3,97368,48684,2916000,146052,0,2.0040916998987086,"[[0,1],[0,2],[1,2]]","[true, true, true]","[""APA"", ""APTPA"", ""APCPA""]","[0, 2, 1]",C:\Users\Yin Kuan\OneDrive\桌面\Durham_CS\Research\TA-DVFG\results\nested_weak_cache\dblp\nested_weak18_dblp_hard_n18_useful3_seed44_party_preds.pt,27e2bdb80bbd7f4d72d1f78ee14666c48f6d2c295fc875564522c06221453a05,e812a49338d18c260d4fb83072d50906385c7978debfa240fe4795c00d43cd8c
DBLP,44,0,3,full_mesh,0.914004921913147,0.9040416075837313,3,97368,48684,0,146052,0,0.0,"[[0,1],[0,2],[1,2]]","[true, true, true]","[""APA"", ""APTPA"", ""APCPA""]","[0, 2, 1]",C:\Users\Yin Kuan\OneDrive\桌面\Durham_CS\Research\TA-DVFG\results\nested_weak_cache\dblp\nested_weak18_dblp_hard_n18_useful3_seed44_party_preds.pt,27e2bdb80bbd7f4d72d1f78ee14666c48f6d2c295fc875564522c06221453a05,e812a49338d18c260d4fb83072d50906385c7978debfa240fe4795c00d43cd8c
DBLP,44,0,3,adaptive_graph_val,0.914004921913147,0.9040416075837313,3,97368,48684,2916000,146052,1800,6.584045699884882,"[[0,1],[0,2],[1,2]]","[true, true, true]","[""APA"", ""APTPA"", ""APCPA""]","[0, 2, 1]",C:\Users\Yin Kuan\OneDrive\桌面\Durham_CS\Research\TA-DVFG\results\nested_weak_cache\dblp\nested_weak18_dblp_hard_n18_useful3_seed44_party_preds.pt,27e2bdb80bbd7f4d72d1f78ee14666c48f6d2c295fc875564522c06221453a05,e812a49338d18c260d4fb83072d50906385c7978debfa240fe4795c00d43cd8c
DBLP,44,2,5,single_party_best,0.8968058824539185,0.8870062626544299,0,0,0,0,0,0,0.0,[],"[false, true, true, true, false]","[""RANDOM"", ""APCPA"", ""APTPA"", ""APA"", ""RANDOM""]","[4, 1, 2, 0, 3]",C:\Users\Yin Kuan\OneDrive\桌面\Durham_CS\Research\TA-DVFG\results\nested_weak_cache\dblp\nested_weak18_dblp_hard_n18_useful3_seed44_party_preds.pt,27e2bdb80bbd7f4d72d1f78ee14666c48f6d2c295fc875564522c06221453a05,eddf67a2989c7c4450dc14c8396cdfbcbfa23882a9abb1d746c7ea03504dc947
DBLP,44,2,5,topk_reliability_vote,0.9054054021835327,0.8960614859917171,0,0,81140,0,81140,0,0.0,[],"[false, true, true, true, false]","[""RANDOM"", ""APCPA"", ""APTPA"", ""APA"", ""RANDOM""]","[4, 1, 2, 0, 3]",C:\Users\Yin Kuan\OneDrive\桌面\Durham_CS\Research\TA-DVFG\results\nested_weak_cache\dblp\nested_weak18_dblp_hard_n18_useful3_seed44_party_preds.pt,27e2bdb80bbd7f4d72d1f78ee14666c48f6d2c295fc875564522c06221453a05,eddf67a2989c7c4450dc14c8396cdfbcbfa23882a9abb1d746c7ea03504dc947
DBLP,44,2,5,random_matched,0.8992629051208496,0.8906526942004238,5,162280,81140,0,243420,0,0.0,"[[0,3],[0,4],[1,2],[2,4],[3,4]]","[false, true, true, true, false]","[""RANDOM"", ""APCPA"", ""APTPA"", ""APA"", ""RANDOM""]","[4, 1, 2, 0, 3]",C:\Users\Yin Kuan\OneDrive\桌面\Durham_CS\Research\TA-DVFG\results\nested_weak_cache\dblp\nested_weak18_dblp_hard_n18_useful3_seed44_party_preds.pt,27e2bdb80bbd7f4d72d1f78ee14666c48f6d2c295fc875564522c06221453a05,eddf67a2989c7c4450dc14c8396cdfbcbfa23882a9abb1d746c7ea03504dc947
DBLP,44,2,5,adaptive_pair,0.9041768908500671,0.8940428382088128,4,129824,81140,4860000,210964,0,5.784002699772827,"[[0,4],[1,2],[1,3],[2,3]]","[false, true, true, true, false]","[""RANDOM"", ""APCPA"", ""APTPA"", ""APA"", ""RANDOM""]","[4, 1, 2, 0, 3]",C:\Users\Yin Kuan\OneDrive\桌面\Durham_CS\Research\TA-DVFG\results\nested_weak_cache\dblp\nested_weak18_dblp_hard_n18_useful3_seed44_party_preds.pt,27e2bdb80bbd7f4d72d1f78ee14666c48f6d2c295fc875564522c06221453a05,eddf67a2989c7c4450dc14c8396cdfbcbfa23882a9abb1d746c7ea03504dc947
DBLP,44,2,5,adaptive_complementarity,0.9054054021835327,0.8951987744593387,4,129824,64912,4860000,194736,0,5.830142300066655,"[[0,1],[0,2],[1,3],[2,3]]","[false, true, true, true, false]","[""RANDOM"", ""APCPA"", ""APTPA"", ""APA"", ""RANDOM""]","[4, 1, 2, 0, 3]",C:\Users\Yin Kuan\OneDrive\桌面\Durham_CS\Research\TA-DVFG\results\nested_weak_cache\dblp\nested_weak18_dblp_hard_n18_useful3_seed44_party_preds.pt,27e2bdb80bbd7f4d72d1f78ee14666c48f6d2c295fc875564522c06221453a05,eddf67a2989c7c4450dc14c8396cdfbcbfa23882a9abb1d746c7ea03504dc947
DBLP,44,2,5,full_mesh,0.9066339135169983,0.8961746118845235,10,324560,81140,0,405700,0,0.0,"[[0,1],[0,2],[0,3],[0,4],[1,2],[1,3],[1,4],[2,3],[2,4],[3,4]]","[false, true, true, true, false]","[""RANDOM"", ""APCPA"", ""APTPA"", ""APA"", ""RANDOM""]","[4, 1, 2, 0, 3]",C:\Users\Yin Kuan\OneDrive\桌面\Durham_CS\Research\TA-DVFG\results\nested_weak_cache\dblp\nested_weak18_dblp_hard_n18_useful3_seed44_party_preds.pt,27e2bdb80bbd7f4d72d1f78ee14666c48f6d2c295fc875564522c06221453a05,eddf67a2989c7c4450dc14c8396cdfbcbfa23882a9abb1d746c7ea03504dc947
DBLP,44,2,5,adaptive_graph_val,0.9090908765792847,0.8982893433033882,4,129824,81140,4860000,210964,8333,37.28996630010079,"[[0,4],[1,2],[1,3],[2,3]]","[false, true, true, true, false]","[""RANDOM"", ""APCPA"", ""APTPA"", ""APA"", ""RANDOM""]","[4, 1, 2, 0, 3]",C:\Users\Yin Kuan\OneDrive\桌面\Durham_CS\Research\TA-DVFG\results\nested_weak_cache\dblp\nested_weak18_dblp_hard_n18_useful3_seed44_party_preds.pt,27e2bdb80bbd7f4d72d1f78ee14666c48f6d2c295fc875564522c06221453a05,eddf67a2989c7c4450dc14c8396cdfbcbfa23882a9abb1d746c7ea03504dc947
DBLP,44,5,8,single_party_best,0.8968058824539185,0.8870062626544299,0,0,0,0,0,0,0.0,[],"[false, false, false, true, false, true, false, true]","[""RANDOM"", ""RANDOM"", ""RANDOM"", ""APA"", ""RANDOM"", ""APTPA"", ""RANDOM"", ""APCPA""]","[6, 5, 3, 0, 7, 2, 4, 1]",C:\Users\Yin Kuan\OneDrive\桌面\Durham_CS\Research\TA-DVFG\results\nested_weak_cache\dblp\nested_weak18_dblp_hard_n18_useful3_seed44_party_preds.pt,27e2bdb80bbd7f4d72d1f78ee14666c48f6d2c295fc875564522c06221453a05,a5e03b1abeb89a5dfb027dd8b380575b257894d4e9a54a37bbdbbf2231a9884a
DBLP,44,5,8,topk_reliability_vote,0.9090908765792847,0.8983832858366966,0,0,81140,0,81140,0,0.0,[],"[false, false, false, true, false, true, false, true]","[""RANDOM"", ""RANDOM"", ""RANDOM"", ""APA"", ""RANDOM"", ""APTPA"", ""RANDOM"", ""APCPA""]","[6, 5, 3, 0, 7, 2, 4, 1]",C:\Users\Yin Kuan\OneDrive\桌面\Durham_CS\Research\TA-DVFG\results\nested_weak_cache\dblp\nested_weak18_dblp_hard_n18_useful3_seed44_party_preds.pt,27e2bdb80bbd7f4d72d1f78ee14666c48f6d2c295fc875564522c06221453a05,a5e03b1abeb89a5dfb027dd8b380575b257894d4e9a54a37bbdbbf2231a9884a
DBLP,44,5,8,random_matched,0.8955773711204529,0.8860027906643493,5,162280,97368,0,259648,0,0.0,"[[0,5],[0,7],[2,4],[4,7],[5,6]]","[false, false, false, true, false, true, false, true]","[""RANDOM"", ""RANDOM"", ""RANDOM"", ""APA"", ""RANDOM"", ""APTPA"", ""RANDOM"", ""APCPA""]","[6, 5, 3, 0, 7, 2, 4, 1]",C:\Users\Yin Kuan\OneDrive\桌面\Durham_CS\Research\TA-DVFG\results\nested_weak_cache\dblp\nested_weak18_dblp_hard_n18_useful3_seed44_party_preds.pt,27e2bdb80bbd7f4d72d1f78ee14666c48f6d2c295fc875564522c06221453a05,a5e03b1abeb89a5dfb027dd8b380575b257894d4e9a54a37bbdbbf2231a9884a
DBLP,44,5,8,adaptive_pair,0.8943488597869873,0.8829310414375537,7,227192,129824,7776000,357016,0,17.29266849992564,"[[0,2],[1,4],[1,6],[3,5],[3,7],[4,6],[5,7]]","[false, false, false, true, false, true, false, true]","[""RANDOM"", ""RANDOM"", ""RANDOM"", ""APA"", ""RANDOM"", ""APTPA"", ""RANDOM"", ""APCPA""]","[6, 5, 3, 0, 7, 2, 4, 1]",C:\Users\Yin Kuan\OneDrive\桌面\Durham_CS\Research\TA-DVFG\results\nested_weak_cache\dblp\nested_weak18_dblp_hard_n18_useful3_seed44_party_preds.pt,27e2bdb80bbd7f4d72d1f78ee14666c48f6d2c295fc875564522c06221453a05,a5e03b1abeb89a5dfb027dd8b380575b257894d4e9a54a37bbdbbf2231a9884a
DBLP,44,5,8,adaptive_complementarity,0.901719868183136,0.8909699599565646,7,227192,113596,7776000,340788,0,17.282213000042248,"[[0,3],[0,7],[1,4],[1,5],[3,5],[4,6],[6,7]]","[false, false, false, true, false, true, false, true]","[""RANDOM"", ""RANDOM"", ""RANDOM"", ""APA"", ""RANDOM"", ""APTPA"", ""RANDOM"", ""APCPA""]","[6, 5, 3, 0, 7, 2, 4, 1]",C:\Users\Yin Kuan\OneDrive\桌面\Durham_CS\Research\TA-DVFG\results\nested_weak_cache\dblp\nested_weak18_dblp_hard_n18_useful3_seed44_party_preds.pt,27e2bdb80bbd7f4d72d1f78ee14666c48f6d2c295fc875564522c06221453a05,a5e03b1abeb89a5dfb027dd8b380575b257894d4e9a54a37bbdbbf2231a9884a
DBLP,44,5,8,full_mesh,0.8906633853912354,0.8798515849230699,28,908768,129824,0,1038592,0,0.0,"[[0,1],[0,2],[0,3],[0,4],[0,5],[0,6],[0,7],[1,2],[1,3],[1,4],[1,5],[1,6],[1,7],[2,3],[2,4],[2,5],[2,6],[2,7],[3,4],[3,5],[3,6],[3,7],[4,5],[4,6],[4,7],[5,6],[5,7],[6,7]]","[false, false, false, true, false, true, false, true]","[""RANDOM"", ""RANDOM"", ""RANDOM"", ""APA"", ""RANDOM"", ""APTPA"", ""RANDOM"", ""APCPA""]","[6, 5, 3, 0, 7, 2, 4, 1]",C:\Users\Yin Kuan\OneDrive\桌面\Durham_CS\Research\TA-DVFG\results\nested_weak_cache\dblp\nested_weak18_dblp_hard_n18_useful3_seed44_party_preds.pt,27e2bdb80bbd7f4d72d1f78ee14666c48f6d2c295fc875564522c06221453a05,a5e03b1abeb89a5dfb027dd8b380575b257894d4e9a54a37bbdbbf2231a9884a
DBLP,44,5,8,adaptive_graph_val,0.9004913568496704,0.8908520218786561,5,162280,81140,7776000,243420,31783,182.21142970003712,"[[0,3],[0,7],[2,3],[2,6],[6,7]]","[false, false, false, true, false, true, false, true]","[""RANDOM"", ""RANDOM"", ""RANDOM"", ""APA"", ""RANDOM"", ""APTPA"", ""RANDOM"", ""APCPA""]","[6, 5, 3, 0, 7, 2, 4, 1]",C:\Users\Yin Kuan\OneDrive\桌面\Durham_CS\Research\TA-DVFG\results\nested_weak_cache\dblp\nested_weak18_dblp_hard_n18_useful3_seed44_party_preds.pt,27e2bdb80bbd7f4d72d1f78ee14666c48f6d2c295fc875564522c06221453a05,a5e03b1abeb89a5dfb027dd8b380575b257894d4e9a54a37bbdbbf2231a9884a
DBLP,44,10,13,single_party_best,0.8968058824539185,0.8870062626544299,0,0,0,0,0,0,0.0,[],"[false, false, false, false, false, false, false, false, false, true, false, true, true]","[""RANDOM"", ""RANDOM"", ""RANDOM"", ""RANDOM"", ""RANDOM"", ""RANDOM"", ""RANDOM"", ""RANDOM"", ""RANDOM"", ""APCPA"", ""RANDOM"", ""APA"", ""APTPA""]","[10, 11, 5, 4, 7, 9, 3, 12, 8, 1, 6, 0, 2]",C:\Users\Yin Kuan\OneDrive\桌面\Durham_CS\Research\TA-DVFG\results\nested_weak_cache\dblp\nested_weak18_dblp_hard_n18_useful3_seed44_party_preds.pt,27e2bdb80bbd7f4d72d1f78ee14666c48f6d2c295fc875564522c06221453a05,1cd3f5643e29193781a49c2868875c72a93b1ef141be6d329f03e4a9da6e47e1
DBLP,44,10,13,topk_reliability_vote,0.914004921913147,0.9039897537024422,0,0,81140,0,81140,0,0.0,[],"[false, false, false, false, false, false, false, false, false, true, false, true, true]","[""RANDOM"", ""RANDOM"", ""RANDOM"", ""RANDOM"", ""RANDOM"", ""RANDOM"", ""RANDOM"", ""RANDOM"", ""RANDOM"", ""APCPA"", ""RANDOM"", ""APA"", ""APTPA""]","[10, 11, 5, 4, 7, 9, 3, 12, 8, 1, 6, 0, 2]",C:\Users\Yin Kuan\OneDrive\桌面\Durham_CS\Research\TA-DVFG\results\nested_weak_cache\dblp\nested_weak18_dblp_hard_n18_useful3_seed44_party_preds.pt,27e2bdb80bbd7f4d72d1f78ee14666c48f6d2c295fc875564522c06221453a05,1cd3f5643e29193781a49c2868875c72a93b1ef141be6d329f03e4a9da6e47e1
DBLP,44,10,13,random_matched,0.375921368598938,0.30004787940167577,5,162280,129824,0,292104,0,0.0,"[[0,2],[2,5],[4,6],[7,11],[10,11]]","[false, false, false, false, false, false, false, false, false, true, false, true, true]","[""RANDOM"", ""RANDOM"", ""RANDOM"", ""RANDOM"", ""RANDOM"", ""RANDOM"", ""RANDOM"", ""RANDOM"", ""RANDOM"", ""APCPA"", ""RANDOM"", ""APA"", ""APTPA""]","[10, 11, 5, 4, 7, 9, 3, 12, 8, 1, 6, 0, 2]",C:\Users\Yin Kuan\OneDrive\桌面\Durham_CS\Research\TA-DVFG\results\nested_weak_cache\dblp\nested_weak18_dblp_hard_n18_useful3_seed44_party_preds.pt,27e2bdb80bbd7f4d72d1f78ee14666c48f6d2c295fc875564522c06221453a05,1cd3f5643e29193781a49c2868875c72a93b1ef141be6d329f03e4a9da6e47e1
DBLP,44,10,13,adaptive_pair,0.8808353543281555,0.8700712415319449,12,389472,210964,12636000,600436,0,48.201026299997466,"[[0,3],[0,6],[1,7],[1,8],[2,4],[2,7],[3,4],[5,10],[6,8],[9,11],[9,12],[11,12]]","[false, false, false, false, false, false, false, false, false, true, false, true, true]","[""RANDOM"", ""RANDOM"", ""RANDOM"", ""RANDOM"", ""RANDOM"", ""RANDOM"", ""RANDOM"", ""RANDOM"", ""RANDOM"", ""APCPA"", ""RANDOM"", ""APA"", ""APTPA""]","[10, 11, 5, 4, 7, 9, 3, 12, 8, 1, 6, 0, 2]",C:\Users\Yin Kuan\OneDrive\桌面\Durham_CS\Research\TA-DVFG\results\nested_weak_cache\dblp\nested_weak18_dblp_hard_n18_useful3_seed44_party_preds.pt,27e2bdb80bbd7f4d72d1f78ee14666c48f6d2c295fc875564522c06221453a05,1cd3f5643e29193781a49c2868875c72a93b1ef141be6d329f03e4a9da6e47e1
DBLP,44,10,13,adaptive_complementarity,0.8783783912658691,0.8667468968932456,12,389472,210964,12636000,600436,0,46.80158110016782,"[[0,6],[0,8],[1,4],[1,9],[2,5],[3,4],[3,7],[6,7],[8,12],[9,10],[10,11],[11,12]]","[false, false, false, false, false, false, false, false, false, true, false, true, true]","[""RANDOM"", ""RANDOM"", ""RANDOM"", ""RANDOM"", ""RANDOM"", ""RANDOM"", ""RANDOM"", ""RANDOM"", ""RANDOM"", ""APCPA"", ""RANDOM"", ""APA"", ""APTPA""]","[10, 11, 5, 4, 7, 9, 3, 12, 8, 1, 6, 0, 2]",C:\Users\Yin Kuan\OneDrive\桌面\Durham_CS\Research\TA-DVFG\results\nested_weak_cache\dblp\nested_weak18_dblp_hard_n18_useful3_seed44_party_preds.pt,27e2bdb80bbd7f4d72d1f78ee14666c48f6d2c295fc875564522c06221453a05,1cd3f5643e29193781a49c2868875c72a93b1ef141be6d329f03e4a9da6e47e1
DBLP,44,10,13,full_mesh,0.8832923769950867,0.8729274297077555,78,2531568,210964,0,2742532,0,0.0,"[[0,1],[0,2],[0,3],[0,4],[0,5],[0,6],[0,7],[0,8],[0,9],[0,10],[0,11],[0,12],[1,2],[1,3],[1,4],[1,5],[1,6],[1,7],[1,8],[1,9],[1,10],[1,11],[1,12],[2,3],[2,4],[2,5],[2,6],[2,7],[2,8],[2,9],[2,10],[2,11],[2,12],[3,4],[3,5],[3,6],[3,7],[3,8],[3,9],[3,10],[3,11],[3,12],[4,5],[4,6],[4,7],[4,8],[4,9],[4,10],[4,11],[4,12],[5,6],[5,7],[5,8],[5,9],[5,10],[5,11],[5,12],[6,7],[6,8],[6,9],[6,10],[6,11],[6,12],[7,8],[7,9],[7,10],[7,11],[7,12],[8,9],[8,10],[8,11],[8,12],[9,10],[9,11],[9,12],[10,11],[10,12],[11,12]]","[false, false, false, false, false, false, false, false, false, true, false, true, true]","[""RANDOM"", ""RANDOM"", ""RANDOM"", ""RANDOM"", ""RANDOM"", ""RANDOM"", ""RANDOM"", ""RANDOM"", ""RANDOM"", ""APCPA"", ""RANDOM"", ""APA"", ""APTPA""]","[10, 11, 5, 4, 7, 9, 3, 12, 8, 1, 6, 0, 2]",C:\Users\Yin Kuan\OneDrive\桌面\Durham_CS\Research\TA-DVFG\results\nested_weak_cache\dblp\nested_weak18_dblp_hard_n18_useful3_seed44_party_preds.pt,27e2bdb80bbd7f4d72d1f78ee14666c48f6d2c295fc875564522c06221453a05,1cd3f5643e29193781a49c2868875c72a93b1ef141be6d329f03e4a9da6e47e1
DBLP,44,10,13,adaptive_graph_val,0.9004913568496704,0.8905217341527585,6,194736,113596,12636000,308332,108612,783.908190999995,"[[1,10],[1,11],[3,9],[5,9],[5,10],[8,11]]","[false, false, false, false, false, false, false, false, false, true, false, true, true]","[""RANDOM"", ""RANDOM"", ""RANDOM"", ""RANDOM"", ""RANDOM"", ""RANDOM"", ""RANDOM"", ""RANDOM"", ""RANDOM"", ""APCPA"", ""RANDOM"", ""APA"", ""APTPA""]","[10, 11, 5, 4, 7, 9, 3, 12, 8, 1, 6, 0, 2]",C:\Users\Yin Kuan\OneDrive\桌面\Durham_CS\Research\TA-DVFG\results\nested_weak_cache\dblp\nested_weak18_dblp_hard_n18_useful3_seed44_party_preds.pt,27e2bdb80bbd7f4d72d1f78ee14666c48f6d2c295fc875564522c06221453a05,1cd3f5643e29193781a49c2868875c72a93b1ef141be6d329f03e4a9da6e47e1
DBLP,44,15,18,single_party_best,0.8968058824539185,0.8870062626544299,0,0,0,0,0,0,0.0,[],"[false, false, false, false, false, false, false, false, true, false, false, true, false, false, false, true, false, false]","[""RANDOM"", ""RANDOM"", ""RANDOM"", ""RANDOM"", ""RANDOM"", ""RANDOM"", ""RANDOM"", ""RANDOM"", ""APCPA"", ""RANDOM"", ""RANDOM"", ""APA"", ""RANDOM"", ""RANDOM"", ""RANDOM"", ""APTPA"", ""RANDOM"", ""RANDOM""]","[14, 13, 6, 11, 8, 17, 9, 16, 1, 5, 15, 0, 7, 12, 10, 2, 3, 4]",C:\Users\Yin Kuan\OneDrive\桌面\Durham_CS\Research\TA-DVFG\results\nested_weak_cache\dblp\nested_weak18_dblp_hard_n18_useful3_seed44_party_preds.pt,27e2bdb80bbd7f4d72d1f78ee14666c48f6d2c295fc875564522c06221453a05,63bb2c88cf0ec7291b01500c5a73be2c653397ba838dc50c99ce844491aed92b
DBLP,44,15,18,topk_reliability_vote,0.914004921913147,0.9042009230474708,0,0,81140,0,81140,0,0.0,[],"[false, false, false, false, false, false, false, false, true, false, false, true, false, false, false, true, false, false]","[""RANDOM"", ""RANDOM"", ""RANDOM"", ""RANDOM"", ""RANDOM"", ""RANDOM"", ""RANDOM"", ""RANDOM"", ""APCPA"", ""RANDOM"", ""RANDOM"", ""APA"", ""RANDOM"", ""RANDOM"", ""RANDOM"", ""APTPA"", ""RANDOM"", ""RANDOM""]","[14, 13, 6, 11, 8, 17, 9, 16, 1, 5, 15, 0, 7, 12, 10, 2, 3, 4]",C:\Users\Yin Kuan\OneDrive\桌面\Durham_CS\Research\TA-DVFG\results\nested_weak_cache\dblp\nested_weak18_dblp_hard_n18_useful3_seed44_party_preds.pt,27e2bdb80bbd7f4d72d1f78ee14666c48f6d2c295fc875564522c06221453a05,63bb2c88cf0ec7291b01500c5a73be2c653397ba838dc50c99ce844491aed92b
DBLP,44,15,18,random_matched,0.8943488597869873,0.883141718997781,5,162280,129824,0,292104,0,0.0,"[[0,6],[0,7],[1,7],[8,9],[13,17]]","[false, false, false, false, false, false, false, false, true, false, false, true, false, false, false, true, false, false]","[""RANDOM"", ""RANDOM"", ""RANDOM"", ""RANDOM"", ""RANDOM"", ""RANDOM"", ""RANDOM"", ""RANDOM"", ""APCPA"", ""RANDOM"", ""RANDOM"", ""APA"", ""RANDOM"", ""RANDOM"", ""RANDOM"", ""APTPA"", ""RANDOM"", ""RANDOM""]","[14, 13, 6, 11, 8, 17, 9, 16, 1, 5, 15, 0, 7, 12, 10, 2, 3, 4]",C:\Users\Yin Kuan\OneDrive\桌面\Durham_CS\Research\TA-DVFG\results\nested_weak_cache\dblp\nested_weak18_dblp_hard_n18_useful3_seed44_party_preds.pt,27e2bdb80bbd7f4d72d1f78ee14666c48f6d2c295fc875564522c06221453a05,63bb2c88cf0ec7291b01500c5a73be2c653397ba838dc50c99ce844491aed92b
DBLP,44,15,18,adaptive_pair,0.8783783912658691,0.8668670311889951,15,486840,243420,17496000,730260,0,92.81450299992866,"[[0,4],[0,12],[1,9],[1,13],[3,4],[3,7],[5,14],[5,17],[7,10],[8,11],[8,15],[9,13],[10,14],[11,15],[12,17]]","[false, false, false, false, false, false, false, false, true, false, false, true, false, false, false, true, false, false]","[""RANDOM"", ""RANDOM"", ""RANDOM"", ""RANDOM"", ""RANDOM"", ""RANDOM"", ""RANDOM"", ""RANDOM"", ""APCPA"", ""RANDOM"", ""RANDOM"", ""APA"", ""RANDOM"", ""RANDOM"", ""RANDOM"", ""APTPA"", ""RANDOM"", ""RANDOM""]","[14, 13, 6, 11, 8, 17, 9, 16, 1, 5, 15, 0, 7, 12, 10, 2, 3, 4]",C:\Users\Yin Kuan\OneDrive\桌面\Durham_CS\Research\TA-DVFG\results\nested_weak_cache\dblp\nested_weak18_dblp_hard_n18_useful3_seed44_party_preds.pt,27e2bdb80bbd7f4d72d1f78ee14666c48f6d2c295fc875564522c06221453a05,63bb2c88cf0ec7291b01500c5a73be2c653397ba838dc50c99ce844491aed92b
DBLP,44,15,18,adaptive_complementarity,0.859950840473175,0.8360035676781038,15,486840,259648,17496000,746488,0,93.12940960004926,"[[0,16],[0,17],[2,8],[2,16],[3,10],[4,7],[4,14],[5,11],[5,15],[7,8],[9,13],[9,14],[10,12],[11,15],[13,17]]","[false, false, false, false, false, false, false, false, true, false, false, true, false, false, false, true, false, false]","[""RANDOM"", ""RANDOM"", ""RANDOM"", ""RANDOM"", ""RANDOM"", ""RANDOM"", ""RANDOM"", ""RANDOM"", ""APCPA"", ""RANDOM"", ""RANDOM"", ""APA"", ""RANDOM"", ""RANDOM"", ""RANDOM"", ""APTPA"", ""RANDOM"", ""RANDOM""]","[14, 13, 6, 11, 8, 17, 9, 16, 1, 5, 15, 0, 7, 12, 10, 2, 3, 4]",C:\Users\Yin Kuan\OneDrive\桌面\Durham_CS\Research\TA-DVFG\results\nested_weak_cache\dblp\nested_weak18_dblp_hard_n18_useful3_seed44_party_preds.pt,27e2bdb80bbd7f4d72d1f78ee14666c48f6d2c295fc875564522c06221453a05,63bb2c88cf0ec7291b01500c5a73be2c653397ba838dc50c99ce844491aed92b
DBLP,44,15,18,full_mesh,0.8648648262023926,0.8476265512461061,153,4965768,292104,0,5257872,0,0.0,"[[0,1],[0,2],[0,3],[0,4],[0,5],[0,6],[0,7],[0,8],[0,9],[0,10],[0,11],[0,12],[0,13],[0,14],[0,15],[0,16],[0,17],[1,2],[1,3],[1,4],[1,5],[1,6],[1,7],[1,8],[1,9],[1,10],[1,11],[1,12],[1,13],[1,14],[1,15],[1,16],[1,17],[2,3],[2,4],[2,5],[2,6],[2,7],[2,8],[2,9],[2,10],[2,11],[2,12],[2,13],[2,14],[2,15],[2,16],[2,17],[3,4],[3,5],[3,6],[3,7],[3,8],[3,9],[3,10],[3,11],[3,12],[3,13],[3,14],[3,15],[3,16],[3,17],[4,5],[4,6],[4,7],[4,8],[4,9],[4,10],[4,11],[4,12],[4,13],[4,14],[4,15],[4,16],[4,17],[5,6],[5,7],[5,8],[5,9],[5,10],[5,11],[5,12],[5,13],[5,14],[5,15],[5,16],[5,17],[6,7],[6,8],[6,9],[6,10],[6,11],[6,12],[6,13],[6,14],[6,15],[6,16],[6,17],[7,8],[7,9],[7,10],[7,11],[7,12],[7,13],[7,14],[7,15],[7,16],[7,17],[8,9],[8,10],[8,11],[8,12],[8,13],[8,14],[8,15],[8,16],[8,17],[9,10],[9,11],[9,12],[9,13],[9,14],[9,15],[9,16],[9,17],[10,11],[10,12],[10,13],[10,14],[10,15],[10,16],[10,17],[11,12],[11,13],[11,14],[11,15],[11,16],[11,17],[12,13],[12,14],[12,15],[12,16],[12,17],[13,14],[13,15],[13,16],[13,17],[14,15],[14,16],[14,17],[15,16],[15,17],[16,17]]","[false, false, false, false, false, false, false, false, true, false, false, true, false, false, false, true, false, false]","[""RANDOM"", ""RANDOM"", ""RANDOM"", ""RANDOM"", ""RANDOM"", ""RANDOM"", ""RANDOM"", ""RANDOM"", ""APCPA"", ""RANDOM"", ""RANDOM"", ""APA"", ""RANDOM"", ""RANDOM"", ""RANDOM"", ""APTPA"", ""RANDOM"", ""RANDOM""]","[14, 13, 6, 11, 8, 17, 9, 16, 1, 5, 15, 0, 7, 12, 10, 2, 3, 4]",C:\Users\Yin Kuan\OneDrive\桌面\Durham_CS\Research\TA-DVFG\results\nested_weak_cache\dblp\nested_weak18_dblp_hard_n18_useful3_seed44_party_preds.pt,27e2bdb80bbd7f4d72d1f78ee14666c48f6d2c295fc875564522c06221453a05,63bb2c88cf0ec7291b01500c5a73be2c653397ba838dc50c99ce844491aed92b
DBLP,44,15,18,adaptive_graph_val,0.9078623652458191,0.8978295034812346,5,162280,97368,17496000,259648,232881,1391.3251432999095,"[[2,9],[7,8],[7,10],[8,11],[10,11]]","[false, false, false, false, false, false, false, false, true, false, false, true, false, false, false, true, false, false]","[""RANDOM"", ""RANDOM"", ""RANDOM"", ""RANDOM"", ""RANDOM"", ""RANDOM"", ""RANDOM"", ""RANDOM"", ""APCPA"", ""RANDOM"", ""RANDOM"", ""APA"", ""RANDOM"", ""RANDOM"", ""RANDOM"", ""APTPA"", ""RANDOM"", ""RANDOM""]","[14, 13, 6, 11, 8, 17, 9, 16, 1, 5, 15, 0, 7, 12, 10, 2, 3, 4]",C:\Users\Yin Kuan\OneDrive\桌面\Durham_CS\Research\TA-DVFG\results\nested_weak_cache\dblp\nested_weak18_dblp_hard_n18_useful3_seed44_party_preds.pt,27e2bdb80bbd7f4d72d1f78ee14666c48f6d2c295fc875564522c06221453a05,63bb2c88cf0ec7291b01500c5a73be2c653397ba838dc50c99ce844491aed92b
DBLP,45,0,3,single_party_best,0.8869778513908386,0.8802312596601416,0,0,0,0,0,0,0.0,[],"[true, true, true]","[""APA"", ""APCPA"", ""APTPA""]","[0, 1, 2]",C:\Users\Yin Kuan\OneDrive\桌面\Durham_CS\Research\TA-DVFG\results\nested_weak_cache\dblp\nested_weak18_dblp_hard_n18_useful3_seed45_party_preds.pt,c6f5a1edc09ad6a8ea193f338f82372b90356d26baf179fe0c2e17fc4959eb9b,f1a12ec2bf8d0339603ea7789584a7f719ef3147a81f6b73f3e2cf824858476a
DBLP,45,0,3,topk_reliability_vote,0.8882063627243042,0.8802151027500957,0,0,48684,0,48684,0,0.0,[],"[true, true, true]","[""APA"", ""APCPA"", ""APTPA""]","[0, 1, 2]",C:\Users\Yin Kuan\OneDrive\桌面\Durham_CS\Research\TA-DVFG\results\nested_weak_cache\dblp\nested_weak18_dblp_hard_n18_useful3_seed45_party_preds.pt,c6f5a1edc09ad6a8ea193f338f82372b90356d26baf179fe0c2e17fc4959eb9b,f1a12ec2bf8d0339603ea7789584a7f719ef3147a81f6b73f3e2cf824858476a
DBLP,45,0,3,random_matched,0.8894348740577698,0.881662451798749,3,97368,48684,0,146052,0,0.0,"[[0,1],[0,2],[1,2]]","[true, true, true]","[""APA"", ""APCPA"", ""APTPA""]","[0, 1, 2]",C:\Users\Yin Kuan\OneDrive\桌面\Durham_CS\Research\TA-DVFG\results\nested_weak_cache\dblp\nested_weak18_dblp_hard_n18_useful3_seed45_party_preds.pt,c6f5a1edc09ad6a8ea193f338f82372b90356d26baf179fe0c2e17fc4959eb9b,f1a12ec2bf8d0339603ea7789584a7f719ef3147a81f6b73f3e2cf824858476a
DBLP,45,0,3,adaptive_pair,0.8894348740577698,0.881662451798749,3,97368,48684,2916000,146052,0,1.0672448000550503,"[[0,1],[0,2],[1,2]]","[true, true, true]","[""APA"", ""APCPA"", ""APTPA""]","[0, 1, 2]",C:\Users\Yin Kuan\OneDrive\桌面\Durham_CS\Research\TA-DVFG\results\nested_weak_cache\dblp\nested_weak18_dblp_hard_n18_useful3_seed45_party_preds.pt,c6f5a1edc09ad6a8ea193f338f82372b90356d26baf179fe0c2e17fc4959eb9b,f1a12ec2bf8d0339603ea7789584a7f719ef3147a81f6b73f3e2cf824858476a
DBLP,45,0,3,adaptive_complementarity,0.8894348740577698,0.881662451798749,3,97368,48684,2916000,146052,0,1.0006060000741854,"[[0,1],[0,2],[1,2]]","[true, true, true]","[""APA"", ""APCPA"", ""APTPA""]","[0, 1, 2]",C:\Users\Yin Kuan\OneDrive\桌面\Durham_CS\Research\TA-DVFG\results\nested_weak_cache\dblp\nested_weak18_dblp_hard_n18_useful3_seed45_party_preds.pt,c6f5a1edc09ad6a8ea193f338f82372b90356d26baf179fe0c2e17fc4959eb9b,f1a12ec2bf8d0339603ea7789584a7f719ef3147a81f6b73f3e2cf824858476a
DBLP,45,0,3,full_mesh,0.8894348740577698,0.881662451798749,3,97368,48684,0,146052,0,0.0,"[[0,1],[0,2],[1,2]]","[true, true, true]","[""APA"", ""APCPA"", ""APTPA""]","[0, 1, 2]",C:\Users\Yin Kuan\OneDrive\桌面\Durham_CS\Research\TA-DVFG\results\nested_weak_cache\dblp\nested_weak18_dblp_hard_n18_useful3_seed45_party_preds.pt,c6f5a1edc09ad6a8ea193f338f82372b90356d26baf179fe0c2e17fc4959eb9b,f1a12ec2bf8d0339603ea7789584a7f719ef3147a81f6b73f3e2cf824858476a
DBLP,45,0,3,adaptive_graph_val,0.8894348740577698,0.881662451798749,3,97368,48684,2916000,146052,1800,3.779127200017683,"[[0,1],[0,2],[1,2]]","[true, true, true]","[""APA"", ""APCPA"", ""APTPA""]","[0, 1, 2]",C:\Users\Yin Kuan\OneDrive\桌面\Durham_CS\Research\TA-DVFG\results\nested_weak_cache\dblp\nested_weak18_dblp_hard_n18_useful3_seed45_party_preds.pt,c6f5a1edc09ad6a8ea193f338f82372b90356d26baf179fe0c2e17fc4959eb9b,f1a12ec2bf8d0339603ea7789584a7f719ef3147a81f6b73f3e2cf824858476a
DBLP,45,2,5,single_party_best,0.8869778513908386,0.8802312596601416,0,0,0,0,0,0,0.0,[],"[true, false, true, false, true]","[""APA"", ""RANDOM"", ""APCPA"", ""RANDOM"", ""APTPA""]","[0, 4, 1, 3, 2]",C:\Users\Yin Kuan\OneDrive\桌面\Durham_CS\Research\TA-DVFG\results\nested_weak_cache\dblp\nested_weak18_dblp_hard_n18_useful3_seed45_party_preds.pt,c6f5a1edc09ad6a8ea193f338f82372b90356d26baf179fe0c2e17fc4959eb9b,6b1f2b0d26c60dd300669fdb0c95ec32cb4851226566a2f0a6e443eb97a260bc
DBLP,45,2,5,topk_reliability_vote,0.8894348740577698,0.8816553907291649,0,0,81140,0,81140,0,0.0,[],"[true, false, true, false, true]","[""APA"", ""RANDOM"", ""APCPA"", ""RANDOM"", ""APTPA""]","[0, 4, 1, 3, 2]",C:\Users\Yin Kuan\OneDrive\桌面\Durham_CS\Research\TA-DVFG\results\nested_weak_cache\dblp\nested_weak18_dblp_hard_n18_useful3_seed45_party_preds.pt,c6f5a1edc09ad6a8ea193f338f82372b90356d26baf179fe0c2e17fc4959eb9b,6b1f2b0d26c60dd300669fdb0c95ec32cb4851226566a2f0a6e443eb97a260bc
DBLP,45,2,5,random_matched,0.8906633853912354,0.8829465951784529,5,162280,81140,0,243420,0,0.0,"[[0,1],[0,4],[1,3],[2,3],[2,4]]","[true, false, true, false, true]","[""APA"", ""RANDOM"", ""APCPA"", ""RANDOM"", ""APTPA""]","[0, 4, 1, 3, 2]",C:\Users\Yin Kuan\OneDrive\桌面\Durham_CS\Research\TA-DVFG\results\nested_weak_cache\dblp\nested_weak18_dblp_hard_n18_useful3_seed45_party_preds.pt,c6f5a1edc09ad6a8ea193f338f82372b90356d26baf179fe0c2e17fc4959eb9b,6b1f2b0d26c60dd300669fdb0c95ec32cb4851226566a2f0a6e443eb97a260bc
DBLP,45,2,5,adaptive_pair,0.8882063627243042,0.8805866804899228,4,129824,81140,4860000,210964,0,3.2260188000363996,"[[0,2],[0,4],[1,3],[2,4]]","[true, false, true, false, true]","[""APA"", ""RANDOM"", ""APCPA"", ""RANDOM"", ""APTPA""]","[0, 4, 1, 3, 2]",C:\Users\Yin Kuan\OneDrive\桌面\Durham_CS\Research\TA-DVFG\results\nested_weak_cache\dblp\nested_weak18_dblp_hard_n18_useful3_seed45_party_preds.pt,c6f5a1edc09ad6a8ea193f338f82372b90356d26baf179fe0c2e17fc4959eb9b,6b1f2b0d26c60dd300669fdb0c95ec32cb4851226566a2f0a6e443eb97a260bc
DBLP,45,2,5,adaptive_complementarity,0.8906633853912354,0.8821857435820855,4,129824,64912,4860000,194736,0,2.9051407000079053,"[[0,3],[0,4],[2,3],[2,4]]","[true, false, true, false, true]","[""APA"", ""RANDOM"", ""APCPA"", ""RANDOM"", ""APTPA""]","[0, 4, 1, 3, 2]",C:\Users\Yin Kuan\OneDrive\桌面\Durham_CS\Research\TA-DVFG\results\nested_weak_cache\dblp\nested_weak18_dblp_hard_n18_useful3_seed45_party_preds.pt,c6f5a1edc09ad6a8ea193f338f82372b90356d26baf179fe0c2e17fc4959eb9b,6b1f2b0d26c60dd300669fdb0c95ec32cb4851226566a2f0a6e443eb97a260bc
DBLP,45,2,5,full_mesh,0.8882063627243042,0.8796962011077962,10,324560,81140,0,405700,0,0.0,"[[0,1],[0,2],[0,3],[0,4],[1,2],[1,3],[1,4],[2,3],[2,4],[3,4]]","[true, false, true, false, true]","[""APA"", ""RANDOM"", ""APCPA"", ""RANDOM"", ""APTPA""]","[0, 4, 1, 3, 2]",C:\Users\Yin Kuan\OneDrive\桌面\Durham_CS\Research\TA-DVFG\results\nested_weak_cache\dblp\nested_weak18_dblp_hard_n18_useful3_seed45_party_preds.pt,c6f5a1edc09ad6a8ea193f338f82372b90356d26baf179fe0c2e17fc4959eb9b,6b1f2b0d26c60dd300669fdb0c95ec32cb4851226566a2f0a6e443eb97a260bc
DBLP,45,2,5,adaptive_graph_val,0.885749340057373,0.876438330928052,4,129824,64912,4860000,194736,8212,16.765157099900534,"[[0,1],[0,2],[1,4],[2,4]]","[true, false, true, false, true]","[""APA"", ""RANDOM"", ""APCPA"", ""RANDOM"", ""APTPA""]","[0, 4, 1, 3, 2]",C:\Users\Yin Kuan\OneDrive\桌面\Durham_CS\Research\TA-DVFG\results\nested_weak_cache\dblp\nested_weak18_dblp_hard_n18_useful3_seed45_party_preds.pt,c6f5a1edc09ad6a8ea193f338f82372b90356d26baf179fe0c2e17fc4959eb9b,6b1f2b0d26c60dd300669fdb0c95ec32cb4851226566a2f0a6e443eb97a260bc
DBLP,45,5,8,single_party_best,0.8869778513908386,0.8802312596601416,0,0,0,0,0,0,0.0,[],"[false, false, true, false, false, true, true, false]","[""RANDOM"", ""RANDOM"", ""APTPA"", ""RANDOM"", ""RANDOM"", ""APA"", ""APCPA"", ""RANDOM""]","[6, 4, 2, 5, 3, 0, 1, 7]",C:\Users\Yin Kuan\OneDrive\桌面\Durham_CS\Research\TA-DVFG\results\nested_weak_cache\dblp\nested_weak18_dblp_hard_n18_useful3_seed45_party_preds.pt,c6f5a1edc09ad6a8ea193f338f82372b90356d26baf179fe0c2e17fc4959eb9b,e06924966b7f81b6b8de3519ce60fe890284b78e4e677d1ba0fa74834b68c45f
DBLP,45,5,8,topk_reliability_vote,0.8869778513908386,0.8789152913208579,0,0,81140,0,81140,0,0.0,[],"[false, false, true, false, false, true, true, false]","[""RANDOM"", ""RANDOM"", ""APTPA"", ""RANDOM"", ""RANDOM"", ""APA"", ""APCPA"", ""RANDOM""]","[6, 4, 2, 5, 3, 0, 1, 7]",C:\Users\Yin Kuan\OneDrive\桌面\Durham_CS\Research\TA-DVFG\results\nested_weak_cache\dblp\nested_weak18_dblp_hard_n18_useful3_seed45_party_preds.pt,c6f5a1edc09ad6a8ea193f338f82372b90356d26baf179fe0c2e17fc4959eb9b,e06924966b7f81b6b8de3519ce60fe890284b78e4e677d1ba0fa74834b68c45f
DBLP,45,5,8,random_matched,0.8820638656616211,0.8730426636412602,5,162280,129824,0,292104,0,0.0,"[[0,6],[1,2],[3,7],[4,6],[5,7]]","[false, false, true, false, false, true, true, false]","[""RANDOM"", ""RANDOM"", ""APTPA"", ""RANDOM"", ""RANDOM"", ""APA"", ""APCPA"", ""RANDOM""]","[6, 4, 2, 5, 3, 0, 1, 7]",C:\Users\Yin Kuan\OneDrive\桌面\Durham_CS\Research\TA-DVFG\results\nested_weak_cache\dblp\nested_weak18_dblp_hard_n18_useful3_seed45_party_preds.pt,c6f5a1edc09ad6a8ea193f338f82372b90356d26baf179fe0c2e17fc4959eb9b,e06924966b7f81b6b8de3519ce60fe890284b78e4e677d1ba0fa74834b68c45f
DBLP,45,5,8,adaptive_pair,0.8820638656616211,0.8730062882657545,7,227192,113596,7776000,340788,0,7.523737500014249,"[[0,1],[0,4],[1,7],[2,5],[2,6],[4,7],[5,6]]","[false, false, true, false, false, true, true, false]","[""RANDOM"", ""RANDOM"", ""APTPA"", ""RANDOM"", ""RANDOM"", ""APA"", ""APCPA"", ""RANDOM""]","[6, 4, 2, 5, 3, 0, 1, 7]",C:\Users\Yin Kuan\OneDrive\桌面\Durham_CS\Research\TA-DVFG\results\nested_weak_cache\dblp\nested_weak18_dblp_hard_n18_useful3_seed45_party_preds.pt,c6f5a1edc09ad6a8ea193f338f82372b90356d26baf179fe0c2e17fc4959eb9b,e06924966b7f81b6b8de3519ce60fe890284b78e4e677d1ba0fa74834b68c45f
DBLP,45,5,8,adaptive_complementarity,0.885749340057373,0.8779357443534093,7,227192,113596,7776000,340788,0,8.634234399884008,"[[0,1],[0,2],[1,7],[2,5],[4,5],[4,6],[6,7]]","[false, false, true, false, false, true, true, false]","[""RANDOM"", ""RANDOM"", ""APTPA"", ""RANDOM"", ""RANDOM"", ""APA"", ""APCPA"", ""RANDOM""]","[6, 4, 2, 5, 3, 0, 1, 7]",C:\Users\Yin Kuan\OneDrive\桌面\Durham_CS\Research\TA-DVFG\results\nested_weak_cache\dblp\nested_weak18_dblp_hard_n18_useful3_seed45_party_preds.pt,c6f5a1edc09ad6a8ea193f338f82372b90356d26baf179fe0c2e17fc4959eb9b,e06924966b7f81b6b8de3519ce60fe890284b78e4e677d1ba0fa74834b68c45f
DBLP,45,5,8,full_mesh,0.8832923769950867,0.8737243759005798,28,908768,129824,0,1038592,0,0.0,"[[0,1],[0,2],[0,3],[0,4],[0,5],[0,6],[0,7],[1,2],[1,3],[1,4],[1,5],[1,6],[1,7],[2,3],[2,4],[2,5],[2,6],[2,7],[3,4],[3,5],[3,6],[3,7],[4,5],[4,6],[4,7],[5,6],[5,7],[6,7]]","[false, false, true, false, false, true, true, false]","[""RANDOM"", ""RANDOM"", ""APTPA"", ""RANDOM"", ""RANDOM"", ""APA"", ""APCPA"", ""RANDOM""]","[6, 4, 2, 5, 3, 0, 1, 7]",C:\Users\Yin Kuan\OneDrive\桌面\Durham_CS\Research\TA-DVFG\results\nested_weak_cache\dblp\nested_weak18_dblp_hard_n18_useful3_seed45_party_preds.pt,c6f5a1edc09ad6a8ea193f338f82372b90356d26baf179fe0c2e17fc4959eb9b,e06924966b7f81b6b8de3519ce60fe890284b78e4e677d1ba0fa74834b68c45f
DBLP,45,5,8,adaptive_graph_val,0.8894348740577698,0.8830352856694818,5,162280,97368,7776000,259648,31506,77.71341650010436,"[[0,4],[1,6],[2,4],[2,5],[5,6]]","[false, false, true, false, false, true, true, false]","[""RANDOM"", ""RANDOM"", ""APTPA"", ""RANDOM"", ""RANDOM"", ""APA"", ""APCPA"", ""RANDOM""]","[6, 4, 2, 5, 3, 0, 1, 7]",C:\Users\Yin Kuan\OneDrive\桌面\Durham_CS\Research\TA-DVFG\results\nested_weak_cache\dblp\nested_weak18_dblp_hard_n18_useful3_seed45_party_preds.pt,c6f5a1edc09ad6a8ea193f338f82372b90356d26baf179fe0c2e17fc4959eb9b,e06924966b7f81b6b8de3519ce60fe890284b78e4e677d1ba0fa74834b68c45f
DBLP,45,10,13,single_party_best,0.8869778513908386,0.8802312596601416,0,0,0,0,0,0,0.0,[],"[false, true, true, false, false, false, false, false, false, false, false, false, true]","[""RANDOM"", ""APCPA"", ""APA"", ""RANDOM"", ""RANDOM"", ""RANDOM"", ""RANDOM"", ""RANDOM"", ""RANDOM"", ""RANDOM"", ""RANDOM"", ""RANDOM"", ""APTPA""]","[4, 1, 0, 6, 11, 5, 7, 12, 9, 8, 3, 10, 2]",C:\Users\Yin Kuan\OneDrive\桌面\Durham_CS\Research\TA-DVFG\results\nested_weak_cache\dblp\nested_weak18_dblp_hard_n18_useful3_seed45_party_preds.pt,c6f5a1edc09ad6a8ea193f338f82372b90356d26baf179fe0c2e17fc4959eb9b,cf7d3767651801b17f2aff2fbf797f219ad058544fddd8f43fbb942f3b51646c
DBLP,45,10,13,topk_reliability_vote,0.8931203484535217,0.8861368773775922,0,0,81140,0,81140,0,0.0,[],"[false, true, true, false, false, false, false, false, false, false, false, false, true]","[""RANDOM"", ""APCPA"", ""APA"", ""RANDOM"", ""RANDOM"", ""RANDOM"", ""RANDOM"", ""RANDOM"", ""RANDOM"", ""RANDOM"", ""RANDOM"", ""RANDOM"", ""APTPA""]","[4, 1, 0, 6, 11, 5, 7, 12, 9, 8, 3, 10, 2]",C:\Users\Yin Kuan\OneDrive\桌面\Durham_CS\Research\TA-DVFG\results\nested_weak_cache\dblp\nested_weak18_dblp_hard_n18_useful3_seed45_party_preds.pt,c6f5a1edc09ad6a8ea193f338f82372b90356d26baf179fe0c2e17fc4959eb9b,cf7d3767651801b17f2aff2fbf797f219ad058544fddd8f43fbb942f3b51646c
DBLP,45,10,13,random_matched,0.3624078631401062,0.3035756627106113,5,162280,129824,0,292104,0,0.0,"[[0,3],[0,8],[2,9],[3,6],[7,11]]","[false, true, true, false, false, false, false, false, false, false, false, false, true]","[""RANDOM"", ""APCPA"", ""APA"", ""RANDOM"", ""RANDOM"", ""RANDOM"", ""RANDOM"", ""RANDOM"", ""RANDOM"", ""RANDOM"", ""RANDOM"", ""RANDOM"", ""APTPA""]","[4, 1, 0, 6, 11, 5, 7, 12, 9, 8, 3, 10, 2]",C:\Users\Yin Kuan\OneDrive\桌面\Durham_CS\Research\TA-DVFG\results\nested_weak_cache\dblp\nested_weak18_dblp_hard_n18_useful3_seed45_party_preds.pt,c6f5a1edc09ad6a8ea193f338f82372b90356d26baf179fe0c2e17fc4959eb9b,cf7d3767651801b17f2aff2fbf797f219ad058544fddd8f43fbb942f3b51646c
DBLP,45,10,13,adaptive_pair,0.8746928572654724,0.864562367603283,12,389472,194736,12636000,584208,0,22.868870899968897,"[[0,3],[0,11],[1,2],[1,12],[2,12],[3,7],[4,6],[4,9],[6,10],[7,8],[8,9],[10,11]]","[false, true, true, false, false, false, false, false, false, false, false, false, true]","[""RANDOM"", ""APCPA"", ""APA"", ""RANDOM"", ""RANDOM"", ""RANDOM"", ""RANDOM"", ""RANDOM"", ""RANDOM"", ""RANDOM"", ""RANDOM"", ""RANDOM"", ""APTPA""]","[4, 1, 0, 6, 11, 5, 7, 12, 9, 8, 3, 10, 2]",C:\Users\Yin Kuan\OneDrive\桌面\Durham_CS\Research\TA-DVFG\results\nested_weak_cache\dblp\nested_weak18_dblp_hard_n18_useful3_seed45_party_preds.pt,c6f5a1edc09ad6a8ea193f338f82372b90356d26baf179fe0c2e17fc4959eb9b,cf7d3767651801b17f2aff2fbf797f219ad058544fddd8f43fbb942f3b51646c
DBLP,45,10,13,adaptive_complementarity,0.8697788715362549,0.8593812511623226,12,389472,194736,12636000,584208,0,20.030030200083274,"[[0,3],[0,8],[1,8],[1,10],[2,10],[2,12],[3,12],[4,7],[4,9],[6,9],[6,11],[7,11]]","[false, true, true, false, false, false, false, false, false, false, false, false, true]","[""RANDOM"", ""APCPA"", ""APA"", ""RANDOM"", ""RANDOM"", ""RANDOM"", ""RANDOM"", ""RANDOM"", ""RANDOM"", ""RANDOM"", ""RANDOM"", ""RANDOM"", ""APTPA""]","[4, 1, 0, 6, 11, 5, 7, 12, 9, 8, 3, 10, 2]",C:\Users\Yin Kuan\OneDrive\桌面\Durham_CS\Research\TA-DVFG\results\nested_weak_cache\dblp\nested_weak18_dblp_hard_n18_useful3_seed45_party_preds.pt,c6f5a1edc09ad6a8ea193f338f82372b90356d26baf179fe0c2e17fc4959eb9b,cf7d3767651801b17f2aff2fbf797f219ad058544fddd8f43fbb942f3b51646c
DBLP,45,10,13,full_mesh,0.875921368598938,0.866707623380927,78,2531568,210964,0,2742532,0,0.0,"[[0,1],[0,2],[0,3],[0,4],[0,5],[0,6],[0,7],[0,8],[0,9],[0,10],[0,11],[0,12],[1,2],[1,3],[1,4],[1,5],[1,6],[1,7],[1,8],[1,9],[1,10],[1,11],[1,12],[2,3],[2,4],[2,5],[2,6],[2,7],[2,8],[2,9],[2,10],[2,11],[2,12],[3,4],[3,5],[3,6],[3,7],[3,8],[3,9],[3,10],[3,11],[3,12],[4,5],[4,6],[4,7],[4,8],[4,9],[4,10],[4,11],[4,12],[5,6],[5,7],[5,8],[5,9],[5,10],[5,11],[5,12],[6,7],[6,8],[6,9],[6,10],[6,11],[6,12],[7,8],[7,9],[7,10],[7,11],[7,12],[8,9],[8,10],[8,11],[8,12],[9,10],[9,11],[9,12],[10,11],[10,12],[11,12]]","[false, true, true, false, false, false, false, false, false, false, false, false, true]","[""RANDOM"", ""APCPA"", ""APA"", ""RANDOM"", ""RANDOM"", ""RANDOM"", ""RANDOM"", ""RANDOM"", ""RANDOM"", ""RANDOM"", ""RANDOM"", ""RANDOM"", ""APTPA""]","[4, 1, 0, 6, 11, 5, 7, 12, 9, 8, 3, 10, 2]",C:\Users\Yin Kuan\OneDrive\桌面\Durham_CS\Research\TA-DVFG\results\nested_weak_cache\dblp\nested_weak18_dblp_hard_n18_useful3_seed45_party_preds.pt,c6f5a1edc09ad6a8ea193f338f82372b90356d26baf179fe0c2e17fc4959eb9b,cf7d3767651801b17f2aff2fbf797f219ad058544fddd8f43fbb942f3b51646c
DBLP,45,10,13,adaptive_graph_val,0.8882063627243042,0.8817229297416012,5,162280,97368,12636000,259648,109689,374.40677380005945,"[[1,2],[1,3],[2,9],[4,10],[9,10]]","[false, true, true, false, false, false, false, false, false, false, false, false, true]","[""RANDOM"", ""APCPA"", ""APA"", ""RANDOM"", ""RANDOM"", ""RANDOM"", ""RANDOM"", ""RANDOM"", ""RANDOM"", ""RANDOM"", ""RANDOM"", ""RANDOM"", ""APTPA""]","[4, 1, 0, 6, 11, 5, 7, 12, 9, 8, 3, 10, 2]",C:\Users\Yin Kuan\OneDrive\桌面\Durham_CS\Research\TA-DVFG\results\nested_weak_cache\dblp\nested_weak18_dblp_hard_n18_useful3_seed45_party_preds.pt,c6f5a1edc09ad6a8ea193f338f82372b90356d26baf179fe0c2e17fc4959eb9b,cf7d3767651801b17f2aff2fbf797f219ad058544fddd8f43fbb942f3b51646c
DBLP,45,15,18,single_party_best,0.8869778513908386,0.8802312596601416,0,0,0,0,0,0,0.0,[],"[true, false, false, false, false, false, false, false, false, false, false, false, false, true, false, false, true, false]","[""APA"", ""RANDOM"", ""RANDOM"", ""RANDOM"", ""RANDOM"", ""RANDOM"", ""RANDOM"", ""RANDOM"", ""RANDOM"", ""RANDOM"", ""RANDOM"", ""RANDOM"", ""RANDOM"", ""APCPA"", ""RANDOM"", ""RANDOM"", ""APTPA"", ""RANDOM""]","[0, 12, 6, 3, 11, 13, 15, 5, 4, 8, 10, 17, 7, 1, 14, 16, 2, 9]",C:\Users\Yin Kuan\OneDrive\桌面\Durham_CS\Research\TA-DVFG\results\nested_weak_cache\dblp\nested_weak18_dblp_hard_n18_useful3_seed45_party_preds.pt,c6f5a1edc09ad6a8ea193f338f82372b90356d26baf179fe0c2e17fc4959eb9b,a8c2fdef8a0d4043106e6f9e48dc9322ff6629e1342fe2987632216f1acb88bb
DBLP,45,15,18,topk_reliability_vote,0.898034393787384,0.8913214058062087,0,0,81140,0,81140,0,0.0,[],"[true, false, false, false, false, false, false, false, false, false, false, false, false, true, false, false, true, false]","[""APA"", ""RANDOM"", ""RANDOM"", ""RANDOM"", ""RANDOM"", ""RANDOM"", ""RANDOM"", ""RANDOM"", ""RANDOM"", ""RANDOM"", ""RANDOM"", ""RANDOM"", ""RANDOM"", ""APCPA"", ""RANDOM"", ""RANDOM"", ""APTPA"", ""RANDOM""]","[0, 12, 6, 3, 11, 13, 15, 5, 4, 8, 10, 17, 7, 1, 14, 16, 2, 9]",C:\Users\Yin Kuan\OneDrive\桌面\Durham_CS\Research\TA-DVFG\results\nested_weak_cache\dblp\nested_weak18_dblp_hard_n18_useful3_seed45_party_preds.pt,c6f5a1edc09ad6a8ea193f338f82372b90356d26baf179fe0c2e17fc4959eb9b,a8c2fdef8a0d4043106e6f9e48dc9322ff6629e1342fe2987632216f1acb88bb
DBLP,45,15,18,random_matched,0.8808353543281555,0.8738467704263527,5,162280,129824,0,292104,0,0.0,"[[1,16],[3,10],[3,17],[4,13],[10,14]]","[true, false, false, false, false, false, false, false, false, false, false, false, false, true, false, false, true, false]","[""APA"", ""RANDOM"", ""RANDOM"", ""RANDOM"", ""RANDOM"", ""RANDOM"", ""RANDOM"", ""RANDOM"", ""RANDOM"", ""RANDOM"", ""RANDOM"", ""RANDOM"", ""RANDOM"", ""APCPA"", ""RANDOM"", ""RANDOM"", ""APTPA"", ""RANDOM""]","[0, 12, 6, 3, 11, 13, 15, 5, 4, 8, 10, 17, 7, 1, 14, 16, 2, 9]",C:\Users\Yin Kuan\OneDrive\桌面\Durham_CS\Research\TA-DVFG\results\nested_weak_cache\dblp\nested_weak18_dblp_hard_n18_useful3_seed45_party_preds.pt,c6f5a1edc09ad6a8ea193f338f82372b90356d26baf179fe0c2e17fc4959eb9b,a8c2fdef8a0d4043106e6f9e48dc9322ff6629e1342fe2987632216f1acb88bb
DBLP,45,15,18,adaptive_pair,0.8624078631401062,0.8465516873725906,15,486840,243420,17496000,730260,0,44.12414980000176,"[[0,13],[0,16],[1,10],[1,17],[2,8],[2,12],[3,6],[3,12],[4,6],[4,14],[8,11],[10,11],[13,16],[14,15],[15,17]]","[true, false, false, false, false, false, false, false, false, false, false, false, false, true, false, false, true, false]","[""APA"", ""RANDOM"", ""RANDOM"", ""RANDOM"", ""RANDOM"", ""RANDOM"", ""RANDOM"", ""RANDOM"", ""RANDOM"", ""RANDOM"", ""RANDOM"", ""RANDOM"", ""RANDOM"", ""APCPA"", ""RANDOM"", ""RANDOM"", ""APTPA"", ""RANDOM""]","[0, 12, 6, 3, 11, 13, 15, 5, 4, 8, 10, 17, 7, 1, 14, 16, 2, 9]",C:\Users\Yin Kuan\OneDrive\桌面\Durham_CS\Research\TA-DVFG\results\nested_weak_cache\dblp\nested_weak18_dblp_hard_n18_useful3_seed45_party_preds.pt,c6f5a1edc09ad6a8ea193f338f82372b90356d26baf179fe0c2e17fc4959eb9b,a8c2fdef8a0d4043106e6f9e48dc9322ff6629e1342fe2987632216f1acb88bb
DBLP,45,15,18,adaptive_complementarity,0.8513513207435608,0.8372528004413082,15,486840,243420,17496000,730260,0,42.95702840006561,"[[0,3],[0,16],[1,3],[1,10],[2,8],[2,11],[4,8],[4,11],[5,6],[5,13],[6,17],[10,15],[13,14],[14,16],[15,17]]","[true, false, false, false, false, false, false, false, false, false, false, false, false, true, false, false, true, false]","[""APA"", ""RANDOM"", ""RANDOM"", ""RANDOM"", ""RANDOM"", ""RANDOM"", ""RANDOM"", ""RANDOM"", ""RANDOM"", ""RANDOM"", ""RANDOM"", ""RANDOM"", ""RANDOM"", ""APCPA"", ""RANDOM"", ""RANDOM"", ""APTPA"", ""RANDOM""]","[0, 12, 6, 3, 11, 13, 15, 5, 4, 8, 10, 17, 7, 1, 14, 16, 2, 9]",C:\Users\Yin Kuan\OneDrive\桌面\Durham_CS\Research\TA-DVFG\results\nested_weak_cache\dblp\nested_weak18_dblp_hard_n18_useful3_seed45_party_preds.pt,c6f5a1edc09ad6a8ea193f338f82372b90356d26baf179fe0c2e17fc4959eb9b,a8c2fdef8a0d4043106e6f9e48dc9322ff6629e1342fe2987632216f1acb88bb
DBLP,45,15,18,full_mesh,0.8550368547439575,0.8377007097432174,153,4965768,292104,0,5257872,0,0.0,"[[0,1],[0,2],[0,3],[0,4],[0,5],[0,6],[0,7],[0,8],[0,9],[0,10],[0,11],[0,12],[0,13],[0,14],[0,15],[0,16],[0,17],[1,2],[1,3],[1,4],[1,5],[1,6],[1,7],[1,8],[1,9],[1,10],[1,11],[1,12],[1,13],[1,14],[1,15],[1,16],[1,17],[2,3],[2,4],[2,5],[2,6],[2,7],[2,8],[2,9],[2,10],[2,11],[2,12],[2,13],[2,14],[2,15],[2,16],[2,17],[3,4],[3,5],[3,6],[3,7],[3,8],[3,9],[3,10],[3,11],[3,12],[3,13],[3,14],[3,15],[3,16],[3,17],[4,5],[4,6],[4,7],[4,8],[4,9],[4,10],[4,11],[4,12],[4,13],[4,14],[4,15],[4,16],[4,17],[5,6],[5,7],[5,8],[5,9],[5,10],[5,11],[5,12],[5,13],[5,14],[5,15],[5,16],[5,17],[6,7],[6,8],[6,9],[6,10],[6,11],[6,12],[6,13],[6,14],[6,15],[6,16],[6,17],[7,8],[7,9],[7,10],[7,11],[7,12],[7,13],[7,14],[7,15],[7,16],[7,17],[8,9],[8,10],[8,11],[8,12],[8,13],[8,14],[8,15],[8,16],[8,17],[9,10],[9,11],[9,12],[9,13],[9,14],[9,15],[9,16],[9,17],[10,11],[10,12],[10,13],[10,14],[10,15],[10,16],[10,17],[11,12],[11,13],[11,14],[11,15],[11,16],[11,17],[12,13],[12,14],[12,15],[12,16],[12,17],[13,14],[13,15],[13,16],[13,17],[14,15],[14,16],[14,17],[15,16],[15,17],[16,17]]","[true, false, false, false, false, false, false, false, false, false, false, false, false, true, false, false, true, false]","[""APA"", ""RANDOM"", ""RANDOM"", ""RANDOM"", ""RANDOM"", ""RANDOM"", ""RANDOM"", ""RANDOM"", ""RANDOM"", ""RANDOM"", ""RANDOM"", ""RANDOM"", ""RANDOM"", ""APCPA"", ""RANDOM"", ""RANDOM"", ""APTPA"", ""RANDOM""]","[0, 12, 6, 3, 11, 13, 15, 5, 4, 8, 10, 17, 7, 1, 14, 16, 2, 9]",C:\Users\Yin Kuan\OneDrive\桌面\Durham_CS\Research\TA-DVFG\results\nested_weak_cache\dblp\nested_weak18_dblp_hard_n18_useful3_seed45_party_preds.pt,c6f5a1edc09ad6a8ea193f338f82372b90356d26baf179fe0c2e17fc4959eb9b,a8c2fdef8a0d4043106e6f9e48dc9322ff6629e1342fe2987632216f1acb88bb
DBLP,45,15,18,adaptive_graph_val,0.8906633853912354,0.8842989964699007,5,162280,97368,17496000,259648,235783,947.6397509001108,"[[0,3],[0,13],[3,16],[5,13],[11,16]]","[true, false, false, false, false, false, false, false, false, false, false, false, false, true, false, false, true, false]","[""APA"", ""RANDOM"", ""RANDOM"", ""RANDOM"", ""RANDOM"", ""RANDOM"", ""RANDOM"", ""RANDOM"", ""RANDOM"", ""RANDOM"", ""RANDOM"", ""RANDOM"", ""RANDOM"", ""APCPA"", ""RANDOM"", ""RANDOM"", ""APTPA"", ""RANDOM""]","[0, 12, 6, 3, 11, 13, 15, 5, 4, 8, 10, 17, 7, 1, 14, 16, 2, 9]",C:\Users\Yin Kuan\OneDrive\桌面\Durham_CS\Research\TA-DVFG\results\nested_weak_cache\dblp\nested_weak18_dblp_hard_n18_useful3_seed45_party_preds.pt,c6f5a1edc09ad6a8ea193f338f82372b90356d26baf179fe0c2e17fc4959eb9b,a8c2fdef8a0d4043106e6f9e48dc9322ff6629e1342fe2987632216f1acb88bb
DBLP,46,0,3,single_party_best,0.875921368598938,0.8656082217380694,0,0,0,0,0,0,0.0,[],"[true, true, true]","[""APCPA"", ""APA"", ""APTPA""]","[1, 0, 2]",C:\Users\Yin Kuan\OneDrive\桌面\Durham_CS\Research\TA-DVFG\results\nested_weak_cache\dblp\nested_weak18_dblp_hard_n18_useful3_seed46_party_preds.pt,b86bf90af452208750a58b7d597cfb2f947ff75ca61d3d13746977ac5e226d0a,55c8e156fc9c1c439057c5222670885fc279411f2981abab16b0b2f846068a22
DBLP,46,0,3,topk_reliability_vote,0.8746928572654724,0.8625376251399065,0,0,48684,0,48684,0,0.0,[],"[true, true, true]","[""APCPA"", ""APA"", ""APTPA""]","[1, 0, 2]",C:\Users\Yin Kuan\OneDrive\桌面\Durham_CS\Research\TA-DVFG\results\nested_weak_cache\dblp\nested_weak18_dblp_hard_n18_useful3_seed46_party_preds.pt,b86bf90af452208750a58b7d597cfb2f947ff75ca61d3d13746977ac5e226d0a,55c8e156fc9c1c439057c5222670885fc279411f2981abab16b0b2f846068a22
DBLP,46,0,3,random_matched,0.8808353543281555,0.8703063392383571,3,97368,48684,0,146052,0,0.0,"[[0,1],[0,2],[1,2]]","[true, true, true]","[""APCPA"", ""APA"", ""APTPA""]","[1, 0, 2]",C:\Users\Yin Kuan\OneDrive\桌面\Durham_CS\Research\TA-DVFG\results\nested_weak_cache\dblp\nested_weak18_dblp_hard_n18_useful3_seed46_party_preds.pt,b86bf90af452208750a58b7d597cfb2f947ff75ca61d3d13746977ac5e226d0a,55c8e156fc9c1c439057c5222670885fc279411f2981abab16b0b2f846068a22
DBLP,46,0,3,adaptive_pair,0.8808353543281555,0.8703063392383571,3,97368,48684,2916000,146052,0,1.0918980998831103,"[[0,1],[0,2],[1,2]]","[true, true, true]","[""APCPA"", ""APA"", ""APTPA""]","[1, 0, 2]",C:\Users\Yin Kuan\OneDrive\桌面\Durham_CS\Research\TA-DVFG\results\nested_weak_cache\dblp\nested_weak18_dblp_hard_n18_useful3_seed46_party_preds.pt,b86bf90af452208750a58b7d597cfb2f947ff75ca61d3d13746977ac5e226d0a,55c8e156fc9c1c439057c5222670885fc279411f2981abab16b0b2f846068a22
DBLP,46,0,3,adaptive_complementarity,0.8808353543281555,0.8703063392383571,3,97368,48684,2916000,146052,0,1.0570141998614417,"[[0,1],[0,2],[1,2]]","[true, true, true]","[""APCPA"", ""APA"", ""APTPA""]","[1, 0, 2]",C:\Users\Yin Kuan\OneDrive\桌面\Durham_CS\Research\TA-DVFG\results\nested_weak_cache\dblp\nested_weak18_dblp_hard_n18_useful3_seed46_party_preds.pt,b86bf90af452208750a58b7d597cfb2f947ff75ca61d3d13746977ac5e226d0a,55c8e156fc9c1c439057c5222670885fc279411f2981abab16b0b2f846068a22
DBLP,46,0,3,full_mesh,0.8808353543281555,0.8703063392383571,3,97368,48684,0,146052,0,0.0,"[[0,1],[0,2],[1,2]]","[true, true, true]","[""APCPA"", ""APA"", ""APTPA""]","[1, 0, 2]",C:\Users\Yin Kuan\OneDrive\桌面\Durham_CS\Research\TA-DVFG\results\nested_weak_cache\dblp\nested_weak18_dblp_hard_n18_useful3_seed46_party_preds.pt,b86bf90af452208750a58b7d597cfb2f947ff75ca61d3d13746977ac5e226d0a,55c8e156fc9c1c439057c5222670885fc279411f2981abab16b0b2f846068a22
DBLP,46,0,3,adaptive_graph_val,0.8808353543281555,0.8703063392383571,3,97368,48684,2916000,146052,1800,3.5611557999945944,"[[0,1],[0,2],[1,2]]","[true, true, true]","[""APCPA"", ""APA"", ""APTPA""]","[1, 0, 2]",C:\Users\Yin Kuan\OneDrive\桌面\Durham_CS\Research\TA-DVFG\results\nested_weak_cache\dblp\nested_weak18_dblp_hard_n18_useful3_seed46_party_preds.pt,b86bf90af452208750a58b7d597cfb2f947ff75ca61d3d13746977ac5e226d0a,55c8e156fc9c1c439057c5222670885fc279411f2981abab16b0b2f846068a22
DBLP,46,2,5,single_party_best,0.875921368598938,0.8656082217380694,0,0,0,0,0,0,0.0,[],"[true, false, true, true, false]","[""APCPA"", ""RANDOM"", ""APTPA"", ""APA"", ""RANDOM""]","[1, 3, 2, 0, 4]",C:\Users\Yin Kuan\OneDrive\桌面\Durham_CS\Research\TA-DVFG\results\nested_weak_cache\dblp\nested_weak18_dblp_hard_n18_useful3_seed46_party_preds.pt,b86bf90af452208750a58b7d597cfb2f947ff75ca61d3d13746977ac5e226d0a,6fccb88f001da6fe2847721a9e134f096a21db3bd545d53fe1150c9a2e8460b9
DBLP,46,2,5,topk_reliability_vote,0.8734643459320068,0.8610860343031579,0,0,81140,0,81140,0,0.0,[],"[true, false, true, true, false]","[""APCPA"", ""RANDOM"", ""APTPA"", ""APA"", ""RANDOM""]","[1, 3, 2, 0, 4]",C:\Users\Yin Kuan\OneDrive\桌面\Durham_CS\Research\TA-DVFG\results\nested_weak_cache\dblp\nested_weak18_dblp_hard_n18_useful3_seed46_party_preds.pt,b86bf90af452208750a58b7d597cfb2f947ff75ca61d3d13746977ac5e226d0a,6fccb88f001da6fe2847721a9e134f096a21db3bd545d53fe1150c9a2e8460b9
DBLP,46,2,5,random_matched,0.8771498799324036,0.8651111726516512,5,162280,81140,0,243420,0,0.0,"[[0,3],[0,4],[1,2],[1,3],[2,4]]","[true, false, true, true, false]","[""APCPA"", ""RANDOM"", ""APTPA"", ""APA"", ""RANDOM""]","[1, 3, 2, 0, 4]",C:\Users\Yin Kuan\OneDrive\桌面\Durham_CS\Research\TA-DVFG\results\nested_weak_cache\dblp\nested_weak18_dblp_hard_n18_useful3_seed46_party_preds.pt,b86bf90af452208750a58b7d597cfb2f947ff75ca61d3d13746977ac5e226d0a,6fccb88f001da6fe2847721a9e134f096a21db3bd545d53fe1150c9a2e8460b9
DBLP,46,2,5,adaptive_pair,0.8771498799324036,0.8653074074672484,4,129824,81140,4860000,210964,0,3.30003800013219,"[[0,2],[0,3],[1,4],[2,3]]","[true, false, true, true, false]","[""APCPA"", ""RANDOM"", ""APTPA"", ""APA"", ""RANDOM""]","[1, 3, 2, 0, 4]",C:\Users\Yin Kuan\OneDrive\桌面\Durham_CS\Research\TA-DVFG\results\nested_weak_cache\dblp\nested_weak18_dblp_hard_n18_useful3_seed46_party_preds.pt,b86bf90af452208750a58b7d597cfb2f947ff75ca61d3d13746977ac5e226d0a,6fccb88f001da6fe2847721a9e134f096a21db3bd545d53fe1150c9a2e8460b9
DBLP,46,2,5,adaptive_complementarity,0.8734643459320068,0.8614639010830475,5,162280,81140,4860000,243420,0,3.3665318000130355,"[[0,2],[0,4],[1,3],[1,4],[2,3]]","[true, false, true, true, false]","[""APCPA"", ""RANDOM"", ""APTPA"", ""APA"", ""RANDOM""]","[1, 3, 2, 0, 4]",C:\Users\Yin Kuan\OneDrive\桌面\Durham_CS\Research\TA-DVFG\results\nested_weak_cache\dblp\nested_weak18_dblp_hard_n18_useful3_seed46_party_preds.pt,b86bf90af452208750a58b7d597cfb2f947ff75ca61d3d13746977ac5e226d0a,6fccb88f001da6fe2847721a9e134f096a21db3bd545d53fe1150c9a2e8460b9
DBLP,46,2,5,full_mesh,0.8771498799324036,0.8652457732138121,10,324560,81140,0,405700,0,0.0,"[[0,1],[0,2],[0,3],[0,4],[1,2],[1,3],[1,4],[2,3],[2,4],[3,4]]","[true, false, true, true, false]","[""APCPA"", ""RANDOM"", ""APTPA"", ""APA"", ""RANDOM""]","[1, 3, 2, 0, 4]",C:\Users\Yin Kuan\OneDrive\桌面\Durham_CS\Research\TA-DVFG\results\nested_weak_cache\dblp\nested_weak18_dblp_hard_n18_useful3_seed46_party_preds.pt,b86bf90af452208750a58b7d597cfb2f947ff75ca61d3d13746977ac5e226d0a,6fccb88f001da6fe2847721a9e134f096a21db3bd545d53fe1150c9a2e8460b9
DBLP,46,2,5,adaptive_graph_val,0.8771498799324036,0.8653074074672484,4,129824,81140,4860000,210964,8032,20.270418600033736,"[[0,2],[0,3],[1,4],[2,3]]","[true, false, true, true, false]","[""APCPA"", ""RANDOM"", ""APTPA"", ""APA"", ""RANDOM""]","[1, 3, 2, 0, 4]",C:\Users\Yin Kuan\OneDrive\桌面\Durham_CS\Research\TA-DVFG\results\nested_weak_cache\dblp\nested_weak18_dblp_hard_n18_useful3_seed46_party_preds.pt,b86bf90af452208750a58b7d597cfb2f947ff75ca61d3d13746977ac5e226d0a,6fccb88f001da6fe2847721a9e134f096a21db3bd545d53fe1150c9a2e8460b9
DBLP,46,5,8,single_party_best,0.875921368598938,0.8656082217380694,0,0,0,0,0,0,0.0,[],"[true, false, true, false, false, false, false, true]","[""APA"", ""RANDOM"", ""APTPA"", ""RANDOM"", ""RANDOM"", ""RANDOM"", ""RANDOM"", ""APCPA""]","[0, 5, 2, 4, 7, 3, 6, 1]",C:\Users\Yin Kuan\OneDrive\桌面\Durham_CS\Research\TA-DVFG\results\nested_weak_cache\dblp\nested_weak18_dblp_hard_n18_useful3_seed46_party_preds.pt,b86bf90af452208750a58b7d597cfb2f947ff75ca61d3d13746977ac5e226d0a,15bf52150743dfeb9fe492c02c3c185bc60640c94357a205cdbb6285552fa14f
DBLP,46,5,8,topk_reliability_vote,0.8710073828697205,0.857753522771207,0,0,81140,0,81140,0,0.0,[],"[true, false, true, false, false, false, false, true]","[""APA"", ""RANDOM"", ""APTPA"", ""RANDOM"", ""RANDOM"", ""RANDOM"", ""RANDOM"", ""APCPA""]","[0, 5, 2, 4, 7, 3, 6, 1]",C:\Users\Yin Kuan\OneDrive\桌面\Durham_CS\Research\TA-DVFG\results\nested_weak_cache\dblp\nested_weak18_dblp_hard_n18_useful3_seed46_party_preds.pt,b86bf90af452208750a58b7d597cfb2f947ff75ca61d3d13746977ac5e226d0a,15bf52150743dfeb9fe492c02c3c185bc60640c94357a205cdbb6285552fa14f
DBLP,46,5,8,random_matched,0.3636363446712494,0.298524769237923,5,162280,113596,0,275876,0,0.0,"[[0,1],[0,6],[1,6],[2,4],[3,5]]","[true, false, true, false, false, false, false, true]","[""APA"", ""RANDOM"", ""APTPA"", ""RANDOM"", ""RANDOM"", ""RANDOM"", ""RANDOM"", ""APCPA""]","[0, 5, 2, 4, 7, 3, 6, 1]",C:\Users\Yin Kuan\OneDrive\桌面\Durham_CS\Research\TA-DVFG\results\nested_weak_cache\dblp\nested_weak18_dblp_hard_n18_useful3_seed46_party_preds.pt,b86bf90af452208750a58b7d597cfb2f947ff75ca61d3d13746977ac5e226d0a,15bf52150743dfeb9fe492c02c3c185bc60640c94357a205cdbb6285552fa14f
DBLP,46,5,8,adaptive_pair,0.859950840473175,0.8431482628653224,7,227192,113596,7776000,340788,0,8.258373699922231,"[[0,2],[0,7],[2,7],[3,5],[3,6],[4,5],[4,6]]","[true, false, true, false, false, false, false, true]","[""APA"", ""RANDOM"", ""APTPA"", ""RANDOM"", ""RANDOM"", ""RANDOM"", ""RANDOM"", ""APCPA""]","[0, 5, 2, 4, 7, 3, 6, 1]",C:\Users\Yin Kuan\OneDrive\桌面\Durham_CS\Research\TA-DVFG\results\nested_weak_cache\dblp\nested_weak18_dblp_hard_n18_useful3_seed46_party_preds.pt,b86bf90af452208750a58b7d597cfb2f947ff75ca61d3d13746977ac5e226d0a,15bf52150743dfeb9fe492c02c3c185bc60640c94357a205cdbb6285552fa14f
DBLP,46,5,8,adaptive_complementarity,0.8550368547439575,0.8365498477295636,7,227192,113596,7776000,340788,0,8.634408999903826,"[[0,1],[0,2],[1,5],[2,6],[3,5],[3,7],[6,7]]","[true, false, true, false, false, false, false, true]","[""APA"", ""RANDOM"", ""APTPA"", ""RANDOM"", ""RANDOM"", ""RANDOM"", ""RANDOM"", ""APCPA""]","[0, 5, 2, 4, 7, 3, 6, 1]",C:\Users\Yin Kuan\OneDrive\桌面\Durham_CS\Research\TA-DVFG\results\nested_weak_cache\dblp\nested_weak18_dblp_hard_n18_useful3_seed46_party_preds.pt,b86bf90af452208750a58b7d597cfb2f947ff75ca61d3d13746977ac5e226d0a,15bf52150743dfeb9fe492c02c3c185bc60640c94357a205cdbb6285552fa14f
DBLP,46,5,8,full_mesh,0.8574938178062439,0.8411362248546987,28,908768,129824,0,1038592,0,0.0,"[[0,1],[0,2],[0,3],[0,4],[0,5],[0,6],[0,7],[1,2],[1,3],[1,4],[1,5],[1,6],[1,7],[2,3],[2,4],[2,5],[2,6],[2,7],[3,4],[3,5],[3,6],[3,7],[4,5],[4,6],[4,7],[5,6],[5,7],[6,7]]","[true, false, true, false, false, false, false, true]","[""APA"", ""RANDOM"", ""APTPA"", ""RANDOM"", ""RANDOM"", ""RANDOM"", ""RANDOM"", ""APCPA""]","[0, 5, 2, 4, 7, 3, 6, 1]",C:\Users\Yin Kuan\OneDrive\桌面\Durham_CS\Research\TA-DVFG\results\nested_weak_cache\dblp\nested_weak18_dblp_hard_n18_useful3_seed46_party_preds.pt,b86bf90af452208750a58b7d597cfb2f947ff75ca61d3d13746977ac5e226d0a,15bf52150743dfeb9fe492c02c3c185bc60640c94357a205cdbb6285552fa14f
DBLP,46,5,8,adaptive_graph_val,0.8710073828697205,0.858036960844077,5,162280,97368,7776000,259648,31170,85.36249710008269,"[[0,6],[0,7],[1,2],[2,7],[4,6]]","[true, false, true, false, false, false, false, true]","[""APA"", ""RANDOM"", ""APTPA"", ""RANDOM"", ""RANDOM"", ""RANDOM"", ""RANDOM"", ""APCPA""]","[0, 5, 2, 4, 7, 3, 6, 1]",C:\Users\Yin Kuan\OneDrive\桌面\Durham_CS\Research\TA-DVFG\results\nested_weak_cache\dblp\nested_weak18_dblp_hard_n18_useful3_seed46_party_preds.pt,b86bf90af452208750a58b7d597cfb2f947ff75ca61d3d13746977ac5e226d0a,15bf52150743dfeb9fe492c02c3c185bc60640c94357a205cdbb6285552fa14f
DBLP,46,10,13,single_party_best,0.875921368598938,0.8656082217380694,0,0,0,0,0,0,0.0,[],"[true, false, false, false, false, false, false, true, false, true, false, false, false]","[""APA"", ""RANDOM"", ""RANDOM"", ""RANDOM"", ""RANDOM"", ""RANDOM"", ""RANDOM"", ""APCPA"", ""RANDOM"", ""APTPA"", ""RANDOM"", ""RANDOM"", ""RANDOM""]","[0, 4, 10, 11, 9, 3, 12, 1, 6, 2, 8, 5, 7]",C:\Users\Yin Kuan\OneDrive\桌面\Durham_CS\Research\TA-DVFG\results\nested_weak_cache\dblp\nested_weak18_dblp_hard_n18_useful3_seed46_party_preds.pt,b86bf90af452208750a58b7d597cfb2f947ff75ca61d3d13746977ac5e226d0a,a6555966b9e30511baa72750ad0fba6250e8617df931963fbb07550495f1c1b7
DBLP,46,10,13,topk_reliability_vote,0.8710073828697205,0.857753522771207,0,0,81140,0,81140,0,0.0,[],"[true, false, false, false, false, false, false, true, false, true, false, false, false]","[""APA"", ""RANDOM"", ""RANDOM"", ""RANDOM"", ""RANDOM"", ""RANDOM"", ""RANDOM"", ""APCPA"", ""RANDOM"", ""APTPA"", ""RANDOM"", ""RANDOM"", ""RANDOM""]","[0, 4, 10, 11, 9, 3, 12, 1, 6, 2, 8, 5, 7]",C:\Users\Yin Kuan\OneDrive\桌面\Durham_CS\Research\TA-DVFG\results\nested_weak_cache\dblp\nested_weak18_dblp_hard_n18_useful3_seed46_party_preds.pt,b86bf90af452208750a58b7d597cfb2f947ff75ca61d3d13746977ac5e226d0a,a6555966b9e30511baa72750ad0fba6250e8617df931963fbb07550495f1c1b7
DBLP,46,10,13,random_matched,0.27764126658439636,0.22568787876852053,5,162280,146052,0,308332,0,0.0,"[[1,8],[2,12],[3,9],[5,9],[6,11]]","[true, false, false, false, false, false, false, true, false, true, false, false, false]","[""APA"", ""RANDOM"", ""RANDOM"", ""RANDOM"", ""RANDOM"", ""RANDOM"", ""RANDOM"", ""APCPA"", ""RANDOM"", ""APTPA"", ""RANDOM"", ""RANDOM"", ""RANDOM""]","[0, 4, 10, 11, 9, 3, 12, 1, 6, 2, 8, 5, 7]",C:\Users\Yin Kuan\OneDrive\桌面\Durham_CS\Research\TA-DVFG\results\nested_weak_cache\dblp\nested_weak18_dblp_hard_n18_useful3_seed46_party_preds.pt,b86bf90af452208750a58b7d597cfb2f947ff75ca61d3d13746977ac5e226d0a,a6555966b9e30511baa72750ad0fba6250e8617df931963fbb07550495f1c1b7
DBLP,46,10,13,adaptive_pair,0.8255528211593628,0.794078363601186,12,389472,194736,12636000,584208,0,21.578167300191126,"[[0,7],[0,9],[1,2],[1,8],[2,5],[3,8],[3,10],[4,5],[4,11],[7,9],[10,12],[11,12]]","[true, false, false, false, false, false, false, true, false, true, false, false, false]","[""APA"", ""RANDOM"", ""RANDOM"", ""RANDOM"", ""RANDOM"", ""RANDOM"", ""RANDOM"", ""APCPA"", ""RANDOM"", ""APTPA"", ""RANDOM"", ""RANDOM"", ""RANDOM""]","[0, 4, 10, 11, 9, 3, 12, 1, 6, 2, 8, 5, 7]",C:\Users\Yin Kuan\OneDrive\桌面\Durham_CS\Research\TA-DVFG\results\nested_weak_cache\dblp\nested_weak18_dblp_hard_n18_useful3_seed46_party_preds.pt,b86bf90af452208750a58b7d597cfb2f947ff75ca61d3d13746977ac5e226d0a,a6555966b9e30511baa72750ad0fba6250e8617df931963fbb07550495f1c1b7
DBLP,46,10,13,adaptive_complementarity,0.8316953182220459,0.7995507226696629,12,389472,194736,12636000,584208,0,21.847669500028132,"[[0,9],[0,11],[1,6],[1,8],[2,5],[2,11],[3,7],[3,10],[5,9],[6,7],[8,12],[10,12]]","[true, false, false, false, false, false, false, true, false, true, false, false, false]","[""APA"", ""RANDOM"", ""RANDOM"", ""RANDOM"", ""RANDOM"", ""RANDOM"", ""RANDOM"", ""APCPA"", ""RANDOM"", ""APTPA"", ""RANDOM"", ""RANDOM"", ""RANDOM""]","[0, 4, 10, 11, 9, 3, 12, 1, 6, 2, 8, 5, 7]",C:\Users\Yin Kuan\OneDrive\桌面\Durham_CS\Research\TA-DVFG\results\nested_weak_cache\dblp\nested_weak18_dblp_hard_n18_useful3_seed46_party_preds.pt,b86bf90af452208750a58b7d597cfb2f947ff75ca61d3d13746977ac5e226d0a,a6555966b9e30511baa72750ad0fba6250e8617df931963fbb07550495f1c1b7
DBLP,46,10,13,full_mesh,0.8280097842216492,0.7969876818626107,78,2531568,210964,0,2742532,0,0.0,"[[0,1],[0,2],[0,3],[0,4],[0,5],[0,6],[0,7],[0,8],[0,9],[0,10],[0,11],[0,12],[1,2],[1,3],[1,4],[1,5],[1,6],[1,7],[1,8],[1,9],[1,10],[1,11],[1,12],[2,3],[2,4],[2,5],[2,6],[2,7],[2,8],[2,9],[2,10],[2,11],[2,12],[3,4],[3,5],[3,6],[3,7],[3,8],[3,9],[3,10],[3,11],[3,12],[4,5],[4,6],[4,7],[4,8],[4,9],[4,10],[4,11],[4,12],[5,6],[5,7],[5,8],[5,9],[5,10],[5,11],[5,12],[6,7],[6,8],[6,9],[6,10],[6,11],[6,12],[7,8],[7,9],[7,10],[7,11],[7,12],[8,9],[8,10],[8,11],[8,12],[9,10],[9,11],[9,12],[10,11],[10,12],[11,12]]","[true, false, false, false, false, false, false, true, false, true, false, false, false]","[""APA"", ""RANDOM"", ""RANDOM"", ""RANDOM"", ""RANDOM"", ""RANDOM"", ""RANDOM"", ""APCPA"", ""RANDOM"", ""APTPA"", ""RANDOM"", ""RANDOM"", ""RANDOM""]","[0, 4, 10, 11, 9, 3, 12, 1, 6, 2, 8, 5, 7]",C:\Users\Yin Kuan\OneDrive\桌面\Durham_CS\Research\TA-DVFG\results\nested_weak_cache\dblp\nested_weak18_dblp_hard_n18_useful3_seed46_party_preds.pt,b86bf90af452208750a58b7d597cfb2f947ff75ca61d3d13746977ac5e226d0a,a6555966b9e30511baa72750ad0fba6250e8617df931963fbb07550495f1c1b7
DBLP,46,10,13,adaptive_graph_val,0.8636363744735718,0.8490838060911544,5,162280,97368,12636000,259648,106414,377.92085499997484,"[[0,7],[0,11],[3,8],[3,9],[7,11]]","[true, false, false, false, false, false, false, true, false, true, false, false, false]","[""APA"", ""RANDOM"", ""RANDOM"", ""RANDOM"", ""RANDOM"", ""RANDOM"", ""RANDOM"", ""APCPA"", ""RANDOM"", ""APTPA"", ""RANDOM"", ""RANDOM"", ""RANDOM""]","[0, 4, 10, 11, 9, 3, 12, 1, 6, 2, 8, 5, 7]",C:\Users\Yin Kuan\OneDrive\桌面\Durham_CS\Research\TA-DVFG\results\nested_weak_cache\dblp\nested_weak18_dblp_hard_n18_useful3_seed46_party_preds.pt,b86bf90af452208750a58b7d597cfb2f947ff75ca61d3d13746977ac5e226d0a,a6555966b9e30511baa72750ad0fba6250e8617df931963fbb07550495f1c1b7
DBLP,46,15,18,single_party_best,0.875921368598938,0.8656082217380694,0,0,0,0,0,0,0.0,[],"[false, false, false, false, true, false, false, false, true, false, false, false, false, true, false, false, false, false]","[""RANDOM"", ""RANDOM"", ""RANDOM"", ""RANDOM"", ""APTPA"", ""RANDOM"", ""RANDOM"", ""RANDOM"", ""APA"", ""RANDOM"", ""RANDOM"", ""RANDOM"", ""RANDOM"", ""APCPA"", ""RANDOM"", ""RANDOM"", ""RANDOM"", ""RANDOM""]","[4, 9, 6, 8, 2, 16, 10, 13, 0, 3, 12, 5, 11, 1, 14, 15, 7, 17]",C:\Users\Yin Kuan\OneDrive\桌面\Durham_CS\Research\TA-DVFG\results\nested_weak_cache\dblp\nested_weak18_dblp_hard_n18_useful3_seed46_party_preds.pt,b86bf90af452208750a58b7d597cfb2f947ff75ca61d3d13746977ac5e226d0a,8b2b4813f510e3bd8aeb9b7c2ef6788204eb9062938912c4c62ebd1e2838c5df
DBLP,46,15,18,topk_reliability_vote,0.8710073828697205,0.857753522771207,0,0,81140,0,81140,0,0.0,[],"[false, false, false, false, true, false, false, false, true, false, false, false, false, true, false, false, false, false]","[""RANDOM"", ""RANDOM"", ""RANDOM"", ""RANDOM"", ""APTPA"", ""RANDOM"", ""RANDOM"", ""RANDOM"", ""APA"", ""RANDOM"", ""RANDOM"", ""RANDOM"", ""RANDOM"", ""APCPA"", ""RANDOM"", ""RANDOM"", ""RANDOM"", ""RANDOM""]","[4, 9, 6, 8, 2, 16, 10, 13, 0, 3, 12, 5, 11, 1, 14, 15, 7, 17]",C:\Users\Yin Kuan\OneDrive\桌面\Durham_CS\Research\TA-DVFG\results\nested_weak_cache\dblp\nested_weak18_dblp_hard_n18_useful3_seed46_party_preds.pt,b86bf90af452208750a58b7d597cfb2f947ff75ca61d3d13746977ac5e226d0a,8b2b4813f510e3bd8aeb9b7c2ef6788204eb9062938912c4c62ebd1e2838c5df
DBLP,46,15,18,random_matched,0.8611793518066406,0.8432970173399172,5,162280,129824,0,292104,0,0.0,"[[1,16],[2,8],[7,13],[7,15],[8,12]]","[false, false, false, false, true, false, false, false, true, false, false, false, false, true, false, false, false, false]","[""RANDOM"", ""RANDOM"", ""RANDOM"", ""RANDOM"", ""APTPA"", ""RANDOM"", ""RANDOM"", ""RANDOM"", ""APA"", ""RANDOM"", ""RANDOM"", ""RANDOM"", ""RANDOM"", ""APCPA"", ""RANDOM"", ""RANDOM"", ""RANDOM"", ""RANDOM""]","[4, 9, 6, 8, 2, 16, 10, 13, 0, 3, 12, 5, 11, 1, 14, 15, 7, 17]",C:\Users\Yin Kuan\OneDrive\桌面\Durham_CS\Research\TA-DVFG\results\nested_weak_cache\dblp\nested_weak18_dblp_hard_n18_useful3_seed46_party_preds.pt,b86bf90af452208750a58b7d597cfb2f947ff75ca61d3d13746977ac5e226d0a,8b2b4813f510e3bd8aeb9b7c2ef6788204eb9062938912c4c62ebd1e2838c5df
DBLP,46,15,18,adaptive_pair,0.8058968186378479,0.7570425247766417,15,486840,243420,17496000,730260,0,48.82922999985749,"[[0,6],[0,9],[1,15],[1,16],[2,3],[2,7],[3,16],[4,8],[4,13],[6,7],[8,13],[9,12],[12,17],[14,15],[14,17]]","[false, false, false, false, true, false, false, false, true, false, false, false, false, true, false, false, false, false]","[""RANDOM"", ""RANDOM"", ""RANDOM"", ""RANDOM"", ""APTPA"", ""RANDOM"", ""RANDOM"", ""RANDOM"", ""APA"", ""RANDOM"", ""RANDOM"", ""RANDOM"", ""RANDOM"", ""APCPA"", ""RANDOM"", ""RANDOM"", ""RANDOM"", ""RANDOM""]","[4, 9, 6, 8, 2, 16, 10, 13, 0, 3, 12, 5, 11, 1, 14, 15, 7, 17]",C:\Users\Yin Kuan\OneDrive\桌面\Durham_CS\Research\TA-DVFG\results\nested_weak_cache\dblp\nested_weak18_dblp_hard_n18_useful3_seed46_party_preds.pt,b86bf90af452208750a58b7d597cfb2f947ff75ca61d3d13746977ac5e226d0a,8b2b4813f510e3bd8aeb9b7c2ef6788204eb9062938912c4c62ebd1e2838c5df
DBLP,46,15,18,adaptive_complementarity,0.7862407565116882,0.7195826191253559,15,486840,259648,17496000,746488,0,46.75335270007781,"[[0,2],[0,12],[1,5],[2,16],[3,13],[3,16],[4,8],[4,9],[5,17],[6,9],[6,11],[8,11],[10,14],[12,13],[14,17]]","[false, false, false, false, true, false, false, false, true, false, false, false, false, true, false, false, false, false]","[""RANDOM"", ""RANDOM"", ""RANDOM"", ""RANDOM"", ""APTPA"", ""RANDOM"", ""RANDOM"", ""RANDOM"", ""APA"", ""RANDOM"", ""RANDOM"", ""RANDOM"", ""RANDOM"", ""APCPA"", ""RANDOM"", ""RANDOM"", ""RANDOM"", ""RANDOM""]","[4, 9, 6, 8, 2, 16, 10, 13, 0, 3, 12, 5, 11, 1, 14, 15, 7, 17]",C:\Users\Yin Kuan\OneDrive\桌面\Durham_CS\Research\TA-DVFG\results\nested_weak_cache\dblp\nested_weak18_dblp_hard_n18_useful3_seed46_party_preds.pt,b86bf90af452208750a58b7d597cfb2f947ff75ca61d3d13746977ac5e226d0a,8b2b4813f510e3bd8aeb9b7c2ef6788204eb9062938912c4c62ebd1e2838c5df
DBLP,46,15,18,full_mesh,0.7948402762413025,0.7376612561818358,153,4965768,292104,0,5257872,0,0.0,"[[0,1],[0,2],[0,3],[0,4],[0,5],[0,6],[0,7],[0,8],[0,9],[0,10],[0,11],[0,12],[0,13],[0,14],[0,15],[0,16],[0,17],[1,2],[1,3],[1,4],[1,5],[1,6],[1,7],[1,8],[1,9],[1,10],[1,11],[1,12],[1,13],[1,14],[1,15],[1,16],[1,17],[2,3],[2,4],[2,5],[2,6],[2,7],[2,8],[2,9],[2,10],[2,11],[2,12],[2,13],[2,14],[2,15],[2,16],[2,17],[3,4],[3,5],[3,6],[3,7],[3,8],[3,9],[3,10],[3,11],[3,12],[3,13],[3,14],[3,15],[3,16],[3,17],[4,5],[4,6],[4,7],[4,8],[4,9],[4,10],[4,11],[4,12],[4,13],[4,14],[4,15],[4,16],[4,17],[5,6],[5,7],[5,8],[5,9],[5,10],[5,11],[5,12],[5,13],[5,14],[5,15],[5,16],[5,17],[6,7],[6,8],[6,9],[6,10],[6,11],[6,12],[6,13],[6,14],[6,15],[6,16],[6,17],[7,8],[7,9],[7,10],[7,11],[7,12],[7,13],[7,14],[7,15],[7,16],[7,17],[8,9],[8,10],[8,11],[8,12],[8,13],[8,14],[8,15],[8,16],[8,17],[9,10],[9,11],[9,12],[9,13],[9,14],[9,15],[9,16],[9,17],[10,11],[10,12],[10,13],[10,14],[10,15],[10,16],[10,17],[11,12],[11,13],[11,14],[11,15],[11,16],[11,17],[12,13],[12,14],[12,15],[12,16],[12,17],[13,14],[13,15],[13,16],[13,17],[14,15],[14,16],[14,17],[15,16],[15,17],[16,17]]","[false, false, false, false, true, false, false, false, true, false, false, false, false, true, false, false, false, false]","[""RANDOM"", ""RANDOM"", ""RANDOM"", ""RANDOM"", ""APTPA"", ""RANDOM"", ""RANDOM"", ""RANDOM"", ""APA"", ""RANDOM"", ""RANDOM"", ""RANDOM"", ""RANDOM"", ""APCPA"", ""RANDOM"", ""RANDOM"", ""RANDOM"", ""RANDOM""]","[4, 9, 6, 8, 2, 16, 10, 13, 0, 3, 12, 5, 11, 1, 14, 15, 7, 17]",C:\Users\Yin Kuan\OneDrive\桌面\Durham_CS\Research\TA-DVFG\results\nested_weak_cache\dblp\nested_weak18_dblp_hard_n18_useful3_seed46_party_preds.pt,b86bf90af452208750a58b7d597cfb2f947ff75ca61d3d13746977ac5e226d0a,8b2b4813f510e3bd8aeb9b7c2ef6788204eb9062938912c4c62ebd1e2838c5df
DBLP,46,15,18,adaptive_graph_val,0.8660933375358582,0.8529714775610638,5,162280,113596,17496000,275876,228213,1196.6381681001803,"[[5,13],[8,14],[11,13],[11,17],[14,15]]","[false, false, false, false, true, false, false, false, true, false, false, false, false, true, false, false, false, false]","[""RANDOM"", ""RANDOM"", ""RANDOM"", ""RANDOM"", ""APTPA"", ""RANDOM"", ""RANDOM"", ""RANDOM"", ""APA"", ""RANDOM"", ""RANDOM"", ""RANDOM"", ""RANDOM"", ""APCPA"", ""RANDOM"", ""RANDOM"", ""RANDOM"", ""RANDOM""]","[4, 9, 6, 8, 2, 16, 10, 13, 0, 3, 12, 5, 11, 1, 14, 15, 7, 17]",C:\Users\Yin Kuan\OneDrive\桌面\Durham_CS\Research\TA-DVFG\results\nested_weak_cache\dblp\nested_weak18_dblp_hard_n18_useful3_seed46_party_preds.pt,b86bf90af452208750a58b7d597cfb2f947ff75ca61d3d13746977ac5e226d0a,8b2b4813f510e3bd8aeb9b7c2ef6788204eb9062938912c4c62ebd1e2838c5df
