dataset,setting,seed,method,adaptive_min_edges,best_val,test_at_best_val,macro_f1,macro_f1_at_best_val,best_observed_test,final_test,train_comm,inference_comm,peer_to_peer_comm,global_readout_comm,total_comm,protocol_type,label_protocol,training_protocol,validation_protocol,validation_evaluator,active_party_id,passive_label_access,local_training_labels,validation_label_protocol,topology_evaluator,local_training_protocol,validation_split_mode,topology_val_fraction,topology_val_count,selection_val_count,topology_objective,joint_lambda,active_readout_acc,local_post_consensus_mean_acc,active_party_post_consensus_acc,local_worst_acc,local_best_acc,dropout_protocol,dropout_rate,dropout_seed,remaining_parties,dropped_party_ids,test_acc_after_dropout,local_post_consensus_acc_after_dropout,num_edges,peer_comm,readout_comm,control_plane_comm,final_edges,topology_update_comm,topology_eval_count,topology_update_time,useful_useful_edges,useful_noisy_edges,noisy_noisy_edges,selected_edges,useful_party_mask,party_view_names,party_reliabilities,party_permutation,prediction_cache_path,prediction_cache_fingerprint,auc,f1,ndcg_at_10
MovieLens1M,main,42,single_party_best,5,0.6899451017379761,0.6910699009895325,0.6814351492832962,0.6814351492832962,0.6910699009895325,0.6910699009895325,0,0,0,0,0,local_reference,all_supervised,supervised,shared_val,all_parties,0,True,all_parties_supervised_simulation,all_parties,all_parties,all_parties_supervised,shared,1.0,100021,100021,active,0.5,0.6917997002601624,0.6397213220596314,0.6579768061637878,0.5600423812866211,0.6910699009895325,none,0.0,0,15,[],-1.0,-1.0,0,0,0,0,0,0,0,0.0,0,0,0,[],"[false, true, true, false, false, false, false, true, true, false, true, false, true, false, false]","[""rating_interaction_mf"", ""user_profile_mlp"", ""movie_metadata_mlp"", ""genre_knn_mlp"", ""popularity_temporal_mlp"", ""sparse_rating_mf"", ""masked_genres"", ""corrupt_user_profile"", ""outdated_popularity"", ""low_degree_interaction"", ""random_project_movie"", ""weak_genre_knn"", ""highk_noisy_knn"", ""partial_profile"", ""shuffled_feature_diagnostic""]","[0.6615110635757446, 0.6692494750022888, 0.685106098651886, 0.5670608878135681, 0.6549724340438843, 0.6545525193214417, 0.6255686283111572, 0.6379860043525696, 0.6899451017379761, 0.671688973903656, 0.6807570457458496, 0.5771787762641907, 0.6318373084068298, 0.5558332800865173, 0.6194599270820618]","[0, 1, 2, 3, 4, 5, 6, 7, 8, 9, 10, 11, 12, 13, 14]",outputs\movielens_main15_leakage_safe_20260705\cache\movielens_main_n15_seed42.pt,8f5e551d0cb12a0a0913732540b34d28e575a20c243e18269733034def8696a4,0.7460092681211471,0.7368362780041818,0.8523628933934568
MovieLens1M,main,42,local_uniform_vote,5,0.6876755952835083,0.6910848617553711,0.6780036092534545,0.6780036092534545,0.6910848617553711,0.6910848617553711,0,0,0,6001260,6001260,global_diagnostic,all_supervised,supervised,shared_val,all_parties,0,True,all_parties_supervised_simulation,all_parties,all_parties,all_parties_supervised,shared,1.0,100021,100021,active,0.5,0.6917997002601624,0.6397213220596314,0.6579768061637878,0.5600423812866211,0.6910699009895325,none,0.0,0,15,[],-1.0,-1.0,0,0,6001260,0,0,0,0,0.0,0,0,0,[],"[false, true, true, false, false, false, false, true, true, false, true, false, true, false, false]","[""rating_interaction_mf"", ""user_profile_mlp"", ""movie_metadata_mlp"", ""genre_knn_mlp"", ""popularity_temporal_mlp"", ""sparse_rating_mf"", ""masked_genres"", ""corrupt_user_profile"", ""outdated_popularity"", ""low_degree_interaction"", ""random_project_movie"", ""weak_genre_knn"", ""highk_noisy_knn"", ""partial_profile"", ""shuffled_feature_diagnostic""]","[0.6615110635757446, 0.6692494750022888, 0.685106098651886, 0.5670608878135681, 0.6549724340438843, 0.6545525193214417, 0.6255686283111572, 0.6379860043525696, 0.6899451017379761, 0.671688973903656, 0.6807570457458496, 0.5771787762641907, 0.6318373084068298, 0.5558332800865173, 0.6194599270820618]","[0, 1, 2, 3, 4, 5, 6, 7, 8, 9, 10, 11, 12, 13, 14]",outputs\movielens_main15_leakage_safe_20260705\cache\movielens_main_n15_seed42.pt,8f5e551d0cb12a0a0913732540b34d28e575a20c243e18269733034def8696a4,0.7475987126609749,0.7429044524508865,0.84875379541107
MovieLens1M,main,42,local_reliability_vote,5,0.6882354617118835,0.6917997002601624,0.6788127462438824,0.6788127462438824,0.6917997002601624,0.6917997002601624,0,0,0,6001260,6001260,global_diagnostic,all_supervised,supervised,shared_val,all_parties,0,True,all_parties_supervised_simulation,all_parties,all_parties,all_parties_supervised,shared,1.0,100021,100021,active,0.5,0.6917997002601624,0.6397213220596314,0.6579768061637878,0.5600423812866211,0.6910699009895325,none,0.0,0,15,[],-1.0,-1.0,0,0,6001260,0,0,0,0,0.0,0,0,0,[],"[false, true, true, false, false, false, false, true, true, false, true, false, true, false, false]","[""rating_interaction_mf"", ""user_profile_mlp"", ""movie_metadata_mlp"", ""genre_knn_mlp"", ""popularity_temporal_mlp"", ""sparse_rating_mf"", ""masked_genres"", ""corrupt_user_profile"", ""outdated_popularity"", ""low_degree_interaction"", ""random_project_movie"", ""weak_genre_knn"", ""highk_noisy_knn"", ""partial_profile"", ""shuffled_feature_diagnostic""]","[0.6615110635757446, 0.6692494750022888, 0.685106098651886, 0.5670608878135681, 0.6549724340438843, 0.6545525193214417, 0.6255686283111572, 0.6379860043525696, 0.6899451017379761, 0.671688973903656, 0.6807570457458496, 0.5771787762641907, 0.6318373084068298, 0.5558332800865173, 0.6194599270820618]","[0, 1, 2, 3, 4, 5, 6, 7, 8, 9, 10, 11, 12, 13, 14]",outputs\movielens_main15_leakage_safe_20260705\cache\movielens_main_n15_seed42.pt,8f5e551d0cb12a0a0913732540b34d28e575a20c243e18269733034def8696a4,0.7484642408363684,0.7433979697586435,0.8498734673770832
MovieLens1M,main,42,adaptive_graph_val,5,0.6939742565155029,0.6951390504837036,0.6840496712560619,0.6840496712560619,0.6951390504837036,0.6951390504837036,0,4801008,4801008,2800588,7601596,peer_to_peer_topology,all_supervised,supervised,shared_val,all_parties,0,True,all_parties_supervised_simulation,all_parties,all_parties,all_parties_supervised,shared,1.0,100021,100021,active,0.5,0.6951390504837036,0.6429306507110596,0.6696493625640869,0.5600423812866211,0.6920197010040283,none,0.0,0,15,[],-1.0,-1.0,6,4801008,2800588,3000630,6,3000630,568,14.737712400004966,4,1,1,"[[0,9],[1,2],[1,9],[2,8],[7,10],[8,10]]","[false, true, true, false, false, false, false, true, true, false, true, false, true, false, false]","[""rating_interaction_mf"", ""user_profile_mlp"", ""movie_metadata_mlp"", ""genre_knn_mlp"", ""popularity_temporal_mlp"", ""sparse_rating_mf"", ""masked_genres"", ""corrupt_user_profile"", ""outdated_popularity"", ""low_degree_interaction"", ""random_project_movie"", ""weak_genre_knn"", ""highk_noisy_knn"", ""partial_profile"", ""shuffled_feature_diagnostic""]","[0.6615110635757446, 0.6692494750022888, 0.685106098651886, 0.5670608878135681, 0.6549724340438843, 0.6545525193214417, 0.6255686283111572, 0.6379860043525696, 0.6899451017379761, 0.671688973903656, 0.6807570457458496, 0.5771787762641907, 0.6318373084068298, 0.5558332800865173, 0.6194599270820618]","[0, 1, 2, 3, 4, 5, 6, 7, 8, 9, 10, 11, 12, 13, 14]",outputs\movielens_main15_leakage_safe_20260705\cache\movielens_main_n15_seed42.pt,8f5e551d0cb12a0a0913732540b34d28e575a20c243e18269733034def8696a4,0.7522598177490474,0.7432415933041147,0.8573058903102717
MovieLens1M,main,42,fixed_ring,5,0.6882754564285278,0.6918147206306458,0.6788653545978007,0.6788653545978007,0.6918147206306458,0.6918147206306458,0,12002520,12002520,6001260,18003780,peer_to_peer_topology,all_supervised,supervised,shared_val,all_parties,0,True,all_parties_supervised_simulation,all_parties,all_parties,all_parties_supervised,shared,1.0,100021,100021,active,0.5,0.6918147206306458,0.6497155626614889,0.6676598191261292,0.5796932578086853,0.6915347576141357,none,0.0,0,15,[],-1.0,-1.0,15,12002520,6001260,0,15,0,0,0.0,2,8,5,"[[0,1],[0,14],[1,2],[2,3],[3,4],[4,5],[5,6],[6,7],[7,8],[8,9],[9,10],[10,11],[11,12],[12,13],[13,14]]","[false, true, true, false, false, false, false, true, true, false, true, false, true, false, false]","[""rating_interaction_mf"", ""user_profile_mlp"", ""movie_metadata_mlp"", ""genre_knn_mlp"", ""popularity_temporal_mlp"", ""sparse_rating_mf"", ""masked_genres"", ""corrupt_user_profile"", ""outdated_popularity"", ""low_degree_interaction"", ""random_project_movie"", ""weak_genre_knn"", ""highk_noisy_knn"", ""partial_profile"", ""shuffled_feature_diagnostic""]","[0.6615110635757446, 0.6692494750022888, 0.685106098651886, 0.5670608878135681, 0.6549724340438843, 0.6545525193214417, 0.6255686283111572, 0.6379860043525696, 0.6899451017379761, 0.671688973903656, 0.6807570457458496, 0.5771787762641907, 0.6318373084068298, 0.5558332800865173, 0.6194599270820618]","[0, 1, 2, 3, 4, 5, 6, 7, 8, 9, 10, 11, 12, 13, 14]",outputs\movielens_main15_leakage_safe_20260705\cache\movielens_main_n15_seed42.pt,8f5e551d0cb12a0a0913732540b34d28e575a20c243e18269733034def8696a4,0.7484334551438603,0.7433517059930396,0.8498797460348712
MovieLens1M,main,42,random_matched,5,0.6734885573387146,0.6785575151443481,0.6634179609462078,0.6634179609462078,0.6785575151443481,0.6785575151443481,0,4000840,4000840,3600756,7601596,peer_to_peer_topology,all_supervised,supervised,shared_val,all_parties,0,True,all_parties_supervised_simulation,all_parties,all_parties,all_parties_supervised,shared,1.0,100021,100021,active,0.5,0.6785575151443481,0.6440600792566935,0.6579768061637878,0.5641265511512756,0.6921046376228333,none,0.0,0,15,[],-1.0,-1.0,5,4000840,3600756,0,5,0,0,0.0,0,3,2,"[[4,8],[5,11],[5,13],[6,12],[7,14]]","[false, true, true, false, false, false, false, true, true, false, true, false, true, false, false]","[""rating_interaction_mf"", ""user_profile_mlp"", ""movie_metadata_mlp"", ""genre_knn_mlp"", ""popularity_temporal_mlp"", ""sparse_rating_mf"", ""masked_genres"", ""corrupt_user_profile"", ""outdated_popularity"", ""low_degree_interaction"", ""random_project_movie"", ""weak_genre_knn"", ""highk_noisy_knn"", ""partial_profile"", ""shuffled_feature_diagnostic""]","[0.6615110635757446, 0.6692494750022888, 0.685106098651886, 0.5670608878135681, 0.6549724340438843, 0.6545525193214417, 0.6255686283111572, 0.6379860043525696, 0.6899451017379761, 0.671688973903656, 0.6807570457458496, 0.5771787762641907, 0.6318373084068298, 0.5558332800865173, 0.6194599270820618]","[0, 1, 2, 3, 4, 5, 6, 7, 8, 9, 10, 11, 12, 13, 14]",outputs\movielens_main15_leakage_safe_20260705\cache\movielens_main_n15_seed42.pt,8f5e551d0cb12a0a0913732540b34d28e575a20c243e18269733034def8696a4,0.7330054628024777,0.7348021182176616,0.835580627055118
MovieLens1M,main,42,full_mesh,5,0.6882554888725281,0.6918147206306458,0.6788303936249527,0.6788303936249527,0.6918147206306458,0.6918147206306458,0,84017640,84017640,6001260,90018900,peer_to_peer_topology,all_supervised,supervised,shared_val,all_parties,0,True,all_parties_supervised_simulation,all_parties,all_parties,all_parties_supervised,shared,1.0,100021,100021,active,0.5,0.6918147206306458,0.650336762269338,0.6669449210166931,0.5819078087806702,0.691824734210968,none,0.0,0,15,[],-1.0,-1.0,105,84017640,6001260,0,105,0,0,0.0,15,54,36,"[[0,1],[0,2],[0,3],[0,4],[0,5],[0,6],[0,7],[0,8],[0,9],[0,10],[0,11],[0,12],[0,13],[0,14],[1,2],[1,3],[1,4],[1,5],[1,6],[1,7],[1,8],[1,9],[1,10],[1,11],[1,12],[1,13],[1,14],[2,3],[2,4],[2,5],[2,6],[2,7],[2,8],[2,9],[2,10],[2,11],[2,12],[2,13],[2,14],[3,4],[3,5],[3,6],[3,7],[3,8],[3,9],[3,10],[3,11],[3,12],[3,13],[3,14],[4,5],[4,6],[4,7],[4,8],[4,9],[4,10],[4,11],[4,12],[4,13],[4,14],[5,6],[5,7],[5,8],[5,9],[5,10],[5,11],[5,12],[5,13],[5,14],[6,7],[6,8],[6,9],[6,10],[6,11],[6,12],[6,13],[6,14],[7,8],[7,9],[7,10],[7,11],[7,12],[7,13],[7,14],[8,9],[8,10],[8,11],[8,12],[8,13],[8,14],[9,10],[9,11],[9,12],[9,13],[9,14],[10,11],[10,12],[10,13],[10,14],[11,12],[11,13],[11,14],[12,13],[12,14],[13,14]]","[false, true, true, false, false, false, false, true, true, false, true, false, true, false, false]","[""rating_interaction_mf"", ""user_profile_mlp"", ""movie_metadata_mlp"", ""genre_knn_mlp"", ""popularity_temporal_mlp"", ""sparse_rating_mf"", ""masked_genres"", ""corrupt_user_profile"", ""outdated_popularity"", ""low_degree_interaction"", ""random_project_movie"", ""weak_genre_knn"", ""highk_noisy_knn"", ""partial_profile"", ""shuffled_feature_diagnostic""]","[0.6615110635757446, 0.6692494750022888, 0.685106098651886, 0.5670608878135681, 0.6549724340438843, 0.6545525193214417, 0.6255686283111572, 0.6379860043525696, 0.6899451017379761, 0.671688973903656, 0.6807570457458496, 0.5771787762641907, 0.6318373084068298, 0.5558332800865173, 0.6194599270820618]","[0, 1, 2, 3, 4, 5, 6, 7, 8, 9, 10, 11, 12, 13, 14]",outputs\movielens_main15_leakage_safe_20260705\cache\movielens_main_n15_seed42.pt,8f5e551d0cb12a0a0913732540b34d28e575a20c243e18269733034def8696a4,0.7484551786757602,0.743407252022775,0.8498941735875596
MovieLens1M,main,42,adaptive_pair,5,0.6882254481315613,0.6918047070503235,0.6788199744974142,0.6788199744974142,0.6918047070503235,0.6918047070503235,0,12002520,12002520,6001260,18003780,peer_to_peer_topology,all_supervised,supervised,shared_val,all_parties,0,True,all_parties_supervised_simulation,all_parties,all_parties,all_parties_supervised,shared,1.0,100021,100021,active,0.5,0.6918047070503235,0.6465299050013225,0.6693994402885437,0.5703602433204651,0.6920197010040283,none,0.0,0,15,[],-1.0,-1.0,15,12002520,6001260,3000630,15,3000630,0,0.7102237000071909,3,6,6,"[[0,1],[0,9],[1,9],[2,8],[2,10],[3,11],[3,13],[4,5],[4,7],[5,7],[6,12],[6,14],[8,10],[11,13],[12,14]]","[false, true, true, false, false, false, false, true, true, false, true, false, true, false, false]","[""rating_interaction_mf"", ""user_profile_mlp"", ""movie_metadata_mlp"", ""genre_knn_mlp"", ""popularity_temporal_mlp"", ""sparse_rating_mf"", ""masked_genres"", ""corrupt_user_profile"", ""outdated_popularity"", ""low_degree_interaction"", ""random_project_movie"", ""weak_genre_knn"", ""highk_noisy_knn"", ""partial_profile"", ""shuffled_feature_diagnostic""]","[0.6615110635757446, 0.6692494750022888, 0.685106098651886, 0.5670608878135681, 0.6549724340438843, 0.6545525193214417, 0.6255686283111572, 0.6379860043525696, 0.6899451017379761, 0.671688973903656, 0.6807570457458496, 0.5771787762641907, 0.6318373084068298, 0.5558332800865173, 0.6194599270820618]","[0, 1, 2, 3, 4, 5, 6, 7, 8, 9, 10, 11, 12, 13, 14]",outputs\movielens_main15_leakage_safe_20260705\cache\movielens_main_n15_seed42.pt,8f5e551d0cb12a0a0913732540b34d28e575a20c243e18269733034def8696a4,0.7484625245442096,0.743398927846036,0.8498880187744966
MovieLens1M,main,42,adaptive_complementarity,5,0.6870856881141663,0.6909049153327942,0.6778876509582643,0.6778876509582643,0.6909049153327942,0.6909049153327942,0,11202352,11202352,5601176,16803528,peer_to_peer_topology,all_supervised,supervised,shared_val,all_parties,0,True,all_parties_supervised_simulation,all_parties,all_parties,all_parties_supervised,shared,1.0,100021,100021,active,0.5,0.6909049153327942,0.6523643374443054,0.6684595942497253,0.5925405621528625,0.6911648511886597,none,0.0,0,15,[],-1.0,-1.0,14,11202352,5601176,3000630,14,3000630,0,0.8401134000014281,1,10,3,"[[0,7],[0,12],[1,6],[1,12],[2,3],[2,13],[3,8],[4,7],[4,14],[5,6],[5,14],[8,11],[10,11],[10,13]]","[false, true, true, false, false, false, false, true, true, false, true, false, true, false, false]","[""rating_interaction_mf"", ""user_profile_mlp"", ""movie_metadata_mlp"", ""genre_knn_mlp"", ""popularity_temporal_mlp"", ""sparse_rating_mf"", ""masked_genres"", ""corrupt_user_profile"", ""outdated_popularity"", ""low_degree_interaction"", ""random_project_movie"", ""weak_genre_knn"", ""highk_noisy_knn"", ""partial_profile"", ""shuffled_feature_diagnostic""]","[0.6615110635757446, 0.6692494750022888, 0.685106098651886, 0.5670608878135681, 0.6549724340438843, 0.6545525193214417, 0.6255686283111572, 0.6379860043525696, 0.6899451017379761, 0.671688973903656, 0.6807570457458496, 0.5771787762641907, 0.6318373084068298, 0.5558332800865173, 0.6194599270820618]","[0, 1, 2, 3, 4, 5, 6, 7, 8, 9, 10, 11, 12, 13, 14]",outputs\movielens_main15_leakage_safe_20260705\cache\movielens_main_n15_seed42.pt,8f5e551d0cb12a0a0913732540b34d28e575a20c243e18269733034def8696a4,0.7468358137436808,0.7426411827384123,0.8480090049658844
MovieLens1M,main,42,expander_matched,5,0.6718289256095886,0.6748582720756531,0.6615482575756992,0.6615482575756992,0.6748582720756531,0.6748582720756531,0,4000840,4000840,2400504,6401344,peer_to_peer_topology,all_supervised,supervised,shared_val,all_parties,0,True,all_parties_supervised_simulation,all_parties,all_parties,all_parties_supervised,shared,1.0,100021,100021,active,0.5,0.6748582720756531,0.6443753560384115,0.6676598191261292,0.5641265511512756,0.6910699009895325,none,0.0,0,15,[],-1.0,-1.0,5,4000840,2400504,0,5,0,0,0.0,0,3,2,"[[0,1],[0,14],[11,12],[12,13],[13,14]]","[false, true, true, false, false, false, false, true, true, false, true, false, true, false, false]","[""rating_interaction_mf"", ""user_profile_mlp"", ""movie_metadata_mlp"", ""genre_knn_mlp"", ""popularity_temporal_mlp"", ""sparse_rating_mf"", ""masked_genres"", ""corrupt_user_profile"", ""outdated_popularity"", ""low_degree_interaction"", ""random_project_movie"", ""weak_genre_knn"", ""highk_noisy_knn"", ""partial_profile"", ""shuffled_feature_diagnostic""]","[0.6615110635757446, 0.6692494750022888, 0.685106098651886, 0.5670608878135681, 0.6549724340438843, 0.6545525193214417, 0.6255686283111572, 0.6379860043525696, 0.6899451017379761, 0.671688973903656, 0.6807570457458496, 0.5771787762641907, 0.6318373084068298, 0.5558332800865173, 0.6194599270820618]","[0, 1, 2, 3, 4, 5, 6, 7, 8, 9, 10, 11, 12, 13, 14]",outputs\movielens_main15_leakage_safe_20260705\cache\movielens_main_n15_seed42.pt,8f5e551d0cb12a0a0913732540b34d28e575a20c243e18269733034def8696a4,0.7267203011643172,0.7286660659458015,0.8251488185343837
MovieLens1M,main,42,topk_reliability_vote,5,0.6926445364952087,0.6938742995262146,0.684155831504334,0.684155831504334,0.6938742995262146,0.6938742995262146,0,0,0,2000420,2000420,global_diagnostic,all_supervised,supervised,shared_val,all_parties,0,True,all_parties_supervised_simulation,all_parties,all_parties,all_parties_supervised,shared,1.0,100021,100021,active,0.5,0.6938742995262146,0.6397213220596314,0.6579768061637878,0.5600423812866211,0.6910699009895325,none,0.0,0,15,[],-1.0,-1.0,0,0,2000420,0,0,0,0,0.0,0,0,0,[],"[false, true, true, false, false, false, false, true, true, false, true, false, true, false, false]","[""rating_interaction_mf"", ""user_profile_mlp"", ""movie_metadata_mlp"", ""genre_knn_mlp"", ""popularity_temporal_mlp"", ""sparse_rating_mf"", ""masked_genres"", ""corrupt_user_profile"", ""outdated_popularity"", ""low_degree_interaction"", ""random_project_movie"", ""weak_genre_knn"", ""highk_noisy_knn"", ""partial_profile"", ""shuffled_feature_diagnostic""]","[0.6615110635757446, 0.6692494750022888, 0.685106098651886, 0.5670608878135681, 0.6549724340438843, 0.6545525193214417, 0.6255686283111572, 0.6379860043525696, 0.6899451017379761, 0.671688973903656, 0.6807570457458496, 0.5771787762641907, 0.6318373084068298, 0.5558332800865173, 0.6194599270820618]","[0, 1, 2, 3, 4, 5, 6, 7, 8, 9, 10, 11, 12, 13, 14]",outputs\movielens_main15_leakage_safe_20260705\cache\movielens_main_n15_seed42.pt,8f5e551d0cb12a0a0913732540b34d28e575a20c243e18269733034def8696a4,0.7504073110731299,0.7395590561897146,0.8543110979573691
MovieLens1M,main,43,single_party_best,5,0.6905249953269958,0.6894552111625671,0.682631757650533,0.682631757650533,0.6894552111625671,0.6894552111625671,0,0,0,0,0,local_reference,all_supervised,supervised,shared_val,all_parties,0,True,all_parties_supervised_simulation,all_parties,all_parties,all_parties_supervised,shared,1.0,100021,100021,active,0.5,0.6936893463134766,0.6361804048220316,0.6008438467979431,0.5717949271202087,0.6894552111625671,none,0.0,0,15,[],-1.0,-1.0,0,0,0,0,0,0,0,0.0,0,0,0,[],"[false, false, false, false, false, true, true, true, false, true, false, true, true, false, false]","[""rating_interaction_mf"", ""user_profile_mlp"", ""movie_metadata_mlp"", ""genre_knn_mlp"", ""popularity_temporal_mlp"", ""sparse_rating_mf"", ""masked_genres"", ""corrupt_user_profile"", ""outdated_popularity"", ""low_degree_interaction"", ""random_project_movie"", ""weak_genre_knn"", ""highk_noisy_knn"", ""partial_profile"", ""shuffled_feature_diagnostic""]","[0.6044530868530273, 0.6737084984779358, 0.6319772601127625, 0.5803681015968323, 0.583167552947998, 0.6797472238540649, 0.636186420917511, 0.6873056888580322, 0.6160006523132324, 0.6905249953269958, 0.6633806824684143, 0.6871756911277771, 0.6274782419204712, 0.5778986215591431, 0.6206796765327454]","[0, 1, 2, 3, 4, 5, 6, 7, 8, 9, 10, 11, 12, 13, 14]",outputs\movielens_main15_leakage_safe_20260705\cache\movielens_main_n15_seed43.pt,29cd3b86002e0c1304a3e8412aa835e290b201d7abf857cd4a2c7186552c01e0,0.7474729066089874,0.7291672116281704,0.8472034219483277
MovieLens1M,main,43,local_uniform_vote,5,0.6878255605697632,0.6933243870735168,0.6797161088124399,0.6797161088124399,0.6933243870735168,0.6933243870735168,0,0,0,6001260,6001260,global_diagnostic,all_supervised,supervised,shared_val,all_parties,0,True,all_parties_supervised_simulation,all_parties,all_parties,all_parties_supervised,shared,1.0,100021,100021,active,0.5,0.6936893463134766,0.6361804048220316,0.6008438467979431,0.5717949271202087,0.6894552111625671,none,0.0,0,15,[],-1.0,-1.0,0,0,6001260,0,0,0,0,0.0,0,0,0,[],"[false, false, false, false, false, true, true, true, false, true, false, true, true, false, false]","[""rating_interaction_mf"", ""user_profile_mlp"", ""movie_metadata_mlp"", ""genre_knn_mlp"", ""popularity_temporal_mlp"", ""sparse_rating_mf"", ""masked_genres"", ""corrupt_user_profile"", ""outdated_popularity"", ""low_degree_interaction"", ""random_project_movie"", ""weak_genre_knn"", ""highk_noisy_knn"", ""partial_profile"", ""shuffled_feature_diagnostic""]","[0.6044530868530273, 0.6737084984779358, 0.6319772601127625, 0.5803681015968323, 0.583167552947998, 0.6797472238540649, 0.636186420917511, 0.6873056888580322, 0.6160006523132324, 0.6905249953269958, 0.6633806824684143, 0.6871756911277771, 0.6274782419204712, 0.5778986215591431, 0.6206796765327454]","[0, 1, 2, 3, 4, 5, 6, 7, 8, 9, 10, 11, 12, 13, 14]",outputs\movielens_main15_leakage_safe_20260705\cache\movielens_main_n15_seed43.pt,29cd3b86002e0c1304a3e8412aa835e290b201d7abf857cd4a2c7186552c01e0,0.7490946843760847,0.7457351746547523,0.8445303287715145
MovieLens1M,main,43,local_reliability_vote,5,0.6885554194450378,0.6936893463134766,0.6803076755552508,0.6803076755552508,0.6936893463134766,0.6936893463134766,0,0,0,6001260,6001260,global_diagnostic,all_supervised,supervised,shared_val,all_parties,0,True,all_parties_supervised_simulation,all_parties,all_parties,all_parties_supervised,shared,1.0,100021,100021,active,0.5,0.6936893463134766,0.6361804048220316,0.6008438467979431,0.5717949271202087,0.6894552111625671,none,0.0,0,15,[],-1.0,-1.0,0,0,6001260,0,0,0,0,0.0,0,0,0,[],"[false, false, false, false, false, true, true, true, false, true, false, true, true, false, false]","[""rating_interaction_mf"", ""user_profile_mlp"", ""movie_metadata_mlp"", ""genre_knn_mlp"", ""popularity_temporal_mlp"", ""sparse_rating_mf"", ""masked_genres"", ""corrupt_user_profile"", ""outdated_popularity"", ""low_degree_interaction"", ""random_project_movie"", ""weak_genre_knn"", ""highk_noisy_knn"", ""partial_profile"", ""shuffled_feature_diagnostic""]","[0.6044530868530273, 0.6737084984779358, 0.6319772601127625, 0.5803681015968323, 0.583167552947998, 0.6797472238540649, 0.636186420917511, 0.6873056888580322, 0.6160006523132324, 0.6905249953269958, 0.6633806824684143, 0.6871756911277771, 0.6274782419204712, 0.5778986215591431, 0.6206796765327454]","[0, 1, 2, 3, 4, 5, 6, 7, 8, 9, 10, 11, 12, 13, 14]",outputs\movielens_main15_leakage_safe_20260705\cache\movielens_main_n15_seed43.pt,29cd3b86002e0c1304a3e8412aa835e290b201d7abf857cd4a2c7186552c01e0,0.7498265745529097,0.7457141790022782,0.84563434005071
MovieLens1M,main,43,adaptive_graph_val,5,0.6945141553878784,0.6955989003181458,0.6860343906395038,0.6860343906395038,0.6955989003181458,0.6955989003181458,0,4000840,4000840,2400504,6401344,peer_to_peer_topology,all_supervised,supervised,shared_val,all_parties,0,True,all_parties_supervised_simulation,all_parties,all_parties,all_parties_supervised,shared,1.0,100021,100021,active,0.5,0.6955989003181458,0.6394623796145121,0.6008438467979431,0.5717949271202087,0.691979706287384,none,0.0,0,15,[],-1.0,-1.0,5,4000840,2400504,3000630,5,3000630,511,12.55174869998882,4,1,0,"[[5,7],[5,9],[6,11],[7,11],[9,10]]","[false, false, false, false, false, true, true, true, false, true, false, true, true, false, false]","[""rating_interaction_mf"", ""user_profile_mlp"", ""movie_metadata_mlp"", ""genre_knn_mlp"", ""popularity_temporal_mlp"", ""sparse_rating_mf"", ""masked_genres"", ""corrupt_user_profile"", ""outdated_popularity"", ""low_degree_interaction"", ""random_project_movie"", ""weak_genre_knn"", ""highk_noisy_knn"", ""partial_profile"", ""shuffled_feature_diagnostic""]","[0.6044530868530273, 0.6737084984779358, 0.6319772601127625, 0.5803681015968323, 0.583167552947998, 0.6797472238540649, 0.636186420917511, 0.6873056888580322, 0.6160006523132324, 0.6905249953269958, 0.6633806824684143, 0.6871756911277771, 0.6274782419204712, 0.5778986215591431, 0.6206796765327454]","[0, 1, 2, 3, 4, 5, 6, 7, 8, 9, 10, 11, 12, 13, 14]",outputs\movielens_main15_leakage_safe_20260705\cache\movielens_main_n15_seed43.pt,29cd3b86002e0c1304a3e8412aa835e290b201d7abf857cd4a2c7186552c01e0,0.752658829748423,0.7408334290955366,0.85210191261772
MovieLens1M,main,43,fixed_ring,5,0.6884854435920715,0.6936443448066711,0.6802258816516251,0.6802258816516251,0.6936443448066711,0.6936443448066711,0,12002520,12002520,6001260,18003780,peer_to_peer_topology,all_supervised,supervised,shared_val,all_parties,0,True,all_parties_supervised_simulation,all_parties,all_parties,all_parties_supervised,shared,1.0,100021,100021,active,0.5,0.6936443448066711,0.6487030982971191,0.6257185935974121,0.5942152142524719,0.6913797855377197,none,0.0,0,15,[],-1.0,-1.0,15,12002520,6001260,0,15,0,0,0.0,3,6,6,"[[0,1],[0,14],[1,2],[2,3],[3,4],[4,5],[5,6],[6,7],[7,8],[8,9],[9,10],[10,11],[11,12],[12,13],[13,14]]","[false, false, false, false, false, true, true, true, false, true, false, true, true, false, false]","[""rating_interaction_mf"", ""user_profile_mlp"", ""movie_metadata_mlp"", ""genre_knn_mlp"", ""popularity_temporal_mlp"", ""sparse_rating_mf"", ""masked_genres"", ""corrupt_user_profile"", ""outdated_popularity"", ""low_degree_interaction"", ""random_project_movie"", ""weak_genre_knn"", ""highk_noisy_knn"", ""partial_profile"", ""shuffled_feature_diagnostic""]","[0.6044530868530273, 0.6737084984779358, 0.6319772601127625, 0.5803681015968323, 0.583167552947998, 0.6797472238540649, 0.636186420917511, 0.6873056888580322, 0.6160006523132324, 0.6905249953269958, 0.6633806824684143, 0.6871756911277771, 0.6274782419204712, 0.5778986215591431, 0.6206796765327454]","[0, 1, 2, 3, 4, 5, 6, 7, 8, 9, 10, 11, 12, 13, 14]",outputs\movielens_main15_leakage_safe_20260705\cache\movielens_main_n15_seed43.pt,29cd3b86002e0c1304a3e8412aa835e290b201d7abf857cd4a2c7186552c01e0,0.7497622619510729,0.745730644759771,0.8454436086064357
MovieLens1M,main,43,random_matched,5,0.6892052888870239,0.6915597915649414,0.683120897139469,0.683120897139469,0.6915597915649414,0.6915597915649414,0,4000840,4000840,2800588,6801428,peer_to_peer_topology,all_supervised,supervised,shared_val,all_parties,0,True,all_parties_supervised_simulation,all_parties,all_parties,all_parties_supervised,shared,1.0,100021,100021,active,0.5,0.6915597915649414,0.6421718080838521,0.6322422027587891,0.5717949271202087,0.6897951364517212,none,0.0,0,15,[],-1.0,-1.0,5,4000840,2800588,0,5,0,0,0.0,1,3,1,"[[0,11],[3,8],[3,9],[7,9],[11,14]]","[false, false, false, false, false, true, true, true, false, true, false, true, true, false, false]","[""rating_interaction_mf"", ""user_profile_mlp"", ""movie_metadata_mlp"", ""genre_knn_mlp"", ""popularity_temporal_mlp"", ""sparse_rating_mf"", ""masked_genres"", ""corrupt_user_profile"", ""outdated_popularity"", ""low_degree_interaction"", ""random_project_movie"", ""weak_genre_knn"", ""highk_noisy_knn"", ""partial_profile"", ""shuffled_feature_diagnostic""]","[0.6044530868530273, 0.6737084984779358, 0.6319772601127625, 0.5803681015968323, 0.583167552947998, 0.6797472238540649, 0.636186420917511, 0.6873056888580322, 0.6160006523132324, 0.6905249953269958, 0.6633806824684143, 0.6871756911277771, 0.6274782419204712, 0.5778986215591431, 0.6206796765327454]","[0, 1, 2, 3, 4, 5, 6, 7, 8, 9, 10, 11, 12, 13, 14]",outputs\movielens_main15_leakage_safe_20260705\cache\movielens_main_n15_seed43.pt,29cd3b86002e0c1304a3e8412aa835e290b201d7abf857cd4a2c7186552c01e0,0.746763275969217,0.7348326292401381,0.8391512406150446
MovieLens1M,main,43,full_mesh,5,0.6885254383087158,0.6937093138694763,0.6803285449032359,0.6803285449032359,0.6937093138694763,0.6937093138694763,0,84017640,84017640,6001260,90018900,peer_to_peer_topology,all_supervised,supervised,shared_val,all_parties,0,True,all_parties_supervised_simulation,all_parties,all_parties,all_parties_supervised,shared,1.0,100021,100021,active,0.5,0.6937093138694763,0.6485894600550334,0.6283080577850342,0.5949550867080688,0.6908249258995056,none,0.0,0,15,[],-1.0,-1.0,105,84017640,6001260,0,105,0,0,0.0,15,54,36,"[[0,1],[0,2],[0,3],[0,4],[0,5],[0,6],[0,7],[0,8],[0,9],[0,10],[0,11],[0,12],[0,13],[0,14],[1,2],[1,3],[1,4],[1,5],[1,6],[1,7],[1,8],[1,9],[1,10],[1,11],[1,12],[1,13],[1,14],[2,3],[2,4],[2,5],[2,6],[2,7],[2,8],[2,9],[2,10],[2,11],[2,12],[2,13],[2,14],[3,4],[3,5],[3,6],[3,7],[3,8],[3,9],[3,10],[3,11],[3,12],[3,13],[3,14],[4,5],[4,6],[4,7],[4,8],[4,9],[4,10],[4,11],[4,12],[4,13],[4,14],[5,6],[5,7],[5,8],[5,9],[5,10],[5,11],[5,12],[5,13],[5,14],[6,7],[6,8],[6,9],[6,10],[6,11],[6,12],[6,13],[6,14],[7,8],[7,9],[7,10],[7,11],[7,12],[7,13],[7,14],[8,9],[8,10],[8,11],[8,12],[8,13],[8,14],[9,10],[9,11],[9,12],[9,13],[9,14],[10,11],[10,12],[10,13],[10,14],[11,12],[11,13],[11,14],[12,13],[12,14],[13,14]]","[false, false, false, false, false, true, true, true, false, true, false, true, true, false, false]","[""rating_interaction_mf"", ""user_profile_mlp"", ""movie_metadata_mlp"", ""genre_knn_mlp"", ""popularity_temporal_mlp"", ""sparse_rating_mf"", ""masked_genres"", ""corrupt_user_profile"", ""outdated_popularity"", ""low_degree_interaction"", ""random_project_movie"", ""weak_genre_knn"", ""highk_noisy_knn"", ""partial_profile"", ""shuffled_feature_diagnostic""]","[0.6044530868530273, 0.6737084984779358, 0.6319772601127625, 0.5803681015968323, 0.583167552947998, 0.6797472238540649, 0.636186420917511, 0.6873056888580322, 0.6160006523132324, 0.6905249953269958, 0.6633806824684143, 0.6871756911277771, 0.6274782419204712, 0.5778986215591431, 0.6206796765327454]","[0, 1, 2, 3, 4, 5, 6, 7, 8, 9, 10, 11, 12, 13, 14]",outputs\movielens_main15_leakage_safe_20260705\cache\movielens_main_n15_seed43.pt,29cd3b86002e0c1304a3e8412aa835e290b201d7abf857cd4a2c7186552c01e0,0.7498188537243984,0.7457307786478758,0.8456453719898736
MovieLens1M,main,43,adaptive_pair,5,0.6887953281402588,0.6938542723655701,0.6805282294265022,0.6805282294265022,0.6938542723655701,0.6938542723655701,0,11202352,11202352,6001260,17203612,peer_to_peer_topology,all_supervised,supervised,shared_val,all_parties,0,True,all_parties_supervised_simulation,all_parties,all_parties,all_parties_supervised,shared,1.0,100021,100021,active,0.5,0.6938542723655701,0.6461832960446675,0.6233190894126892,0.5917657017707825,0.6904500126838684,none,0.0,0,15,[],-1.0,-1.0,14,11202352,6001260,3000630,14,3000630,0,0.7727859000005992,4,4,6,"[[0,12],[0,14],[1,2],[1,10],[2,6],[3,13],[4,8],[4,12],[5,7],[5,9],[6,10],[7,11],[8,14],[9,11]]","[false, false, false, false, false, true, true, true, false, true, false, true, true, false, false]","[""rating_interaction_mf"", ""user_profile_mlp"", ""movie_metadata_mlp"", ""genre_knn_mlp"", ""popularity_temporal_mlp"", ""sparse_rating_mf"", ""masked_genres"", ""corrupt_user_profile"", ""outdated_popularity"", ""low_degree_interaction"", ""random_project_movie"", ""weak_genre_knn"", ""highk_noisy_knn"", ""partial_profile"", ""shuffled_feature_diagnostic""]","[0.6044530868530273, 0.6737084984779358, 0.6319772601127625, 0.5803681015968323, 0.583167552947998, 0.6797472238540649, 0.636186420917511, 0.6873056888580322, 0.6160006523132324, 0.6905249953269958, 0.6633806824684143, 0.6871756911277771, 0.6274782419204712, 0.5778986215591431, 0.6206796765327454]","[0, 1, 2, 3, 4, 5, 6, 7, 8, 9, 10, 11, 12, 13, 14]",outputs\movielens_main15_leakage_safe_20260705\cache\movielens_main_n15_seed43.pt,29cd3b86002e0c1304a3e8412aa835e290b201d7abf857cd4a2c7186552c01e0,0.7501316320129763,0.7457762206411013,0.8462281870734386
MovieLens1M,main,43,adaptive_complementarity,5,0.6882654428482056,0.6935743689537048,0.6801172493807922,0.6801172493807922,0.6935743689537048,0.6935743689537048,0,12002520,12002520,6001260,18003780,peer_to_peer_topology,all_supervised,supervised,shared_val,all_parties,0,True,all_parties_supervised_simulation,all_parties,all_parties,all_parties_supervised,shared,1.0,100021,100021,active,0.5,0.6935743689537048,0.651046617825826,0.637481153011322,0.6032283306121826,0.690684974193573,none,0.0,0,15,[],-1.0,-1.0,15,12002520,6001260,3000630,15,3000630,0,0.7616429000045173,0,12,3,"[[0,9],[0,11],[1,12],[1,14],[2,6],[2,8],[3,7],[3,9],[4,7],[4,12],[5,8],[5,13],[6,10],[10,14],[11,13]]","[false, false, false, false, false, true, true, true, false, true, false, true, true, false, false]","[""rating_interaction_mf"", ""user_profile_mlp"", ""movie_metadata_mlp"", ""genre_knn_mlp"", ""popularity_temporal_mlp"", ""sparse_rating_mf"", ""masked_genres"", ""corrupt_user_profile"", ""outdated_popularity"", ""low_degree_interaction"", ""random_project_movie"", ""weak_genre_knn"", ""highk_noisy_knn"", ""partial_profile"", ""shuffled_feature_diagnostic""]","[0.6044530868530273, 0.6737084984779358, 0.6319772601127625, 0.5803681015968323, 0.583167552947998, 0.6797472238540649, 0.636186420917511, 0.6873056888580322, 0.6160006523132324, 0.6905249953269958, 0.6633806824684143, 0.6871756911277771, 0.6274782419204712, 0.5778986215591431, 0.6206796765327454]","[0, 1, 2, 3, 4, 5, 6, 7, 8, 9, 10, 11, 12, 13, 14]",outputs\movielens_main15_leakage_safe_20260705\cache\movielens_main_n15_seed43.pt,29cd3b86002e0c1304a3e8412aa835e290b201d7abf857cd4a2c7186552c01e0,0.7496544912243683,0.7457274175350103,0.8451443314287798
MovieLens1M,main,43,expander_matched,5,0.6835564374923706,0.6877755522727966,0.6721799193572497,0.6721799193572497,0.6877755522727966,0.6877755522727966,0,4000840,4000840,2400504,6401344,peer_to_peer_topology,all_supervised,supervised,shared_val,all_parties,0,True,all_parties_supervised_simulation,all_parties,all_parties,all_parties_supervised,shared,1.0,100021,100021,active,0.5,0.6877755522727966,0.6410990397135417,0.6008438467979431,0.5808280110359192,0.6894552111625671,none,0.0,0,15,[],-1.0,-1.0,5,4000840,2400504,0,5,0,0,0.0,1,1,3,"[[1,2],[2,3],[3,4],[4,5],[5,6]]","[false, false, false, false, false, true, true, true, false, true, false, true, true, false, false]","[""rating_interaction_mf"", ""user_profile_mlp"", ""movie_metadata_mlp"", ""genre_knn_mlp"", ""popularity_temporal_mlp"", ""sparse_rating_mf"", ""masked_genres"", ""corrupt_user_profile"", ""outdated_popularity"", ""low_degree_interaction"", ""random_project_movie"", ""weak_genre_knn"", ""highk_noisy_knn"", ""partial_profile"", ""shuffled_feature_diagnostic""]","[0.6044530868530273, 0.6737084984779358, 0.6319772601127625, 0.5803681015968323, 0.583167552947998, 0.6797472238540649, 0.636186420917511, 0.6873056888580322, 0.6160006523132324, 0.6905249953269958, 0.6633806824684143, 0.6871756911277771, 0.6274782419204712, 0.5778986215591431, 0.6206796765327454]","[0, 1, 2, 3, 4, 5, 6, 7, 8, 9, 10, 11, 12, 13, 14]",outputs\movielens_main15_leakage_safe_20260705\cache\movielens_main_n15_seed43.pt,29cd3b86002e0c1304a3e8412aa835e290b201d7abf857cd4a2c7186552c01e0,0.7401027227860266,0.7436821326854732,0.8356237433977428
MovieLens1M,main,43,topk_reliability_vote,5,0.6937842965126038,0.6930394768714905,0.6851320938269074,0.6851320938269074,0.6930394768714905,0.6930394768714905,0,0,0,2000420,2000420,global_diagnostic,all_supervised,supervised,shared_val,all_parties,0,True,all_parties_supervised_simulation,all_parties,all_parties,all_parties_supervised,shared,1.0,100021,100021,active,0.5,0.6930394768714905,0.6361804048220316,0.6008438467979431,0.5717949271202087,0.6894552111625671,none,0.0,0,15,[],-1.0,-1.0,0,0,2000420,0,0,0,0,0.0,0,0,0,[],"[false, false, false, false, false, true, true, true, false, true, false, true, true, false, false]","[""rating_interaction_mf"", ""user_profile_mlp"", ""movie_metadata_mlp"", ""genre_knn_mlp"", ""popularity_temporal_mlp"", ""sparse_rating_mf"", ""masked_genres"", ""corrupt_user_profile"", ""outdated_popularity"", ""low_degree_interaction"", ""random_project_movie"", ""weak_genre_knn"", ""highk_noisy_knn"", ""partial_profile"", ""shuffled_feature_diagnostic""]","[0.6044530868530273, 0.6737084984779358, 0.6319772601127625, 0.5803681015968323, 0.583167552947998, 0.6797472238540649, 0.636186420917511, 0.6873056888580322, 0.6160006523132324, 0.6905249953269958, 0.6633806824684143, 0.6871756911277771, 0.6274782419204712, 0.5778986215591431, 0.6206796765327454]","[0, 1, 2, 3, 4, 5, 6, 7, 8, 9, 10, 11, 12, 13, 14]",outputs\movielens_main15_leakage_safe_20260705\cache\movielens_main_n15_seed43.pt,29cd3b86002e0c1304a3e8412aa835e290b201d7abf857cd4a2c7186552c01e0,0.7504014105514089,0.735029752786492,0.8493578423633048
MovieLens1M,main,44,single_party_best,5,0.6925445795059204,0.6920396685600281,0.6817185055299169,0.6817185055299169,0.6920396685600281,0.6920396685600281,0,0,0,0,0,local_reference,all_supervised,supervised,shared_val,all_parties,0,True,all_parties_supervised_simulation,all_parties,all_parties,all_parties_supervised,shared,1.0,100021,100021,active,0.5,0.6884503960609436,0.6283380548159282,0.5737095475196838,0.5513792037963867,0.6920396685600281,none,0.0,0,15,[],-1.0,-1.0,0,0,0,0,0,0,0,0.0,0,0,0,[],"[false, true, false, true, false, false, true, false, true, false, true, false, false, true, false]","[""rating_interaction_mf"", ""user_profile_mlp"", ""movie_metadata_mlp"", ""genre_knn_mlp"", ""popularity_temporal_mlp"", ""sparse_rating_mf"", ""masked_genres"", ""corrupt_user_profile"", ""outdated_popularity"", ""low_degree_interaction"", ""random_project_movie"", ""weak_genre_knn"", ""highk_noisy_knn"", ""partial_profile"", ""shuffled_feature_diagnostic""]","[0.5722098350524902, 0.6229791641235352, 0.5932754278182983, 0.6925445795059204, 0.6081722974777222, 0.5499345064163208, 0.632027268409729, 0.6437947750091553, 0.6788874268531799, 0.5635716319084167, 0.6879355311393738, 0.6334069967269897, 0.6042730808258057, 0.689545214176178, 0.6159306764602661]","[0, 1, 2, 3, 4, 5, 6, 7, 8, 9, 10, 11, 12, 13, 14]",outputs\movielens_main15_leakage_safe_20260705\cache\movielens_main_n15_seed44.pt,d2e21ffbc5d6bb9a53ce7fcaaacbee11ddff49722345feb1d6278248935369e6,0.7476328384916257,0.7390337407070087,0.8504283987829234
MovieLens1M,main,44,local_uniform_vote,5,0.6811769604682922,0.6865108609199524,0.6642445289057364,0.6642445289057364,0.6865108609199524,0.6865108609199524,0,0,0,6001260,6001260,global_diagnostic,all_supervised,supervised,shared_val,all_parties,0,True,all_parties_supervised_simulation,all_parties,all_parties,all_parties_supervised,shared,1.0,100021,100021,active,0.5,0.6884503960609436,0.6283380548159282,0.5737095475196838,0.5513792037963867,0.6920396685600281,none,0.0,0,15,[],-1.0,-1.0,0,0,6001260,0,0,0,0,0.0,0,0,0,[],"[false, true, false, true, false, false, true, false, true, false, true, false, false, true, false]","[""rating_interaction_mf"", ""user_profile_mlp"", ""movie_metadata_mlp"", ""genre_knn_mlp"", ""popularity_temporal_mlp"", ""sparse_rating_mf"", ""masked_genres"", ""corrupt_user_profile"", ""outdated_popularity"", ""low_degree_interaction"", ""random_project_movie"", ""weak_genre_knn"", ""highk_noisy_knn"", ""partial_profile"", ""shuffled_feature_diagnostic""]","[0.5722098350524902, 0.6229791641235352, 0.5932754278182983, 0.6925445795059204, 0.6081722974777222, 0.5499345064163208, 0.632027268409729, 0.6437947750091553, 0.6788874268531799, 0.5635716319084167, 0.6879355311393738, 0.6334069967269897, 0.6042730808258057, 0.689545214176178, 0.6159306764602661]","[0, 1, 2, 3, 4, 5, 6, 7, 8, 9, 10, 11, 12, 13, 14]",outputs\movielens_main15_leakage_safe_20260705\cache\movielens_main_n15_seed44.pt,d2e21ffbc5d6bb9a53ce7fcaaacbee11ddff49722345feb1d6278248935369e6,0.742576024705919,0.7507085869206581,0.8422578482794653
MovieLens1M,main,44,local_reliability_vote,5,0.683416485786438,0.6884503960609436,0.6669477167572719,0.6669477167572719,0.6884503960609436,0.6884503960609436,0,0,0,6001260,6001260,global_diagnostic,all_supervised,supervised,shared_val,all_parties,0,True,all_parties_supervised_simulation,all_parties,all_parties,all_parties_supervised,shared,1.0,100021,100021,active,0.5,0.6884503960609436,0.6283380548159282,0.5737095475196838,0.5513792037963867,0.6920396685600281,none,0.0,0,15,[],-1.0,-1.0,0,0,6001260,0,0,0,0,0.0,0,0,0,[],"[false, true, false, true, false, false, true, false, true, false, true, false, false, true, false]","[""rating_interaction_mf"", ""user_profile_mlp"", ""movie_metadata_mlp"", ""genre_knn_mlp"", ""popularity_temporal_mlp"", ""sparse_rating_mf"", ""masked_genres"", ""corrupt_user_profile"", ""outdated_popularity"", ""low_degree_interaction"", ""random_project_movie"", ""weak_genre_knn"", ""highk_noisy_knn"", ""partial_profile"", ""shuffled_feature_diagnostic""]","[0.5722098350524902, 0.6229791641235352, 0.5932754278182983, 0.6925445795059204, 0.6081722974777222, 0.5499345064163208, 0.632027268409729, 0.6437947750091553, 0.6788874268531799, 0.5635716319084167, 0.6879355311393738, 0.6334069967269897, 0.6042730808258057, 0.689545214176178, 0.6159306764602661]","[0, 1, 2, 3, 4, 5, 6, 7, 8, 9, 10, 11, 12, 13, 14]",outputs\movielens_main15_leakage_safe_20260705\cache\movielens_main_n15_seed44.pt,d2e21ffbc5d6bb9a53ce7fcaaacbee11ddff49722345feb1d6278248935369e6,0.7443945459963077,0.7515735178637627,0.8435294083633814
MovieLens1M,main,44,adaptive_graph_val,5,0.6950440406799316,0.6949690580368042,0.6819525484845005,0.6819525484845005,0.6949690580368042,0.6949690580368042,0,4000840,4000840,2000420,6001260,peer_to_peer_topology,all_supervised,supervised,shared_val,all_parties,0,True,all_parties_supervised_simulation,all_parties,all_parties,all_parties_supervised,shared,1.0,100021,100021,active,0.5,0.6949690580368042,0.6308888514836629,0.5737095475196838,0.5513792037963867,0.6929544806480408,none,0.0,0,15,[],-1.0,-1.0,5,4000840,2000420,3000630,5,3000630,513,12.074842300004091,3,2,0,"[[2,8],[2,10],[3,8],[3,13],[10,13]]","[false, true, false, true, false, false, true, false, true, false, true, false, false, true, false]","[""rating_interaction_mf"", ""user_profile_mlp"", ""movie_metadata_mlp"", ""genre_knn_mlp"", ""popularity_temporal_mlp"", ""sparse_rating_mf"", ""masked_genres"", ""corrupt_user_profile"", ""outdated_popularity"", ""low_degree_interaction"", ""random_project_movie"", ""weak_genre_knn"", ""highk_noisy_knn"", ""partial_profile"", ""shuffled_feature_diagnostic""]","[0.5722098350524902, 0.6229791641235352, 0.5932754278182983, 0.6925445795059204, 0.6081722974777222, 0.5499345064163208, 0.632027268409729, 0.6437947750091553, 0.6788874268531799, 0.5635716319084167, 0.6879355311393738, 0.6334069967269897, 0.6042730808258057, 0.689545214176178, 0.6159306764602661]","[0, 1, 2, 3, 4, 5, 6, 7, 8, 9, 10, 11, 12, 13, 14]",outputs\movielens_main15_leakage_safe_20260705\cache\movielens_main_n15_seed44.pt,d2e21ffbc5d6bb9a53ce7fcaaacbee11ddff49722345feb1d6278248935369e6,0.7515402597498901,0.7462943482834464,0.854099730048814
MovieLens1M,main,44,fixed_ring,5,0.6832365393638611,0.6883304715156555,0.666770567842526,0.666770567842526,0.6883304715156555,0.6883304715156555,0,12002520,12002520,6001260,18003780,peer_to_peer_topology,all_supervised,supervised,shared_val,all_parties,0,True,all_parties_supervised_simulation,all_parties,all_parties,all_parties_supervised,shared,1.0,100021,100021,active,0.5,0.6883304715156555,0.6417708953221639,0.5939802527427673,0.5691055059432983,0.6924795508384705,none,0.0,0,15,[],-1.0,-1.0,15,12002520,6001260,0,15,0,0,0.0,0,12,3,"[[0,1],[0,14],[1,2],[2,3],[3,4],[4,5],[5,6],[6,7],[7,8],[8,9],[9,10],[10,11],[11,12],[12,13],[13,14]]","[false, true, false, true, false, false, true, false, true, false, true, false, false, true, false]","[""rating_interaction_mf"", ""user_profile_mlp"", ""movie_metadata_mlp"", ""genre_knn_mlp"", ""popularity_temporal_mlp"", ""sparse_rating_mf"", ""masked_genres"", ""corrupt_user_profile"", ""outdated_popularity"", ""low_degree_interaction"", ""random_project_movie"", ""weak_genre_knn"", ""highk_noisy_knn"", ""partial_profile"", ""shuffled_feature_diagnostic""]","[0.5722098350524902, 0.6229791641235352, 0.5932754278182983, 0.6925445795059204, 0.6081722974777222, 0.5499345064163208, 0.632027268409729, 0.6437947750091553, 0.6788874268531799, 0.5635716319084167, 0.6879355311393738, 0.6334069967269897, 0.6042730808258057, 0.689545214176178, 0.6159306764602661]","[0, 1, 2, 3, 4, 5, 6, 7, 8, 9, 10, 11, 12, 13, 14]",outputs\movielens_main15_leakage_safe_20260705\cache\movielens_main_n15_seed44.pt,d2e21ffbc5d6bb9a53ce7fcaaacbee11ddff49722345feb1d6278248935369e6,0.7442394653560832,0.7515313340639632,0.8433842141721041
MovieLens1M,main,44,random_matched,5,0.6797972321510315,0.6847462058067322,0.6655764419100989,0.6655764419100989,0.6847462058067322,0.6847462058067322,0,4000840,4000840,2800588,6801428,peer_to_peer_topology,all_supervised,supervised,shared_val,all_parties,0,True,all_parties_supervised_simulation,all_parties,all_parties,all_parties_supervised,shared,1.0,100021,100021,active,0.5,0.6847462058067322,0.6345350901285808,0.5737095475196838,0.5690804719924927,0.6920396685600281,none,0.0,0,15,[],-1.0,-1.0,5,4000840,2800588,0,5,0,0,0.0,1,3,1,"[[1,5],[1,10],[2,11],[10,12],[11,13]]","[false, true, false, true, false, false, true, false, true, false, true, false, false, true, false]","[""rating_interaction_mf"", ""user_profile_mlp"", ""movie_metadata_mlp"", ""genre_knn_mlp"", ""popularity_temporal_mlp"", ""sparse_rating_mf"", ""masked_genres"", ""corrupt_user_profile"", ""outdated_popularity"", ""low_degree_interaction"", ""random_project_movie"", ""weak_genre_knn"", ""highk_noisy_knn"", ""partial_profile"", ""shuffled_feature_diagnostic""]","[0.5722098350524902, 0.6229791641235352, 0.5932754278182983, 0.6925445795059204, 0.6081722974777222, 0.5499345064163208, 0.632027268409729, 0.6437947750091553, 0.6788874268531799, 0.5635716319084167, 0.6879355311393738, 0.6334069967269897, 0.6042730808258057, 0.689545214176178, 0.6159306764602661]","[0, 1, 2, 3, 4, 5, 6, 7, 8, 9, 10, 11, 12, 13, 14]",outputs\movielens_main15_leakage_safe_20260705\cache\movielens_main_n15_seed44.pt,d2e21ffbc5d6bb9a53ce7fcaaacbee11ddff49722345feb1d6278248935369e6,0.7381594051466587,0.7456440371708828,0.8341051423235043
MovieLens1M,main,44,full_mesh,5,0.6834064722061157,0.6884154081344604,0.6668985475401874,0.6668985475401874,0.6884154081344604,0.6884154081344604,0,84017640,84017640,6001260,90018900,peer_to_peer_topology,all_supervised,supervised,shared_val,all_parties,0,True,all_parties_supervised_simulation,all_parties,all_parties,all_parties_supervised,shared,1.0,100021,100021,active,0.5,0.6884154081344604,0.6404608448346456,0.5955199599266052,0.572634756565094,0.6927045583724976,none,0.0,0,15,[],-1.0,-1.0,105,84017640,6001260,0,105,0,0,0.0,15,54,36,"[[0,1],[0,2],[0,3],[0,4],[0,5],[0,6],[0,7],[0,8],[0,9],[0,10],[0,11],[0,12],[0,13],[0,14],[1,2],[1,3],[1,4],[1,5],[1,6],[1,7],[1,8],[1,9],[1,10],[1,11],[1,12],[1,13],[1,14],[2,3],[2,4],[2,5],[2,6],[2,7],[2,8],[2,9],[2,10],[2,11],[2,12],[2,13],[2,14],[3,4],[3,5],[3,6],[3,7],[3,8],[3,9],[3,10],[3,11],[3,12],[3,13],[3,14],[4,5],[4,6],[4,7],[4,8],[4,9],[4,10],[4,11],[4,12],[4,13],[4,14],[5,6],[5,7],[5,8],[5,9],[5,10],[5,11],[5,12],[5,13],[5,14],[6,7],[6,8],[6,9],[6,10],[6,11],[6,12],[6,13],[6,14],[7,8],[7,9],[7,10],[7,11],[7,12],[7,13],[7,14],[8,9],[8,10],[8,11],[8,12],[8,13],[8,14],[9,10],[9,11],[9,12],[9,13],[9,14],[10,11],[10,12],[10,13],[10,14],[11,12],[11,13],[11,14],[12,13],[12,14],[13,14]]","[false, true, false, true, false, false, true, false, true, false, true, false, false, true, false]","[""rating_interaction_mf"", ""user_profile_mlp"", ""movie_metadata_mlp"", ""genre_knn_mlp"", ""popularity_temporal_mlp"", ""sparse_rating_mf"", ""masked_genres"", ""corrupt_user_profile"", ""outdated_popularity"", ""low_degree_interaction"", ""random_project_movie"", ""weak_genre_knn"", ""highk_noisy_knn"", ""partial_profile"", ""shuffled_feature_diagnostic""]","[0.5722098350524902, 0.6229791641235352, 0.5932754278182983, 0.6925445795059204, 0.6081722974777222, 0.5499345064163208, 0.632027268409729, 0.6437947750091553, 0.6788874268531799, 0.5635716319084167, 0.6879355311393738, 0.6334069967269897, 0.6042730808258057, 0.689545214176178, 0.6159306764602661]","[0, 1, 2, 3, 4, 5, 6, 7, 8, 9, 10, 11, 12, 13, 14]",outputs\movielens_main15_leakage_safe_20260705\cache\movielens_main_n15_seed44.pt,d2e21ffbc5d6bb9a53ce7fcaaacbee11ddff49722345feb1d6278248935369e6,0.7443748128478054,0.7515584891822515,0.8435352896509313
MovieLens1M,main,44,adaptive_pair,5,0.6834364533424377,0.6884404420852661,0.6669514979835244,0.6669514979835244,0.6884404420852661,0.6884404420852661,0,12002520,12002520,6001260,18003780,peer_to_peer_topology,all_supervised,supervised,shared_val,all_parties,0,True,all_parties_supervised_simulation,all_parties,all_parties,all_parties_supervised,shared,1.0,100021,100021,active,0.5,0.6884404420852661,0.6368862469991048,0.5920756459236145,0.5635016560554504,0.6931494474411011,none,0.0,0,15,[],-1.0,-1.0,15,12002520,6001260,3000630,15,3000630,0,0.8060248999972828,4,4,7,"[[0,1],[0,12],[1,14],[2,5],[2,9],[3,8],[3,10],[4,12],[4,14],[5,9],[6,7],[6,11],[7,11],[8,13],[10,13]]","[false, true, false, true, false, false, true, false, true, false, true, false, false, true, false]","[""rating_interaction_mf"", ""user_profile_mlp"", ""movie_metadata_mlp"", ""genre_knn_mlp"", ""popularity_temporal_mlp"", ""sparse_rating_mf"", ""masked_genres"", ""corrupt_user_profile"", ""outdated_popularity"", ""low_degree_interaction"", ""random_project_movie"", ""weak_genre_knn"", ""highk_noisy_knn"", ""partial_profile"", ""shuffled_feature_diagnostic""]","[0.5722098350524902, 0.6229791641235352, 0.5932754278182983, 0.6925445795059204, 0.6081722974777222, 0.5499345064163208, 0.632027268409729, 0.6437947750091553, 0.6788874268531799, 0.5635716319084167, 0.6879355311393738, 0.6334069967269897, 0.6042730808258057, 0.689545214176178, 0.6159306764602661]","[0, 1, 2, 3, 4, 5, 6, 7, 8, 9, 10, 11, 12, 13, 14]",outputs\movielens_main15_leakage_safe_20260705\cache\movielens_main_n15_seed44.pt,d2e21ffbc5d6bb9a53ce7fcaaacbee11ddff49722345feb1d6278248935369e6,0.744393575260732,0.7515497000259114,0.8436678988713552
MovieLens1M,main,44,adaptive_complementarity,5,0.6830365657806396,0.6880305409431458,0.6663281504385536,0.6663281504385536,0.6880305409431458,0.6880305409431458,0,12002520,12002520,6001260,18003780,peer_to_peer_topology,all_supervised,supervised,shared_val,all_parties,0,True,all_parties_supervised_simulation,all_parties,all_parties,all_parties_supervised,shared,1.0,100021,100021,active,0.5,0.6880305409431458,0.6418412168820699,0.600838840007782,0.588061511516571,0.692344605922699,none,0.0,0,15,[],-1.0,-1.0,15,12002520,6001260,3000630,15,3000630,0,0.7491050999960862,1,10,4,"[[0,6],[0,8],[1,6],[1,14],[2,8],[2,10],[3,5],[3,9],[4,10],[4,11],[5,13],[7,11],[7,12],[9,13],[12,14]]","[false, true, false, true, false, false, true, false, true, false, true, false, false, true, false]","[""rating_interaction_mf"", ""user_profile_mlp"", ""movie_metadata_mlp"", ""genre_knn_mlp"", ""popularity_temporal_mlp"", ""sparse_rating_mf"", ""masked_genres"", ""corrupt_user_profile"", ""outdated_popularity"", ""low_degree_interaction"", ""random_project_movie"", ""weak_genre_knn"", ""highk_noisy_knn"", ""partial_profile"", ""shuffled_feature_diagnostic""]","[0.5722098350524902, 0.6229791641235352, 0.5932754278182983, 0.6925445795059204, 0.6081722974777222, 0.5499345064163208, 0.632027268409729, 0.6437947750091553, 0.6788874268531799, 0.5635716319084167, 0.6879355311393738, 0.6334069967269897, 0.6042730808258057, 0.689545214176178, 0.6159306764602661]","[0, 1, 2, 3, 4, 5, 6, 7, 8, 9, 10, 11, 12, 13, 14]",outputs\movielens_main15_leakage_safe_20260705\cache\movielens_main_n15_seed44.pt,d2e21ffbc5d6bb9a53ce7fcaaacbee11ddff49722345feb1d6278248935369e6,0.7439362397712634,0.7514249638531182,0.8433504443161798
MovieLens1M,main,44,expander_matched,5,0.6588916182518005,0.6653502583503723,0.6352336811100543,0.6352336811100543,0.6653502583503723,0.6653502583503723,0,4000840,4000840,2400504,6401344,peer_to_peer_topology,all_supervised,supervised,shared_val,all_parties,0,True,all_parties_supervised_simulation,all_parties,all_parties,all_parties_supervised,shared,1.0,100021,100021,active,0.5,0.6653502583503723,0.632811450958252,0.5737095475196838,0.5690804719924927,0.6924795508384705,none,0.0,0,15,[],-1.0,-1.0,5,4000840,2400504,0,5,0,0,0.0,0,4,1,"[[1,2],[2,3],[3,4],[4,5],[5,6]]","[false, true, false, true, false, false, true, false, true, false, true, false, false, true, false]","[""rating_interaction_mf"", ""user_profile_mlp"", ""movie_metadata_mlp"", ""genre_knn_mlp"", ""popularity_temporal_mlp"", ""sparse_rating_mf"", ""masked_genres"", ""corrupt_user_profile"", ""outdated_popularity"", ""low_degree_interaction"", ""random_project_movie"", ""weak_genre_knn"", ""highk_noisy_knn"", ""partial_profile"", ""shuffled_feature_diagnostic""]","[0.5722098350524902, 0.6229791641235352, 0.5932754278182983, 0.6925445795059204, 0.6081722974777222, 0.5499345064163208, 0.632027268409729, 0.6437947750091553, 0.6788874268531799, 0.5635716319084167, 0.6879355311393738, 0.6334069967269897, 0.6042730808258057, 0.689545214176178, 0.6159306764602661]","[0, 1, 2, 3, 4, 5, 6, 7, 8, 9, 10, 11, 12, 13, 14]",outputs\movielens_main15_leakage_safe_20260705\cache\movielens_main_n15_seed44.pt,d2e21ffbc5d6bb9a53ce7fcaaacbee11ddff49722345feb1d6278248935369e6,0.7193412572228276,0.740045510674816,0.8231793744480727
MovieLens1M,main,44,topk_reliability_vote,5,0.6938142776489258,0.6954789757728577,0.6832945318282613,0.6832945318282613,0.6954789757728577,0.6954789757728577,0,0,0,2000420,2000420,global_diagnostic,all_supervised,supervised,shared_val,all_parties,0,True,all_parties_supervised_simulation,all_parties,all_parties,all_parties_supervised,shared,1.0,100021,100021,active,0.5,0.6954789757728577,0.6283380548159282,0.5737095475196838,0.5513792037963867,0.6920396685600281,none,0.0,0,15,[],-1.0,-1.0,0,0,2000420,0,0,0,0,0.0,0,0,0,[],"[false, true, false, true, false, false, true, false, true, false, true, false, false, true, false]","[""rating_interaction_mf"", ""user_profile_mlp"", ""movie_metadata_mlp"", ""genre_knn_mlp"", ""popularity_temporal_mlp"", ""sparse_rating_mf"", ""masked_genres"", ""corrupt_user_profile"", ""outdated_popularity"", ""low_degree_interaction"", ""random_project_movie"", ""weak_genre_knn"", ""highk_noisy_knn"", ""partial_profile"", ""shuffled_feature_diagnostic""]","[0.5722098350524902, 0.6229791641235352, 0.5932754278182983, 0.6925445795059204, 0.6081722974777222, 0.5499345064163208, 0.632027268409729, 0.6437947750091553, 0.6788874268531799, 0.5635716319084167, 0.6879355311393738, 0.6334069967269897, 0.6042730808258057, 0.689545214176178, 0.6159306764602661]","[0, 1, 2, 3, 4, 5, 6, 7, 8, 9, 10, 11, 12, 13, 14]",outputs\movielens_main15_leakage_safe_20260705\cache\movielens_main_n15_seed44.pt,d2e21ffbc5d6bb9a53ce7fcaaacbee11ddff49722345feb1d6278248935369e6,0.7510657720954683,0.7454143489399404,0.8549443507083452
MovieLens1M,main,45,single_party_best,5,0.6905049681663513,0.6903400421142578,0.6807202864739853,0.6807202864739853,0.6903400421142578,0.6903400421142578,0,0,0,0,0,local_reference,all_supervised,supervised,shared_val,all_parties,0,True,all_parties_supervised_simulation,all_parties,all_parties,all_parties_supervised,shared,1.0,100021,100021,active,0.5,0.6913998126983643,0.6348666747411092,0.6750182509422302,0.5555633306503296,0.6903400421142578,none,0.0,0,15,[],-1.0,-1.0,0,0,0,0,0,0,0,0.0,0,0,0,[],"[false, true, true, true, false, false, true, false, false, true, false, false, true, false, false]","[""rating_interaction_mf"", ""user_profile_mlp"", ""movie_metadata_mlp"", ""genre_knn_mlp"", ""popularity_temporal_mlp"", ""sparse_rating_mf"", ""masked_genres"", ""corrupt_user_profile"", ""outdated_popularity"", ""low_degree_interaction"", ""random_project_movie"", ""weak_genre_knn"", ""highk_noisy_knn"", ""partial_profile"", ""shuffled_feature_diagnostic""]","[0.6724787950515747, 0.6868257522583008, 0.6803171038627625, 0.6291678547859192, 0.6031333208084106, 0.6049929261207581, 0.6905049681663513, 0.5770587921142578, 0.677257776260376, 0.6271682977676392, 0.6111516356468201, 0.552653968334198, 0.6876456141471863, 0.623589038848877, 0.5846571922302246]","[0, 1, 2, 3, 4, 5, 6, 7, 8, 9, 10, 11, 12, 13, 14]",outputs\movielens_main15_leakage_safe_20260705\cache\movielens_main_n15_seed45.pt,9ffd9bed6c2c9a33749bc1e78bedec1168a1bda92c77e835da0ecbd88192ea7d,0.7464182268621483,0.7361403957148637,0.8505869811459537
MovieLens1M,main,45,local_uniform_vote,5,0.6867657899856567,0.690280020236969,0.6744957214751501,0.6744957214751501,0.690280020236969,0.690280020236969,0,0,0,6001260,6001260,global_diagnostic,all_supervised,supervised,shared_val,all_parties,0,True,all_parties_supervised_simulation,all_parties,all_parties,all_parties_supervised,shared,1.0,100021,100021,active,0.5,0.6913998126983643,0.6348666747411092,0.6750182509422302,0.5555633306503296,0.6903400421142578,none,0.0,0,15,[],-1.0,-1.0,0,0,6001260,0,0,0,0,0.0,0,0,0,[],"[false, true, true, true, false, false, true, false, false, true, false, false, true, false, false]","[""rating_interaction_mf"", ""user_profile_mlp"", ""movie_metadata_mlp"", ""genre_knn_mlp"", ""popularity_temporal_mlp"", ""sparse_rating_mf"", ""masked_genres"", ""corrupt_user_profile"", ""outdated_popularity"", ""low_degree_interaction"", ""random_project_movie"", ""weak_genre_knn"", ""highk_noisy_knn"", ""partial_profile"", ""shuffled_feature_diagnostic""]","[0.6724787950515747, 0.6868257522583008, 0.6803171038627625, 0.6291678547859192, 0.6031333208084106, 0.6049929261207581, 0.6905049681663513, 0.5770587921142578, 0.677257776260376, 0.6271682977676392, 0.6111516356468201, 0.552653968334198, 0.6876456141471863, 0.623589038848877, 0.5846571922302246]","[0, 1, 2, 3, 4, 5, 6, 7, 8, 9, 10, 11, 12, 13, 14]",outputs\movielens_main15_leakage_safe_20260705\cache\movielens_main_n15_seed45.pt,9ffd9bed6c2c9a33749bc1e78bedec1168a1bda92c77e835da0ecbd88192ea7d,0.7456866049923339,0.7461746137742581,0.8420033397191903
MovieLens1M,main,45,local_reliability_vote,5,0.6875855922698975,0.6913998126983643,0.6760866339300945,0.6760866339300945,0.6913998126983643,0.6913998126983643,0,0,0,6001260,6001260,global_diagnostic,all_supervised,supervised,shared_val,all_parties,0,True,all_parties_supervised_simulation,all_parties,all_parties,all_parties_supervised,shared,1.0,100021,100021,active,0.5,0.6913998126983643,0.6348666747411092,0.6750182509422302,0.5555633306503296,0.6903400421142578,none,0.0,0,15,[],-1.0,-1.0,0,0,6001260,0,0,0,0,0.0,0,0,0,[],"[false, true, true, true, false, false, true, false, false, true, false, false, true, false, false]","[""rating_interaction_mf"", ""user_profile_mlp"", ""movie_metadata_mlp"", ""genre_knn_mlp"", ""popularity_temporal_mlp"", ""sparse_rating_mf"", ""masked_genres"", ""corrupt_user_profile"", ""outdated_popularity"", ""low_degree_interaction"", ""random_project_movie"", ""weak_genre_knn"", ""highk_noisy_knn"", ""partial_profile"", ""shuffled_feature_diagnostic""]","[0.6724787950515747, 0.6868257522583008, 0.6803171038627625, 0.6291678547859192, 0.6031333208084106, 0.6049929261207581, 0.6905049681663513, 0.5770587921142578, 0.677257776260376, 0.6271682977676392, 0.6111516356468201, 0.552653968334198, 0.6876456141471863, 0.623589038848877, 0.5846571922302246]","[0, 1, 2, 3, 4, 5, 6, 7, 8, 9, 10, 11, 12, 13, 14]",outputs\movielens_main15_leakage_safe_20260705\cache\movielens_main_n15_seed45.pt,9ffd9bed6c2c9a33749bc1e78bedec1168a1bda92c77e835da0ecbd88192ea7d,0.7468837622562994,0.7465149032795838,0.8433272507398111
MovieLens1M,main,45,adaptive_graph_val,5,0.6938443183898926,0.6954889297485352,0.6831584690500675,0.6831584690500675,0.6954889297485352,0.6954889297485352,0,4000840,4000840,2400504,6401344,peer_to_peer_topology,all_supervised,supervised,shared_val,all_parties,0,True,all_parties_supervised_simulation,all_parties,all_parties,all_parties_supervised,shared,1.0,100021,100021,active,0.5,0.6954889297485352,0.6378763755162556,0.6750182509422302,0.5555633306503296,0.6920296549797058,none,0.0,0,15,[],-1.0,-1.0,5,4000840,2400504,3000630,5,3000630,510,11.60807940000086,4,1,0,"[[1,2],[1,3],[2,6],[3,12],[6,8]]","[false, true, true, true, false, false, true, false, false, true, false, false, true, false, false]","[""rating_interaction_mf"", ""user_profile_mlp"", ""movie_metadata_mlp"", ""genre_knn_mlp"", ""popularity_temporal_mlp"", ""sparse_rating_mf"", ""masked_genres"", ""corrupt_user_profile"", ""outdated_popularity"", ""low_degree_interaction"", ""random_project_movie"", ""weak_genre_knn"", ""highk_noisy_knn"", ""partial_profile"", ""shuffled_feature_diagnostic""]","[0.6724787950515747, 0.6868257522583008, 0.6803171038627625, 0.6291678547859192, 0.6031333208084106, 0.6049929261207581, 0.6905049681663513, 0.5770587921142578, 0.677257776260376, 0.6271682977676392, 0.6111516356468201, 0.552653968334198, 0.6876456141471863, 0.623589038848877, 0.5846571922302246]","[0, 1, 2, 3, 4, 5, 6, 7, 8, 9, 10, 11, 12, 13, 14]",outputs\movielens_main15_leakage_safe_20260705\cache\movielens_main_n15_seed45.pt,9ffd9bed6c2c9a33749bc1e78bedec1168a1bda92c77e835da0ecbd88192ea7d,0.7527930831076994,0.7456629297926974,0.8530666605787196
MovieLens1M,main,45,fixed_ring,5,0.6875056028366089,0.6911998391151428,0.6758323438044433,0.6758323438044433,0.6911998391151428,0.6911998391151428,0,12002520,12002520,6001260,18003780,peer_to_peer_topology,all_supervised,supervised,shared_val,all_parties,0,True,all_parties_supervised_simulation,all_parties,all_parties,all_parties_supervised,shared,1.0,100021,100021,active,0.5,0.6911998391151428,0.6461949666341146,0.6782175898551941,0.5771238207817078,0.6904399991035461,none,0.0,0,15,[],-1.0,-1.0,15,12002520,6001260,0,15,0,0,0.0,2,8,5,"[[0,1],[0,14],[1,2],[2,3],[3,4],[4,5],[5,6],[6,7],[7,8],[8,9],[9,10],[10,11],[11,12],[12,13],[13,14]]","[false, true, true, true, false, false, true, false, false, true, false, false, true, false, false]","[""rating_interaction_mf"", ""user_profile_mlp"", ""movie_metadata_mlp"", ""genre_knn_mlp"", ""popularity_temporal_mlp"", ""sparse_rating_mf"", ""masked_genres"", ""corrupt_user_profile"", ""outdated_popularity"", ""low_degree_interaction"", ""random_project_movie"", ""weak_genre_knn"", ""highk_noisy_knn"", ""partial_profile"", ""shuffled_feature_diagnostic""]","[0.6724787950515747, 0.6868257522583008, 0.6803171038627625, 0.6291678547859192, 0.6031333208084106, 0.6049929261207581, 0.6905049681663513, 0.5770587921142578, 0.677257776260376, 0.6271682977676392, 0.6111516356468201, 0.552653968334198, 0.6876456141471863, 0.623589038848877, 0.5846571922302246]","[0, 1, 2, 3, 4, 5, 6, 7, 8, 9, 10, 11, 12, 13, 14]",outputs\movielens_main15_leakage_safe_20260705\cache\movielens_main_n15_seed45.pt,9ffd9bed6c2c9a33749bc1e78bedec1168a1bda92c77e835da0ecbd88192ea7d,0.7467797781695703,0.7464131331666647,0.843359292745289
MovieLens1M,main,45,random_matched,5,0.6868657469749451,0.6883654594421387,0.6762446465524024,0.6762446465524024,0.6883654594421387,0.6883654594421387,0,4000840,4000840,3200672,7201512,peer_to_peer_topology,all_supervised,supervised,shared_val,all_parties,0,True,all_parties_supervised_simulation,all_parties,all_parties,all_parties_supervised,shared,1.0,100021,100021,active,0.5,0.6883654594421387,0.6428426702817281,0.6750182509422302,0.5721648335456848,0.6903400421142578,none,0.0,0,15,[],-1.0,-1.0,5,4000840,3200672,0,5,0,0,0.0,0,3,2,"[[1,4],[1,7],[4,5],[8,11],[12,13]]","[false, true, true, true, false, false, true, false, false, true, false, false, true, false, false]","[""rating_interaction_mf"", ""user_profile_mlp"", ""movie_metadata_mlp"", ""genre_knn_mlp"", ""popularity_temporal_mlp"", ""sparse_rating_mf"", ""masked_genres"", ""corrupt_user_profile"", ""outdated_popularity"", ""low_degree_interaction"", ""random_project_movie"", ""weak_genre_knn"", ""highk_noisy_knn"", ""partial_profile"", ""shuffled_feature_diagnostic""]","[0.6724787950515747, 0.6868257522583008, 0.6803171038627625, 0.6291678547859192, 0.6031333208084106, 0.6049929261207581, 0.6905049681663513, 0.5770587921142578, 0.677257776260376, 0.6271682977676392, 0.6111516356468201, 0.552653968334198, 0.6876456141471863, 0.623589038848877, 0.5846571922302246]","[0, 1, 2, 3, 4, 5, 6, 7, 8, 9, 10, 11, 12, 13, 14]",outputs\movielens_main15_leakage_safe_20260705\cache\movielens_main_n15_seed45.pt,9ffd9bed6c2c9a33749bc1e78bedec1168a1bda92c77e835da0ecbd88192ea7d,0.7411558427193036,0.7388878650292358,0.837189163118286
MovieLens1M,main,45,full_mesh,5,0.6875455975532532,0.6914048194885254,0.6760867069952148,0.6760867069952148,0.6914048194885254,0.6914048194885254,0,84017640,84017640,6001260,90018900,peer_to_peer_topology,all_supervised,supervised,shared_val,all_parties,0,True,all_parties_supervised_simulation,all_parties,all_parties,all_parties_supervised,shared,1.0,100021,100021,active,0.5,0.6914048194885254,0.6472380717595418,0.6793673038482666,0.5784435272216797,0.6909849047660828,none,0.0,0,15,[],-1.0,-1.0,105,84017640,6001260,0,105,0,0,0.0,15,54,36,"[[0,1],[0,2],[0,3],[0,4],[0,5],[0,6],[0,7],[0,8],[0,9],[0,10],[0,11],[0,12],[0,13],[0,14],[1,2],[1,3],[1,4],[1,5],[1,6],[1,7],[1,8],[1,9],[1,10],[1,11],[1,12],[1,13],[1,14],[2,3],[2,4],[2,5],[2,6],[2,7],[2,8],[2,9],[2,10],[2,11],[2,12],[2,13],[2,14],[3,4],[3,5],[3,6],[3,7],[3,8],[3,9],[3,10],[3,11],[3,12],[3,13],[3,14],[4,5],[4,6],[4,7],[4,8],[4,9],[4,10],[4,11],[4,12],[4,13],[4,14],[5,6],[5,7],[5,8],[5,9],[5,10],[5,11],[5,12],[5,13],[5,14],[6,7],[6,8],[6,9],[6,10],[6,11],[6,12],[6,13],[6,14],[7,8],[7,9],[7,10],[7,11],[7,12],[7,13],[7,14],[8,9],[8,10],[8,11],[8,12],[8,13],[8,14],[9,10],[9,11],[9,12],[9,13],[9,14],[10,11],[10,12],[10,13],[10,14],[11,12],[11,13],[11,14],[12,13],[12,14],[13,14]]","[false, true, true, true, false, false, true, false, false, true, false, false, true, false, false]","[""rating_interaction_mf"", ""user_profile_mlp"", ""movie_metadata_mlp"", ""genre_knn_mlp"", ""popularity_temporal_mlp"", ""sparse_rating_mf"", ""masked_genres"", ""corrupt_user_profile"", ""outdated_popularity"", ""low_degree_interaction"", ""random_project_movie"", ""weak_genre_knn"", ""highk_noisy_knn"", ""partial_profile"", ""shuffled_feature_diagnostic""]","[0.6724787950515747, 0.6868257522583008, 0.6803171038627625, 0.6291678547859192, 0.6031333208084106, 0.6049929261207581, 0.6905049681663513, 0.5770587921142578, 0.677257776260376, 0.6271682977676392, 0.6111516356468201, 0.552653968334198, 0.6876456141471863, 0.623589038848877, 0.5846571922302246]","[0, 1, 2, 3, 4, 5, 6, 7, 8, 9, 10, 11, 12, 13, 14]",outputs\movielens_main15_leakage_safe_20260705\cache\movielens_main_n15_seed45.pt,9ffd9bed6c2c9a33749bc1e78bedec1168a1bda92c77e835da0ecbd88192ea7d,0.7468710239649192,0.7465262950431955,0.8433117175318275
MovieLens1M,main,45,adaptive_pair,5,0.6875956058502197,0.6914247870445251,0.676132814942207,0.676132814942207,0.6914247870445251,0.6914247870445251,0,12002520,12002520,6001260,18003780,peer_to_peer_topology,all_supervised,supervised,shared_val,all_parties,0,True,all_parties_supervised_simulation,all_parties,all_parties,all_parties_supervised,shared,1.0,100021,100021,active,0.5,0.6914247870445251,0.6444849888483684,0.6794072985649109,0.5682356953620911,0.6920197010040283,none,0.0,0,15,[],-1.0,-1.0,15,12002520,6001260,3000630,15,3000630,0,0.7336742000043159,4,4,7,"[[0,3],[0,8],[1,2],[1,12],[2,6],[3,13],[4,7],[4,11],[5,9],[5,10],[6,12],[7,11],[8,13],[9,14],[10,14]]","[false, true, true, true, false, false, true, false, false, true, false, false, true, false, false]","[""rating_interaction_mf"", ""user_profile_mlp"", ""movie_metadata_mlp"", ""genre_knn_mlp"", ""popularity_temporal_mlp"", ""sparse_rating_mf"", ""masked_genres"", ""corrupt_user_profile"", ""outdated_popularity"", ""low_degree_interaction"", ""random_project_movie"", ""weak_genre_knn"", ""highk_noisy_knn"", ""partial_profile"", ""shuffled_feature_diagnostic""]","[0.6724787950515747, 0.6868257522583008, 0.6803171038627625, 0.6291678547859192, 0.6031333208084106, 0.6049929261207581, 0.6905049681663513, 0.5770587921142578, 0.677257776260376, 0.6271682977676392, 0.6111516356468201, 0.552653968334198, 0.6876456141471863, 0.623589038848877, 0.5846571922302246]","[0, 1, 2, 3, 4, 5, 6, 7, 8, 9, 10, 11, 12, 13, 14]",outputs\movielens_main15_leakage_safe_20260705\cache\movielens_main_n15_seed45.pt,9ffd9bed6c2c9a33749bc1e78bedec1168a1bda92c77e835da0ecbd88192ea7d,0.7468905892693235,0.7465073302944436,0.8434008364066793
MovieLens1M,main,45,adaptive_complementarity,5,0.6864858269691467,0.6901400685310364,0.6738283917272367,0.6738283917272367,0.6901400685310364,0.6901400685310364,0,11202352,11202352,5601176,16803528,peer_to_peer_topology,all_supervised,supervised,shared_val,all_parties,0,True,all_parties_supervised_simulation,all_parties,all_parties,all_parties_supervised,shared,1.0,100021,100021,active,0.5,0.6901400685310364,0.6482935190200806,0.6796222925186157,0.593080461025238,0.6906749606132507,none,0.0,0,15,[],-1.0,-1.0,14,11202352,5601176,3000630,14,3000630,0,0.7978195000032429,1,10,3,"[[0,3],[0,9],[1,7],[1,11],[2,7],[2,14],[3,13],[4,5],[4,12],[5,10],[6,9],[6,11],[10,13],[12,14]]","[false, true, true, true, false, false, true, false, false, true, false, false, true, false, false]","[""rating_interaction_mf"", ""user_profile_mlp"", ""movie_metadata_mlp"", ""genre_knn_mlp"", ""popularity_temporal_mlp"", ""sparse_rating_mf"", ""masked_genres"", ""corrupt_user_profile"", ""outdated_popularity"", ""low_degree_interaction"", ""random_project_movie"", ""weak_genre_knn"", ""highk_noisy_knn"", ""partial_profile"", ""shuffled_feature_diagnostic""]","[0.6724787950515747, 0.6868257522583008, 0.6803171038627625, 0.6291678547859192, 0.6031333208084106, 0.6049929261207581, 0.6905049681663513, 0.5770587921142578, 0.677257776260376, 0.6271682977676392, 0.6111516356468201, 0.552653968334198, 0.6876456141471863, 0.623589038848877, 0.5846571922302246]","[0, 1, 2, 3, 4, 5, 6, 7, 8, 9, 10, 11, 12, 13, 14]",outputs\movielens_main15_leakage_safe_20260705\cache\movielens_main_n15_seed45.pt,9ffd9bed6c2c9a33749bc1e78bedec1168a1bda92c77e835da0ecbd88192ea7d,0.7455908314654446,0.7467695085731094,0.842654550026736
MovieLens1M,main,45,expander_matched,5,0.6783475279808044,0.6822617053985596,0.6652251052045738,0.6652251052045738,0.6822617053985596,0.6822617053985596,0,4000840,4000840,2400504,6401344,peer_to_peer_topology,all_supervised,supervised,shared_val,all_parties,0,True,all_parties_supervised_simulation,all_parties,all_parties,all_parties_supervised,shared,1.0,100021,100021,active,0.5,0.6822617053985596,0.6403165300687154,0.6750182509422302,0.5555633306503296,0.6904399991035461,none,0.0,0,15,[],-1.0,-1.0,5,4000840,2400504,0,5,0,0,0.0,0,4,1,"[[5,6],[6,7],[7,8],[8,9],[9,10]]","[false, true, true, true, false, false, true, false, false, true, false, false, true, false, false]","[""rating_interaction_mf"", ""user_profile_mlp"", ""movie_metadata_mlp"", ""genre_knn_mlp"", ""popularity_temporal_mlp"", ""sparse_rating_mf"", ""masked_genres"", ""corrupt_user_profile"", ""outdated_popularity"", ""low_degree_interaction"", ""random_project_movie"", ""weak_genre_knn"", ""highk_noisy_knn"", ""partial_profile"", ""shuffled_feature_diagnostic""]","[0.6724787950515747, 0.6868257522583008, 0.6803171038627625, 0.6291678547859192, 0.6031333208084106, 0.6049929261207581, 0.6905049681663513, 0.5770587921142578, 0.677257776260376, 0.6271682977676392, 0.6111516356468201, 0.552653968334198, 0.6876456141471863, 0.623589038848877, 0.5846571922302246]","[0, 1, 2, 3, 4, 5, 6, 7, 8, 9, 10, 11, 12, 13, 14]",outputs\movielens_main15_leakage_safe_20260705\cache\movielens_main_n15_seed45.pt,9ffd9bed6c2c9a33749bc1e78bedec1168a1bda92c77e835da0ecbd88192ea7d,0.7354903041563291,0.7407461791662078,0.8329007997650879
MovieLens1M,main,45,topk_reliability_vote,5,0.6934043765068054,0.693824291229248,0.6843686277973499,0.6843686277973499,0.693824291229248,0.693824291229248,0,0,0,2000420,2000420,global_diagnostic,all_supervised,supervised,shared_val,all_parties,0,True,all_parties_supervised_simulation,all_parties,all_parties,all_parties_supervised,shared,1.0,100021,100021,active,0.5,0.693824291229248,0.6348666747411092,0.6750182509422302,0.5555633306503296,0.6903400421142578,none,0.0,0,15,[],-1.0,-1.0,0,0,2000420,0,0,0,0,0.0,0,0,0,[],"[false, true, true, true, false, false, true, false, false, true, false, false, true, false, false]","[""rating_interaction_mf"", ""user_profile_mlp"", ""movie_metadata_mlp"", ""genre_knn_mlp"", ""popularity_temporal_mlp"", ""sparse_rating_mf"", ""masked_genres"", ""corrupt_user_profile"", ""outdated_popularity"", ""low_degree_interaction"", ""random_project_movie"", ""weak_genre_knn"", ""highk_noisy_knn"", ""partial_profile"", ""shuffled_feature_diagnostic""]","[0.6724787950515747, 0.6868257522583008, 0.6803171038627625, 0.6291678547859192, 0.6031333208084106, 0.6049929261207581, 0.6905049681663513, 0.5770587921142578, 0.677257776260376, 0.6271682977676392, 0.6111516356468201, 0.552653968334198, 0.6876456141471863, 0.623589038848877, 0.5846571922302246]","[0, 1, 2, 3, 4, 5, 6, 7, 8, 9, 10, 11, 12, 13, 14]",outputs\movielens_main15_leakage_safe_20260705\cache\movielens_main_n15_seed45.pt,9ffd9bed6c2c9a33749bc1e78bedec1168a1bda92c77e835da0ecbd88192ea7d,0.7509188441728007,0.7389992585206208,0.8524941502580106
MovieLens1M,main,46,single_party_best,5,0.6908448934555054,0.6906449794769287,0.6800598642156208,0.6800598642156208,0.6906449794769287,0.6906449794769287,0,0,0,0,0,local_reference,all_supervised,supervised,shared_val,all_parties,0,True,all_parties_supervised_simulation,all_parties,all_parties,all_parties_supervised,shared,1.0,100021,100021,active,0.5,0.6825266480445862,0.6349819779396058,0.561797022819519,0.561797022819519,0.6906449794769287,none,0.0,0,15,[],-1.0,-1.0,0,0,0,0,0,0,0,0.0,0,0,0,[],"[false, false, true, true, false, true, false, true, false, true, false, false, false, true, false]","[""rating_interaction_mf"", ""user_profile_mlp"", ""movie_metadata_mlp"", ""genre_knn_mlp"", ""popularity_temporal_mlp"", ""sparse_rating_mf"", ""masked_genres"", ""corrupt_user_profile"", ""outdated_popularity"", ""low_degree_interaction"", ""random_project_movie"", ""weak_genre_knn"", ""highk_noisy_knn"", ""partial_profile"", ""shuffled_feature_diagnostic""]","[0.5576629042625427, 0.6086621880531311, 0.6789674162864685, 0.6893052458763123, 0.6179702281951904, 0.6908448934555054, 0.6598114371299744, 0.6817368268966675, 0.6215994358062744, 0.6255886554718018, 0.5557132959365845, 0.6391357779502869, 0.6213995218276978, 0.6299477219581604, 0.6230191588401794]","[0, 1, 2, 3, 4, 5, 6, 7, 8, 9, 10, 11, 12, 13, 14]",outputs\movielens_main15_leakage_safe_20260705\cache\movielens_main_n15_seed46.pt,c875029b976c4e25e7c4c75c4c5084c7331a96e6347ed69e602fe519ad7dad42,0.7463791227390167,0.7382543522763801,0.851003468566058
MovieLens1M,main,46,local_uniform_vote,5,0.6774777173995972,0.6804471015930176,0.65738692007501,0.65738692007501,0.6804471015930176,0.6804471015930176,0,0,0,6001260,6001260,global_diagnostic,all_supervised,supervised,shared_val,all_parties,0,True,all_parties_supervised_simulation,all_parties,all_parties,all_parties_supervised,shared,1.0,100021,100021,active,0.5,0.6825266480445862,0.6349819779396058,0.561797022819519,0.561797022819519,0.6906449794769287,none,0.0,0,15,[],-1.0,-1.0,0,0,6001260,0,0,0,0,0.0,0,0,0,[],"[false, false, true, true, false, true, false, true, false, true, false, false, false, true, false]","[""rating_interaction_mf"", ""user_profile_mlp"", ""movie_metadata_mlp"", ""genre_knn_mlp"", ""popularity_temporal_mlp"", ""sparse_rating_mf"", ""masked_genres"", ""corrupt_user_profile"", ""outdated_popularity"", ""low_degree_interaction"", ""random_project_movie"", ""weak_genre_knn"", ""highk_noisy_knn"", ""partial_profile"", ""shuffled_feature_diagnostic""]","[0.5576629042625427, 0.6086621880531311, 0.6789674162864685, 0.6893052458763123, 0.6179702281951904, 0.6908448934555054, 0.6598114371299744, 0.6817368268966675, 0.6215994358062744, 0.6255886554718018, 0.5557132959365845, 0.6391357779502869, 0.6213995218276978, 0.6299477219581604, 0.6230191588401794]","[0, 1, 2, 3, 4, 5, 6, 7, 8, 9, 10, 11, 12, 13, 14]",outputs\movielens_main15_leakage_safe_20260705\cache\movielens_main_n15_seed46.pt,c875029b976c4e25e7c4c75c4c5084c7331a96e6347ed69e602fe519ad7dad42,0.7369257454445594,0.7462729221243152,0.8392411044639749
MovieLens1M,main,46,local_reliability_vote,5,0.6797372698783875,0.6825266480445862,0.6604756748949479,0.6604756748949479,0.6825266480445862,0.6825266480445862,0,0,0,6001260,6001260,global_diagnostic,all_supervised,supervised,shared_val,all_parties,0,True,all_parties_supervised_simulation,all_parties,all_parties,all_parties_supervised,shared,1.0,100021,100021,active,0.5,0.6825266480445862,0.6349819779396058,0.561797022819519,0.561797022819519,0.6906449794769287,none,0.0,0,15,[],-1.0,-1.0,0,0,6001260,0,0,0,0,0.0,0,0,0,[],"[false, false, true, true, false, true, false, true, false, true, false, false, false, true, false]","[""rating_interaction_mf"", ""user_profile_mlp"", ""movie_metadata_mlp"", ""genre_knn_mlp"", ""popularity_temporal_mlp"", ""sparse_rating_mf"", ""masked_genres"", ""corrupt_user_profile"", ""outdated_popularity"", ""low_degree_interaction"", ""random_project_movie"", ""weak_genre_knn"", ""highk_noisy_knn"", ""partial_profile"", ""shuffled_feature_diagnostic""]","[0.5576629042625427, 0.6086621880531311, 0.6789674162864685, 0.6893052458763123, 0.6179702281951904, 0.6908448934555054, 0.6598114371299744, 0.6817368268966675, 0.6215994358062744, 0.6255886554718018, 0.5557132959365845, 0.6391357779502869, 0.6213995218276978, 0.6299477219581604, 0.6230191588401794]","[0, 1, 2, 3, 4, 5, 6, 7, 8, 9, 10, 11, 12, 13, 14]",outputs\movielens_main15_leakage_safe_20260705\cache\movielens_main_n15_seed46.pt,c875029b976c4e25e7c4c75c4c5084c7331a96e6347ed69e602fe519ad7dad42,0.7389135216773338,0.7470022547824493,0.8410256489298548
MovieLens1M,main,46,adaptive_graph_val,5,0.6948840618133545,0.6930794715881348,0.6826033066399705,0.6826033066399705,0.6930794715881348,0.6930794715881348,0,4000840,4000840,2000420,6001260,peer_to_peer_topology,all_supervised,supervised,shared_val,all_parties,0,True,all_parties_supervised_simulation,all_parties,all_parties,all_parties_supervised,shared,1.0,100021,100021,active,0.5,0.6930794715881348,0.6371175289154053,0.561797022819519,0.561797022819519,0.6924545764923096,none,0.0,0,15,[],-1.0,-1.0,5,4000840,2000420,3000630,5,3000630,501,11.305894599994645,3,2,0,"[[2,3],[2,6],[3,7],[5,6],[5,7]]","[false, false, true, true, false, true, false, true, false, true, false, false, false, true, false]","[""rating_interaction_mf"", ""user_profile_mlp"", ""movie_metadata_mlp"", ""genre_knn_mlp"", ""popularity_temporal_mlp"", ""sparse_rating_mf"", ""masked_genres"", ""corrupt_user_profile"", ""outdated_popularity"", ""low_degree_interaction"", ""random_project_movie"", ""weak_genre_knn"", ""highk_noisy_knn"", ""partial_profile"", ""shuffled_feature_diagnostic""]","[0.5576629042625427, 0.6086621880531311, 0.6789674162864685, 0.6893052458763123, 0.6179702281951904, 0.6908448934555054, 0.6598114371299744, 0.6817368268966675, 0.6215994358062744, 0.6255886554718018, 0.5557132959365845, 0.6391357779502869, 0.6213995218276978, 0.6299477219581604, 0.6230191588401794]","[0, 1, 2, 3, 4, 5, 6, 7, 8, 9, 10, 11, 12, 13, 14]",outputs\movielens_main15_leakage_safe_20260705\cache\movielens_main_n15_seed46.pt,c875029b976c4e25e7c4c75c4c5084c7331a96e6347ed69e602fe519ad7dad42,0.7488841747953762,0.7402669374114262,0.8545268519649466
MovieLens1M,main,46,fixed_ring,5,0.6795772910118103,0.6823917031288147,0.66031744233218,0.66031744233218,0.6823917031288147,0.6823917031288147,0,12002520,12002520,6001260,18003780,peer_to_peer_topology,all_supervised,supervised,shared_val,all_parties,0,True,all_parties_supervised_simulation,all_parties,all_parties,all_parties_supervised,shared,1.0,100021,100021,active,0.5,0.6823917031288147,0.6448229193687439,0.5771787762641907,0.5771787762641907,0.6912098526954651,none,0.0,0,15,[],-1.0,-1.0,15,12002520,6001260,0,15,0,0,0.0,1,10,4,"[[0,1],[0,14],[1,2],[2,3],[3,4],[4,5],[5,6],[6,7],[7,8],[8,9],[9,10],[10,11],[11,12],[12,13],[13,14]]","[false, false, true, true, false, true, false, true, false, true, false, false, false, true, false]","[""rating_interaction_mf"", ""user_profile_mlp"", ""movie_metadata_mlp"", ""genre_knn_mlp"", ""popularity_temporal_mlp"", ""sparse_rating_mf"", ""masked_genres"", ""corrupt_user_profile"", ""outdated_popularity"", ""low_degree_interaction"", ""random_project_movie"", ""weak_genre_knn"", ""highk_noisy_knn"", ""partial_profile"", ""shuffled_feature_diagnostic""]","[0.5576629042625427, 0.6086621880531311, 0.6789674162864685, 0.6893052458763123, 0.6179702281951904, 0.6908448934555054, 0.6598114371299744, 0.6817368268966675, 0.6215994358062744, 0.6255886554718018, 0.5557132959365845, 0.6391357779502869, 0.6213995218276978, 0.6299477219581604, 0.6230191588401794]","[0, 1, 2, 3, 4, 5, 6, 7, 8, 9, 10, 11, 12, 13, 14]",outputs\movielens_main15_leakage_safe_20260705\cache\movielens_main_n15_seed46.pt,c875029b976c4e25e7c4c75c4c5084c7331a96e6347ed69e602fe519ad7dad42,0.738802897600962,0.7469098180746265,0.8411445136354455
MovieLens1M,main,46,random_matched,5,0.6790074110031128,0.6809419989585876,0.6596383353248435,0.6596383353248435,0.6809419989585876,0.6809419989585876,0,4000840,4000840,3600756,7601596,peer_to_peer_topology,all_supervised,supervised,shared_val,all_parties,0,True,all_parties_supervised_simulation,all_parties,all_parties,all_parties_supervised,shared,1.0,100021,100021,active,0.5,0.6809419989585876,0.6409597198168436,0.5779136419296265,0.5630067586898804,0.6918147206306458,none,0.0,0,15,[],-1.0,-1.0,5,4000840,3600756,0,5,0,0,0.0,1,2,2,"[[0,12],[1,6],[3,11],[5,12],[9,13]]","[false, false, true, true, false, true, false, true, false, true, false, false, false, true, false]","[""rating_interaction_mf"", ""user_profile_mlp"", ""movie_metadata_mlp"", ""genre_knn_mlp"", ""popularity_temporal_mlp"", ""sparse_rating_mf"", ""masked_genres"", ""corrupt_user_profile"", ""outdated_popularity"", ""low_degree_interaction"", ""random_project_movie"", ""weak_genre_knn"", ""highk_noisy_knn"", ""partial_profile"", ""shuffled_feature_diagnostic""]","[0.5576629042625427, 0.6086621880531311, 0.6789674162864685, 0.6893052458763123, 0.6179702281951904, 0.6908448934555054, 0.6598114371299744, 0.6817368268966675, 0.6215994358062744, 0.6255886554718018, 0.5557132959365845, 0.6391357779502869, 0.6213995218276978, 0.6299477219581604, 0.6230191588401794]","[0, 1, 2, 3, 4, 5, 6, 7, 8, 9, 10, 11, 12, 13, 14]",outputs\movielens_main15_leakage_safe_20260705\cache\movielens_main_n15_seed46.pt,c875029b976c4e25e7c4c75c4c5084c7331a96e6347ed69e602fe519ad7dad42,0.736186220390826,0.7447908544558138,0.8356652875210852
MovieLens1M,main,46,full_mesh,5,0.6796972751617432,0.682491660118103,0.6604336250767399,0.6604336250767399,0.682491660118103,0.682491660118103,0,84017640,84017640,6001260,90018900,peer_to_peer_topology,all_supervised,supervised,shared_val,all_parties,0,True,all_parties_supervised_simulation,all_parties,all_parties,all_parties_supervised,shared,1.0,100021,100021,active,0.5,0.682491660118103,0.6453671375910441,0.583747386932373,0.583747386932373,0.691419780254364,none,0.0,0,15,[],-1.0,-1.0,105,84017640,6001260,0,105,0,0,0.0,15,54,36,"[[0,1],[0,2],[0,3],[0,4],[0,5],[0,6],[0,7],[0,8],[0,9],[0,10],[0,11],[0,12],[0,13],[0,14],[1,2],[1,3],[1,4],[1,5],[1,6],[1,7],[1,8],[1,9],[1,10],[1,11],[1,12],[1,13],[1,14],[2,3],[2,4],[2,5],[2,6],[2,7],[2,8],[2,9],[2,10],[2,11],[2,12],[2,13],[2,14],[3,4],[3,5],[3,6],[3,7],[3,8],[3,9],[3,10],[3,11],[3,12],[3,13],[3,14],[4,5],[4,6],[4,7],[4,8],[4,9],[4,10],[4,11],[4,12],[4,13],[4,14],[5,6],[5,7],[5,8],[5,9],[5,10],[5,11],[5,12],[5,13],[5,14],[6,7],[6,8],[6,9],[6,10],[6,11],[6,12],[6,13],[6,14],[7,8],[7,9],[7,10],[7,11],[7,12],[7,13],[7,14],[8,9],[8,10],[8,11],[8,12],[8,13],[8,14],[9,10],[9,11],[9,12],[9,13],[9,14],[10,11],[10,12],[10,13],[10,14],[11,12],[11,13],[11,14],[12,13],[12,14],[13,14]]","[false, false, true, true, false, true, false, true, false, true, false, false, false, true, false]","[""rating_interaction_mf"", ""user_profile_mlp"", ""movie_metadata_mlp"", ""genre_knn_mlp"", ""popularity_temporal_mlp"", ""sparse_rating_mf"", ""masked_genres"", ""corrupt_user_profile"", ""outdated_popularity"", ""low_degree_interaction"", ""random_project_movie"", ""weak_genre_knn"", ""highk_noisy_knn"", ""partial_profile"", ""shuffled_feature_diagnostic""]","[0.5576629042625427, 0.6086621880531311, 0.6789674162864685, 0.6893052458763123, 0.6179702281951904, 0.6908448934555054, 0.6598114371299744, 0.6817368268966675, 0.6215994358062744, 0.6255886554718018, 0.5557132959365845, 0.6391357779502869, 0.6213995218276978, 0.6299477219581604, 0.6230191588401794]","[0, 1, 2, 3, 4, 5, 6, 7, 8, 9, 10, 11, 12, 13, 14]",outputs\movielens_main15_leakage_safe_20260705\cache\movielens_main_n15_seed46.pt,c875029b976c4e25e7c4c75c4c5084c7331a96e6347ed69e602fe519ad7dad42,0.7388917633385865,0.7469794085895143,0.8410228102513377
MovieLens1M,main,46,adaptive_pair,5,0.6811469793319702,0.6836714148521423,0.6623567945386406,0.6623567945386406,0.6836714148521423,0.6836714148521423,0,11202352,11202352,5601176,16803528,peer_to_peer_topology,all_supervised,supervised,shared_val,all_parties,0,True,all_parties_supervised_simulation,all_parties,all_parties,all_parties_supervised,shared,1.0,100021,100021,active,0.5,0.6836714148521423,0.6407374461491903,0.5771387815475464,0.5630067586898804,0.6917946934700012,none,0.0,0,15,[],-1.0,-1.0,14,11202352,5601176,3000630,14,3000630,0,0.7369209000025876,4,4,6,"[[0,1],[0,8],[1,8],[2,6],[2,9],[3,5],[3,7],[4,12],[4,14],[5,7],[6,11],[9,11],[12,13],[13,14]]","[false, false, true, true, false, true, false, true, false, true, false, false, false, true, false]","[""rating_interaction_mf"", ""user_profile_mlp"", ""movie_metadata_mlp"", ""genre_knn_mlp"", ""popularity_temporal_mlp"", ""sparse_rating_mf"", ""masked_genres"", ""corrupt_user_profile"", ""outdated_popularity"", ""low_degree_interaction"", ""random_project_movie"", ""weak_genre_knn"", ""highk_noisy_knn"", ""partial_profile"", ""shuffled_feature_diagnostic""]","[0.5576629042625427, 0.6086621880531311, 0.6789674162864685, 0.6893052458763123, 0.6179702281951904, 0.6908448934555054, 0.6598114371299744, 0.6817368268966675, 0.6215994358062744, 0.6255886554718018, 0.5557132959365845, 0.6391357779502869, 0.6213995218276978, 0.6299477219581604, 0.6230191588401794]","[0, 1, 2, 3, 4, 5, 6, 7, 8, 9, 10, 11, 12, 13, 14]",outputs\movielens_main15_leakage_safe_20260705\cache\movielens_main_n15_seed46.pt,c875029b976c4e25e7c4c75c4c5084c7331a96e6347ed69e602fe519ad7dad42,0.7401039380828334,0.7471904052288626,0.8426239555948101
MovieLens1M,main,46,adaptive_complementarity,5,0.6802471280097961,0.6827016472816467,0.6607615968418382,0.6607615968418382,0.6827016472816467,0.6827016472816467,0,11202352,11202352,6001260,17203612,peer_to_peer_topology,all_supervised,supervised,shared_val,all_parties,0,True,all_parties_supervised_simulation,all_parties,all_parties,all_parties_supervised,shared,1.0,100021,100021,active,0.5,0.6827016472816467,0.6475520133972168,0.6008438467979431,0.6008438467979431,0.6913048028945923,none,0.0,0,15,[],-1.0,-1.0,14,11202352,6001260,3000630,14,3000630,0,0.7054198000114411,1,9,4,"[[0,3],[0,5],[1,2],[1,7],[2,9],[3,10],[4,7],[4,14],[5,10],[6,12],[6,14],[8,13],[9,11],[11,12]]","[false, false, true, true, false, true, false, true, false, true, false, false, false, true, false]","[""rating_interaction_mf"", ""user_profile_mlp"", ""movie_metadata_mlp"", ""genre_knn_mlp"", ""popularity_temporal_mlp"", ""sparse_rating_mf"", ""masked_genres"", ""corrupt_user_profile"", ""outdated_popularity"", ""low_degree_interaction"", ""random_project_movie"", ""weak_genre_knn"", ""highk_noisy_knn"", ""partial_profile"", ""shuffled_feature_diagnostic""]","[0.5576629042625427, 0.6086621880531311, 0.6789674162864685, 0.6893052458763123, 0.6179702281951904, 0.6908448934555054, 0.6598114371299744, 0.6817368268966675, 0.6215994358062744, 0.6255886554718018, 0.5557132959365845, 0.6391357779502869, 0.6213995218276978, 0.6299477219581604, 0.6230191588401794]","[0, 1, 2, 3, 4, 5, 6, 7, 8, 9, 10, 11, 12, 13, 14]",outputs\movielens_main15_leakage_safe_20260705\cache\movielens_main_n15_seed46.pt,c875029b976c4e25e7c4c75c4c5084c7331a96e6347ed69e602fe519ad7dad42,0.7390380862512707,0.7470338560867226,0.8408038702150443
MovieLens1M,main,46,expander_matched,5,0.6430049538612366,0.6498585343360901,0.6179434141582378,0.6179434141582378,0.6498585343360901,0.6498585343360901,0,4000840,4000840,2400504,6401344,peer_to_peer_topology,all_supervised,supervised,shared_val,all_parties,0,True,all_parties_supervised_simulation,all_parties,all_parties,all_parties_supervised,shared,1.0,100021,100021,active,0.5,0.6498585343360901,0.6388888319333395,0.5784585475921631,0.5784585475921631,0.6906449794769287,none,0.0,0,15,[],-1.0,-1.0,5,4000840,2400504,0,5,0,0,0.0,0,2,3,"[[0,14],[10,11],[11,12],[12,13],[13,14]]","[false, false, true, true, false, true, false, true, false, true, false, false, false, true, false]","[""rating_interaction_mf"", ""user_profile_mlp"", ""movie_metadata_mlp"", ""genre_knn_mlp"", ""popularity_temporal_mlp"", ""sparse_rating_mf"", ""masked_genres"", ""corrupt_user_profile"", ""outdated_popularity"", ""low_degree_interaction"", ""random_project_movie"", ""weak_genre_knn"", ""highk_noisy_knn"", ""partial_profile"", ""shuffled_feature_diagnostic""]","[0.5576629042625427, 0.6086621880531311, 0.6789674162864685, 0.6893052458763123, 0.6179702281951904, 0.6908448934555054, 0.6598114371299744, 0.6817368268966675, 0.6215994358062744, 0.6255886554718018, 0.5557132959365845, 0.6391357779502869, 0.6213995218276978, 0.6299477219581604, 0.6230191588401794]","[0, 1, 2, 3, 4, 5, 6, 7, 8, 9, 10, 11, 12, 13, 14]",outputs\movielens_main15_leakage_safe_20260705\cache\movielens_main_n15_seed46.pt,c875029b976c4e25e7c4c75c4c5084c7331a96e6347ed69e602fe519ad7dad42,0.6970405298667044,0.7283670533120813,0.8059782550706416
MovieLens1M,main,46,topk_reliability_vote,5,0.6949240565299988,0.693119466304779,0.6826482396379467,0.6826482396379467,0.693119466304779,0.693119466304779,0,0,0,2000420,2000420,global_diagnostic,all_supervised,supervised,shared_val,all_parties,0,True,all_parties_supervised_simulation,all_parties,all_parties,all_parties_supervised,shared,1.0,100021,100021,active,0.5,0.693119466304779,0.6349819779396058,0.561797022819519,0.561797022819519,0.6906449794769287,none,0.0,0,15,[],-1.0,-1.0,0,0,2000420,0,0,0,0,0.0,0,0,0,[],"[false, false, true, true, false, true, false, true, false, true, false, false, false, true, false]","[""rating_interaction_mf"", ""user_profile_mlp"", ""movie_metadata_mlp"", ""genre_knn_mlp"", ""popularity_temporal_mlp"", ""sparse_rating_mf"", ""masked_genres"", ""corrupt_user_profile"", ""outdated_popularity"", ""low_degree_interaction"", ""random_project_movie"", ""weak_genre_knn"", ""highk_noisy_knn"", ""partial_profile"", ""shuffled_feature_diagnostic""]","[0.5576629042625427, 0.6086621880531311, 0.6789674162864685, 0.6893052458763123, 0.6179702281951904, 0.6908448934555054, 0.6598114371299744, 0.6817368268966675, 0.6215994358062744, 0.6255886554718018, 0.5557132959365845, 0.6391357779502869, 0.6213995218276978, 0.6299477219581604, 0.6230191588401794]","[0, 1, 2, 3, 4, 5, 6, 7, 8, 9, 10, 11, 12, 13, 14]",outputs\movielens_main15_leakage_safe_20260705\cache\movielens_main_n15_seed46.pt,c875029b976c4e25e7c4c75c4c5084c7331a96e6347ed69e602fe519ad7dad42,0.7488839254646936,0.7402941885700507,0.8545063773257408
MovieLens1M,hard,42,single_party_best,5,0.685106098651886,0.6867207884788513,0.6727454193735662,0.6727454193735662,0.6867207884788513,0.6867207884788513,0,0,0,0,0,local_reference,all_supervised,supervised,shared_val,all_parties,0,True,all_parties_supervised_simulation,all_parties,all_parties,all_parties_supervised,shared,1.0,100021,100021,active,0.5,0.688650369644165,0.6153837641080221,0.5717649459838867,0.5623918771743774,0.6867207884788513,none,0.0,0,15,[],-1.0,-1.0,0,0,0,0,0,0,0,0.0,0,0,0,[],"[false, false, false, false, false, false, false, true, false, true, false, false, false, false, true]","[""rating_interaction_mf"", ""user_profile_mlp"", ""movie_metadata_mlp"", ""genre_knn_mlp"", ""popularity_temporal_mlp"", ""sparse_rating_mf"", ""masked_genres"", ""corrupt_user_profile"", ""outdated_popularity"", ""low_degree_interaction"", ""random_project_movie"", ""weak_genre_knn"", ""highk_noisy_knn"", ""partial_profile"", ""shuffled_feature_diagnostic""]","[0.5702402591705322, 0.5799782276153564, 0.5688705444335938, 0.6174403429031372, 0.5634816884994507, 0.5958248972892761, 0.6240189671516418, 0.685106098651886, 0.6161206364631653, 0.6807570457458496, 0.6318373084068298, 0.6692494750022888, 0.5803481340408325, 0.6037032008171082, 0.6379860043525696]","[0, 1, 2, 3, 4, 5, 6, 7, 8, 9, 10, 11, 12, 13, 14]",outputs\movielens_hard15_leakage_safe_20260705\cache\movielens_hard_n15_seed42.pt,13c60d4d2b7c146195593c8f3d0463debbdf7eaeced45f8938a73f3d773538e4,0.7405683727484887,0.7403731031025639,0.8469393514901439
MovieLens1M,hard,42,local_uniform_vote,5,0.684216320514679,0.6875656247138977,0.6754619247593912,0.6754619247593912,0.6875656247138977,0.6875656247138977,0,0,0,6001260,6001260,global_diagnostic,all_supervised,supervised,shared_val,all_parties,0,True,all_parties_supervised_simulation,all_parties,all_parties,all_parties_supervised,shared,1.0,100021,100021,active,0.5,0.688650369644165,0.6153837641080221,0.5717649459838867,0.5623918771743774,0.6867207884788513,none,0.0,0,15,[],-1.0,-1.0,0,0,6001260,0,0,0,0,0.0,0,0,0,[],"[false, false, false, false, false, false, false, true, false, true, false, false, false, false, true]","[""rating_interaction_mf"", ""user_profile_mlp"", ""movie_metadata_mlp"", ""genre_knn_mlp"", ""popularity_temporal_mlp"", ""sparse_rating_mf"", ""masked_genres"", ""corrupt_user_profile"", ""outdated_popularity"", ""low_degree_interaction"", ""random_project_movie"", ""weak_genre_knn"", ""highk_noisy_knn"", ""partial_profile"", ""shuffled_feature_diagnostic""]","[0.5702402591705322, 0.5799782276153564, 0.5688705444335938, 0.6174403429031372, 0.5634816884994507, 0.5958248972892761, 0.6240189671516418, 0.685106098651886, 0.6161206364631653, 0.6807570457458496, 0.6318373084068298, 0.6692494750022888, 0.5803481340408325, 0.6037032008171082, 0.6379860043525696]","[0, 1, 2, 3, 4, 5, 6, 7, 8, 9, 10, 11, 12, 13, 14]",outputs\movielens_hard15_leakage_safe_20260705\cache\movielens_hard_n15_seed42.pt,13c60d4d2b7c146195593c8f3d0463debbdf7eaeced45f8938a73f3d773538e4,0.7421874335519334,0.7381365377041487,0.8435166440730947
MovieLens1M,hard,42,local_reliability_vote,5,0.68572598695755,0.688650369644165,0.6766761093421922,0.6766761093421922,0.688650369644165,0.688650369644165,0,0,0,6001260,6001260,global_diagnostic,all_supervised,supervised,shared_val,all_parties,0,True,all_parties_supervised_simulation,all_parties,all_parties,all_parties_supervised,shared,1.0,100021,100021,active,0.5,0.688650369644165,0.6153837641080221,0.5717649459838867,0.5623918771743774,0.6867207884788513,none,0.0,0,15,[],-1.0,-1.0,0,0,6001260,0,0,0,0,0.0,0,0,0,[],"[false, false, false, false, false, false, false, true, false, true, false, false, false, false, true]","[""rating_interaction_mf"", ""user_profile_mlp"", ""movie_metadata_mlp"", ""genre_knn_mlp"", ""popularity_temporal_mlp"", ""sparse_rating_mf"", ""masked_genres"", ""corrupt_user_profile"", ""outdated_popularity"", ""low_degree_interaction"", ""random_project_movie"", ""weak_genre_knn"", ""highk_noisy_knn"", ""partial_profile"", ""shuffled_feature_diagnostic""]","[0.5702402591705322, 0.5799782276153564, 0.5688705444335938, 0.6174403429031372, 0.5634816884994507, 0.5958248972892761, 0.6240189671516418, 0.685106098651886, 0.6161206364631653, 0.6807570457458496, 0.6318373084068298, 0.6692494750022888, 0.5803481340408325, 0.6037032008171082, 0.6379860043525696]","[0, 1, 2, 3, 4, 5, 6, 7, 8, 9, 10, 11, 12, 13, 14]",outputs\movielens_hard15_leakage_safe_20260705\cache\movielens_hard_n15_seed42.pt,13c60d4d2b7c146195593c8f3d0463debbdf7eaeced45f8938a73f3d773538e4,0.7434032885875375,0.738898041829638,0.8450440676673221
MovieLens1M,hard,42,adaptive_graph_val,5,0.6915047764778137,0.6931344270706177,0.6818066685755523,0.6818066685755523,0.6931344270706177,0.6931344270706177,0,4000840,4000840,2400504,6401344,peer_to_peer_topology,all_supervised,supervised,shared_val,all_parties,0,True,all_parties_supervised_simulation,all_parties,all_parties,all_parties_supervised,shared,1.0,100021,100021,active,0.5,0.6931344270706177,0.6205993374188741,0.5717649459838867,0.5623918771743774,0.6901500821113586,none,0.0,0,15,[],-1.0,-1.0,5,4000840,2400504,3000630,5,3000630,487,10.634573099989211,1,3,1,"[[5,9],[5,11],[7,9],[7,11],[13,14]]","[false, false, false, false, false, false, false, true, false, true, false, false, false, false, true]","[""rating_interaction_mf"", ""user_profile_mlp"", ""movie_metadata_mlp"", ""genre_knn_mlp"", ""popularity_temporal_mlp"", ""sparse_rating_mf"", ""masked_genres"", ""corrupt_user_profile"", ""outdated_popularity"", ""low_degree_interaction"", ""random_project_movie"", ""weak_genre_knn"", ""highk_noisy_knn"", ""partial_profile"", ""shuffled_feature_diagnostic""]","[0.5702402591705322, 0.5799782276153564, 0.5688705444335938, 0.6174403429031372, 0.5634816884994507, 0.5958248972892761, 0.6240189671516418, 0.685106098651886, 0.6161206364631653, 0.6807570457458496, 0.6318373084068298, 0.6692494750022888, 0.5803481340408325, 0.6037032008171082, 0.6379860043525696]","[0, 1, 2, 3, 4, 5, 6, 7, 8, 9, 10, 11, 12, 13, 14]",outputs\movielens_hard15_leakage_safe_20260705\cache\movielens_hard_n15_seed42.pt,13c60d4d2b7c146195593c8f3d0463debbdf7eaeced45f8938a73f3d773538e4,0.7498628051323138,0.7418435063460422,0.8496081279700691
MovieLens1M,hard,42,fixed_ring,5,0.6857060194015503,0.6885454058647156,0.6765444640437348,0.6765444640437348,0.6885454058647156,0.6885454058647156,0,12002520,12002520,6001260,18003780,peer_to_peer_topology,all_supervised,supervised,shared_val,all_parties,0,True,all_parties_supervised_simulation,all_parties,all_parties,all_parties_supervised,shared,1.0,100021,100021,active,0.5,0.6885454058647156,0.6287976185480754,0.5904660224914551,0.5753442049026489,0.6879805326461792,none,0.0,0,15,[],-1.0,-1.0,15,12002520,6001260,0,15,0,0,0.0,0,6,9,"[[0,1],[0,14],[1,2],[2,3],[3,4],[4,5],[5,6],[6,7],[7,8],[8,9],[9,10],[10,11],[11,12],[12,13],[13,14]]","[false, false, false, false, false, false, false, true, false, true, false, false, false, false, true]","[""rating_interaction_mf"", ""user_profile_mlp"", ""movie_metadata_mlp"", ""genre_knn_mlp"", ""popularity_temporal_mlp"", ""sparse_rating_mf"", ""masked_genres"", ""corrupt_user_profile"", ""outdated_popularity"", ""low_degree_interaction"", ""random_project_movie"", ""weak_genre_knn"", ""highk_noisy_knn"", ""partial_profile"", ""shuffled_feature_diagnostic""]","[0.5702402591705322, 0.5799782276153564, 0.5688705444335938, 0.6174403429031372, 0.5634816884994507, 0.5958248972892761, 0.6240189671516418, 0.685106098651886, 0.6161206364631653, 0.6807570457458496, 0.6318373084068298, 0.6692494750022888, 0.5803481340408325, 0.6037032008171082, 0.6379860043525696]","[0, 1, 2, 3, 4, 5, 6, 7, 8, 9, 10, 11, 12, 13, 14]",outputs\movielens_hard15_leakage_safe_20260705\cache\movielens_hard_n15_seed42.pt,13c60d4d2b7c146195593c8f3d0463debbdf7eaeced45f8938a73f3d773538e4,0.7432926000728329,0.738848323790522,0.8449214707857996
MovieLens1M,hard,42,random_matched,5,0.6845062375068665,0.688155472278595,0.677621807271884,0.677621807271884,0.688155472278595,0.688155472278595,0,4000840,4000840,3600756,7601596,peer_to_peer_topology,all_supervised,supervised,shared_val,all_parties,0,True,all_parties_supervised_simulation,all_parties,all_parties,all_parties_supervised,shared,1.0,100021,100021,active,0.5,0.688155472278595,0.6222919782002767,0.5717649459838867,0.5717649459838867,0.6888703107833862,none,0.0,0,15,[],-1.0,-1.0,5,4000840,3600756,0,5,0,0,0.0,1,0,4,"[[4,8],[5,11],[5,13],[6,12],[7,14]]","[false, false, false, false, false, false, false, true, false, true, false, false, false, false, true]","[""rating_interaction_mf"", ""user_profile_mlp"", ""movie_metadata_mlp"", ""genre_knn_mlp"", ""popularity_temporal_mlp"", ""sparse_rating_mf"", ""masked_genres"", ""corrupt_user_profile"", ""outdated_popularity"", ""low_degree_interaction"", ""random_project_movie"", ""weak_genre_knn"", ""highk_noisy_knn"", ""partial_profile"", ""shuffled_feature_diagnostic""]","[0.5702402591705322, 0.5799782276153564, 0.5688705444335938, 0.6174403429031372, 0.5634816884994507, 0.5958248972892761, 0.6240189671516418, 0.685106098651886, 0.6161206364631653, 0.6807570457458496, 0.6318373084068298, 0.6692494750022888, 0.5803481340408325, 0.6037032008171082, 0.6379860043525696]","[0, 1, 2, 3, 4, 5, 6, 7, 8, 9, 10, 11, 12, 13, 14]",outputs\movielens_hard15_leakage_safe_20260705\cache\movielens_hard_n15_seed42.pt,13c60d4d2b7c146195593c8f3d0463debbdf7eaeced45f8938a73f3d773538e4,0.7427506854662904,0.7358955470317778,0.8400895347409473
MovieLens1M,hard,42,full_mesh,5,0.6857159733772278,0.6886153817176819,0.6766378325531468,0.6766378325531468,0.6886153817176819,0.6886153817176819,0,84017640,84017640,6001260,90018900,peer_to_peer_topology,all_supervised,supervised,shared_val,all_parties,0,True,all_parties_supervised_simulation,all_parties,all_parties,all_parties_supervised,shared,1.0,100021,100021,active,0.5,0.6886153817176819,0.6294581492741903,0.5914158225059509,0.58070307970047,0.6885554194450378,none,0.0,0,15,[],-1.0,-1.0,105,84017640,6001260,0,105,0,0,0.0,3,36,66,"[[0,1],[0,2],[0,3],[0,4],[0,5],[0,6],[0,7],[0,8],[0,9],[0,10],[0,11],[0,12],[0,13],[0,14],[1,2],[1,3],[1,4],[1,5],[1,6],[1,7],[1,8],[1,9],[1,10],[1,11],[1,12],[1,13],[1,14],[2,3],[2,4],[2,5],[2,6],[2,7],[2,8],[2,9],[2,10],[2,11],[2,12],[2,13],[2,14],[3,4],[3,5],[3,6],[3,7],[3,8],[3,9],[3,10],[3,11],[3,12],[3,13],[3,14],[4,5],[4,6],[4,7],[4,8],[4,9],[4,10],[4,11],[4,12],[4,13],[4,14],[5,6],[5,7],[5,8],[5,9],[5,10],[5,11],[5,12],[5,13],[5,14],[6,7],[6,8],[6,9],[6,10],[6,11],[6,12],[6,13],[6,14],[7,8],[7,9],[7,10],[7,11],[7,12],[7,13],[7,14],[8,9],[8,10],[8,11],[8,12],[8,13],[8,14],[9,10],[9,11],[9,12],[9,13],[9,14],[10,11],[10,12],[10,13],[10,14],[11,12],[11,13],[11,14],[12,13],[12,14],[13,14]]","[false, false, false, false, false, false, false, true, false, true, false, false, false, false, true]","[""rating_interaction_mf"", ""user_profile_mlp"", ""movie_metadata_mlp"", ""genre_knn_mlp"", ""popularity_temporal_mlp"", ""sparse_rating_mf"", ""masked_genres"", ""corrupt_user_profile"", ""outdated_popularity"", ""low_degree_interaction"", ""random_project_movie"", ""weak_genre_knn"", ""highk_noisy_knn"", ""partial_profile"", ""shuffled_feature_diagnostic""]","[0.5702402591705322, 0.5799782276153564, 0.5688705444335938, 0.6174403429031372, 0.5634816884994507, 0.5958248972892761, 0.6240189671516418, 0.685106098651886, 0.6161206364631653, 0.6807570457458496, 0.6318373084068298, 0.6692494750022888, 0.5803481340408325, 0.6037032008171082, 0.6379860043525696]","[0, 1, 2, 3, 4, 5, 6, 7, 8, 9, 10, 11, 12, 13, 14]",outputs\movielens_hard15_leakage_safe_20260705\cache\movielens_hard_n15_seed42.pt,13c60d4d2b7c146195593c8f3d0463debbdf7eaeced45f8938a73f3d773538e4,0.7433895657596159,0.7388719806155729,0.8450440676673221
MovieLens1M,hard,42,adaptive_pair,5,0.6857159733772278,0.688650369644165,0.6766851516373205,0.6766851516373205,0.688650369644165,0.688650369644165,0,12002520,12002520,6001260,18003780,peer_to_peer_topology,all_supervised,supervised,shared_val,all_parties,0,True,all_parties_supervised_simulation,all_parties,all_parties,all_parties_supervised,shared,1.0,100021,100021,active,0.5,0.688650369644165,0.6271806200345357,0.583377480506897,0.573619544506073,0.6901500821113586,none,0.0,0,15,[],-1.0,-1.0,15,12002520,6001260,3000630,15,3000630,0,0.7248515999963274,1,4,10,"[[0,2],[0,4],[1,12],[1,13],[2,4],[3,8],[3,10],[5,12],[5,13],[6,10],[6,14],[7,9],[7,11],[8,14],[9,11]]","[false, false, false, false, false, false, false, true, false, true, false, false, false, false, true]","[""rating_interaction_mf"", ""user_profile_mlp"", ""movie_metadata_mlp"", ""genre_knn_mlp"", ""popularity_temporal_mlp"", ""sparse_rating_mf"", ""masked_genres"", ""corrupt_user_profile"", ""outdated_popularity"", ""low_degree_interaction"", ""random_project_movie"", ""weak_genre_knn"", ""highk_noisy_knn"", ""partial_profile"", ""shuffled_feature_diagnostic""]","[0.5702402591705322, 0.5799782276153564, 0.5688705444335938, 0.6174403429031372, 0.5634816884994507, 0.5958248972892761, 0.6240189671516418, 0.685106098651886, 0.6161206364631653, 0.6807570457458496, 0.6318373084068298, 0.6692494750022888, 0.5803481340408325, 0.6037032008171082, 0.6379860043525696]","[0, 1, 2, 3, 4, 5, 6, 7, 8, 9, 10, 11, 12, 13, 14]",outputs\movielens_hard15_leakage_safe_20260705\cache\movielens_hard_n15_seed42.pt,13c60d4d2b7c146195593c8f3d0463debbdf7eaeced45f8938a73f3d773538e4,0.7434008885387082,0.7388827166963632,0.8450281869199797
MovieLens1M,hard,42,adaptive_complementarity,5,0.685416042804718,0.6884304285049438,0.676445110237456,0.676445110237456,0.6884304285049438,0.6884304285049438,0,12002520,12002520,6001260,18003780,peer_to_peer_topology,all_supervised,supervised,shared_val,all_parties,0,True,all_parties_supervised_simulation,all_parties,all_parties,all_parties_supervised,shared,1.0,100021,100021,active,0.5,0.6884304285049438,0.6307262142499288,0.6061177253723145,0.5893862247467041,0.688155472278595,none,0.0,0,15,[],-1.0,-1.0,15,12002520,6001260,3000630,15,3000630,0,0.7335298000107286,0,6,9,"[[0,7],[0,9],[1,12],[1,13],[2,9],[2,11],[3,5],[3,10],[4,7],[4,14],[5,11],[6,8],[6,10],[8,14],[12,13]]","[false, false, false, false, false, false, false, true, false, true, false, false, false, false, true]","[""rating_interaction_mf"", ""user_profile_mlp"", ""movie_metadata_mlp"", ""genre_knn_mlp"", ""popularity_temporal_mlp"", ""sparse_rating_mf"", ""masked_genres"", ""corrupt_user_profile"", ""outdated_popularity"", ""low_degree_interaction"", ""random_project_movie"", ""weak_genre_knn"", ""highk_noisy_knn"", ""partial_profile"", ""shuffled_feature_diagnostic""]","[0.5702402591705322, 0.5799782276153564, 0.5688705444335938, 0.6174403429031372, 0.5634816884994507, 0.5958248972892761, 0.6240189671516418, 0.685106098651886, 0.6161206364631653, 0.6807570457458496, 0.6318373084068298, 0.6692494750022888, 0.5803481340408325, 0.6037032008171082, 0.6379860043525696]","[0, 1, 2, 3, 4, 5, 6, 7, 8, 9, 10, 11, 12, 13, 14]",outputs\movielens_hard15_leakage_safe_20260705\cache\movielens_hard_n15_seed42.pt,13c60d4d2b7c146195593c8f3d0463debbdf7eaeced45f8938a73f3d773538e4,0.743129515176911,0.7387179669912762,0.8448865121409509
MovieLens1M,hard,42,expander_matched,5,0.6718488931655884,0.6745883226394653,0.6651863276785179,0.6651863276785179,0.6745883226394653,0.6745883226394653,0,4000840,4000840,2400504,6401344,peer_to_peer_topology,all_supervised,supervised,shared_val,all_parties,0,True,all_parties_supervised_simulation,all_parties,all_parties,all_parties_supervised,shared,1.0,100021,100021,active,0.5,0.6745883226394653,0.6205553531646728,0.5904660224914551,0.5623918771743774,0.6867207884788513,none,0.0,0,15,[],-1.0,-1.0,5,4000840,2400504,0,5,0,0,0.0,0,2,3,"[[0,1],[0,14],[11,12],[12,13],[13,14]]","[false, false, false, false, false, false, false, true, false, true, false, false, false, false, true]","[""rating_interaction_mf"", ""user_profile_mlp"", ""movie_metadata_mlp"", ""genre_knn_mlp"", ""popularity_temporal_mlp"", ""sparse_rating_mf"", ""masked_genres"", ""corrupt_user_profile"", ""outdated_popularity"", ""low_degree_interaction"", ""random_project_movie"", ""weak_genre_knn"", ""highk_noisy_knn"", ""partial_profile"", ""shuffled_feature_diagnostic""]","[0.5702402591705322, 0.5799782276153564, 0.5688705444335938, 0.6174403429031372, 0.5634816884994507, 0.5958248972892761, 0.6240189671516418, 0.685106098651886, 0.6161206364631653, 0.6807570457458496, 0.6318373084068298, 0.6692494750022888, 0.5803481340408325, 0.6037032008171082, 0.6379860043525696]","[0, 1, 2, 3, 4, 5, 6, 7, 8, 9, 10, 11, 12, 13, 14]",outputs\movielens_hard15_leakage_safe_20260705\cache\movielens_hard_n15_seed42.pt,13c60d4d2b7c146195593c8f3d0463debbdf7eaeced45f8938a73f3d773538e4,0.7257518221480269,0.7212926649654913,0.8259115931210884
MovieLens1M,hard,42,topk_reliability_vote,5,0.6891552805900574,0.6922746300697327,0.679378098706015,0.679378098706015,0.6922746300697327,0.6922746300697327,0,0,0,2000420,2000420,global_diagnostic,all_supervised,supervised,shared_val,all_parties,0,True,all_parties_supervised_simulation,all_parties,all_parties,all_parties_supervised,shared,1.0,100021,100021,active,0.5,0.6922746300697327,0.6153837641080221,0.5717649459838867,0.5623918771743774,0.6867207884788513,none,0.0,0,15,[],-1.0,-1.0,0,0,2000420,0,0,0,0,0.0,0,0,0,[],"[false, false, false, false, false, false, false, true, false, true, false, false, false, false, true]","[""rating_interaction_mf"", ""user_profile_mlp"", ""movie_metadata_mlp"", ""genre_knn_mlp"", ""popularity_temporal_mlp"", ""sparse_rating_mf"", ""masked_genres"", ""corrupt_user_profile"", ""outdated_popularity"", ""low_degree_interaction"", ""random_project_movie"", ""weak_genre_knn"", ""highk_noisy_knn"", ""partial_profile"", ""shuffled_feature_diagnostic""]","[0.5702402591705322, 0.5799782276153564, 0.5688705444335938, 0.6174403429031372, 0.5634816884994507, 0.5958248972892761, 0.6240189671516418, 0.685106098651886, 0.6161206364631653, 0.6807570457458496, 0.6318373084068298, 0.6692494750022888, 0.5803481340408325, 0.6037032008171082, 0.6379860043525696]","[0, 1, 2, 3, 4, 5, 6, 7, 8, 9, 10, 11, 12, 13, 14]",outputs\movielens_hard15_leakage_safe_20260705\cache\movielens_hard_n15_seed42.pt,13c60d4d2b7c146195593c8f3d0463debbdf7eaeced45f8938a73f3d773538e4,0.7491141607860331,0.7436813484231477,0.85237137546662
MovieLens1M,hard,43,single_party_best,5,0.6873056888580322,0.6876255869865417,0.6774112849411791,0.6774112849411791,0.6876255869865417,0.6876255869865417,0,0,0,0,0,local_reference,all_supervised,supervised,shared_val,all_parties,0,True,all_parties_supervised_simulation,all_parties,all_parties,all_parties_supervised,shared,1.0,100021,100021,active,0.5,0.6790773868560791,0.623041828473409,0.6774377226829529,0.5572080016136169,0.6876255869865417,none,0.0,0,15,[],-1.0,-1.0,0,0,0,0,0,0,0,0.0,0,0,0,[],"[true, false, true, false, false, false, true, false, false, false, false, false, false, false, false]","[""rating_interaction_mf"", ""user_profile_mlp"", ""movie_metadata_mlp"", ""genre_knn_mlp"", ""popularity_temporal_mlp"", ""sparse_rating_mf"", ""masked_genres"", ""corrupt_user_profile"", ""outdated_popularity"", ""low_degree_interaction"", ""random_project_movie"", ""weak_genre_knn"", ""highk_noisy_knn"", ""partial_profile"", ""shuffled_feature_diagnostic""]","[0.6797472238540649, 0.5911058783531189, 0.636186420917511, 0.6109417080879211, 0.6871756911277771, 0.6717589497566223, 0.6873056888580322, 0.668049693107605, 0.5873466730117798, 0.6274782419204712, 0.5626918077468872, 0.6685296297073364, 0.5768288373947144, 0.6751082539558411, 0.5940152406692505]","[0, 1, 2, 3, 4, 5, 6, 7, 8, 9, 10, 11, 12, 13, 14]",outputs\movielens_hard15_leakage_safe_20260705\cache\movielens_hard_n15_seed43.pt,7e08fae1f0c62e46e005c14ed3ba0f947de3337a31cc1112320124405f2adce0,0.742350482321798,0.7348135699674925,0.8439042477588142
MovieLens1M,hard,43,local_uniform_vote,5,0.6879255175590515,0.6784675121307373,0.6739727924810777,0.6739727924810777,0.6784675121307373,0.6784675121307373,0,0,0,6001260,6001260,global_diagnostic,all_supervised,supervised,shared_val,all_parties,0,True,all_parties_supervised_simulation,all_parties,all_parties,all_parties_supervised,shared,1.0,100021,100021,active,0.5,0.6790773868560791,0.623041828473409,0.6774377226829529,0.5572080016136169,0.6876255869865417,none,0.0,0,15,[],-1.0,-1.0,0,0,6001260,0,0,0,0,0.0,0,0,0,[],"[true, false, true, false, false, false, true, false, false, false, false, false, false, false, false]","[""rating_interaction_mf"", ""user_profile_mlp"", ""movie_metadata_mlp"", ""genre_knn_mlp"", ""popularity_temporal_mlp"", ""sparse_rating_mf"", ""masked_genres"", ""corrupt_user_profile"", ""outdated_popularity"", ""low_degree_interaction"", ""random_project_movie"", ""weak_genre_knn"", ""highk_noisy_knn"", ""partial_profile"", ""shuffled_feature_diagnostic""]","[0.6797472238540649, 0.5911058783531189, 0.636186420917511, 0.6109417080879211, 0.6871756911277771, 0.6717589497566223, 0.6873056888580322, 0.668049693107605, 0.5873466730117798, 0.6274782419204712, 0.5626918077468872, 0.6685296297073364, 0.5768288373947144, 0.6751082539558411, 0.5940152406692505]","[0, 1, 2, 3, 4, 5, 6, 7, 8, 9, 10, 11, 12, 13, 14]",outputs\movielens_hard15_leakage_safe_20260705\cache\movielens_hard_n15_seed43.pt,7e08fae1f0c62e46e005c14ed3ba0f947de3337a31cc1112320124405f2adce0,0.7374867183729705,0.7122533888068715,0.8380235647978367
MovieLens1M,hard,43,local_reliability_vote,5,0.6885353922843933,0.6790773868560791,0.674564810496614,0.674564810496614,0.6790773868560791,0.6790773868560791,0,0,0,6001260,6001260,global_diagnostic,all_supervised,supervised,shared_val,all_parties,0,True,all_parties_supervised_simulation,all_parties,all_parties,all_parties_supervised,shared,1.0,100021,100021,active,0.5,0.6790773868560791,0.623041828473409,0.6774377226829529,0.5572080016136169,0.6876255869865417,none,0.0,0,15,[],-1.0,-1.0,0,0,6001260,0,0,0,0,0.0,0,0,0,[],"[true, false, true, false, false, false, true, false, false, false, false, false, false, false, false]","[""rating_interaction_mf"", ""user_profile_mlp"", ""movie_metadata_mlp"", ""genre_knn_mlp"", ""popularity_temporal_mlp"", ""sparse_rating_mf"", ""masked_genres"", ""corrupt_user_profile"", ""outdated_popularity"", ""low_degree_interaction"", ""random_project_movie"", ""weak_genre_knn"", ""highk_noisy_knn"", ""partial_profile"", ""shuffled_feature_diagnostic""]","[0.6797472238540649, 0.5911058783531189, 0.636186420917511, 0.6109417080879211, 0.6871756911277771, 0.6717589497566223, 0.6873056888580322, 0.668049693107605, 0.5873466730117798, 0.6274782419204712, 0.5626918077468872, 0.6685296297073364, 0.5768288373947144, 0.6751082539558411, 0.5940152406692505]","[0, 1, 2, 3, 4, 5, 6, 7, 8, 9, 10, 11, 12, 13, 14]",outputs\movielens_hard15_leakage_safe_20260705\cache\movielens_hard_n15_seed43.pt,7e08fae1f0c62e46e005c14ed3ba0f947de3337a31cc1112320124405f2adce0,0.7383928566004045,0.71288651955742,0.8389726510963376
MovieLens1M,hard,43,adaptive_graph_val,5,0.693794310092926,0.6934943795204163,0.6855572702669703,0.6855572702669703,0.6934943795204163,0.6934943795204163,0,4000840,4000840,2000420,6001260,peer_to_peer_topology,all_supervised,supervised,shared_val,all_parties,0,True,all_parties_supervised_simulation,all_parties,all_parties,all_parties_supervised,shared,1.0,100021,100021,active,0.5,0.6934943795204163,0.6259295543034872,0.6833664774894714,0.5572080016136169,0.6896301507949829,none,0.0,0,15,[],-1.0,-1.0,5,4000840,2000420,3000630,5,3000630,489,10.415337099999306,1,4,0,"[[0,6],[0,11],[2,4],[2,11],[4,6]]","[true, false, true, false, false, false, true, false, false, false, false, false, false, false, false]","[""rating_interaction_mf"", ""user_profile_mlp"", ""movie_metadata_mlp"", ""genre_knn_mlp"", ""popularity_temporal_mlp"", ""sparse_rating_mf"", ""masked_genres"", ""corrupt_user_profile"", ""outdated_popularity"", ""low_degree_interaction"", ""random_project_movie"", ""weak_genre_knn"", ""highk_noisy_knn"", ""partial_profile"", ""shuffled_feature_diagnostic""]","[0.6797472238540649, 0.5911058783531189, 0.636186420917511, 0.6109417080879211, 0.6871756911277771, 0.6717589497566223, 0.6873056888580322, 0.668049693107605, 0.5873466730117798, 0.6274782419204712, 0.5626918077468872, 0.6685296297073364, 0.5768288373947144, 0.6751082539558411, 0.5940152406692505]","[0, 1, 2, 3, 4, 5, 6, 7, 8, 9, 10, 11, 12, 13, 14]",outputs\movielens_hard15_leakage_safe_20260705\cache\movielens_hard_n15_seed43.pt,7e08fae1f0c62e46e005c14ed3ba0f947de3337a31cc1112320124405f2adce0,0.7502724805087568,0.7355148733521982,0.8478282121097126
MovieLens1M,hard,43,fixed_ring,5,0.6885554194450378,0.6789274215698242,0.6744445485116655,0.6744445485116655,0.6789274215698242,0.6789274215698242,0,12002520,12002520,6001260,18003780,peer_to_peer_topology,all_supervised,supervised,shared_val,all_parties,0,True,all_parties_supervised_simulation,all_parties,all_parties,all_parties_supervised,shared,1.0,100021,100021,active,0.5,0.6789274215698242,0.634963329633077,0.6804471015930176,0.5762439966201782,0.6885854005813599,none,0.0,0,15,[],-1.0,-1.0,15,12002520,6001260,0,15,0,0,0.0,0,6,9,"[[0,1],[0,14],[1,2],[2,3],[3,4],[4,5],[5,6],[6,7],[7,8],[8,9],[9,10],[10,11],[11,12],[12,13],[13,14]]","[true, false, true, false, false, false, true, false, false, false, false, false, false, false, false]","[""rating_interaction_mf"", ""user_profile_mlp"", ""movie_metadata_mlp"", ""genre_knn_mlp"", ""popularity_temporal_mlp"", ""sparse_rating_mf"", ""masked_genres"", ""corrupt_user_profile"", ""outdated_popularity"", ""low_degree_interaction"", ""random_project_movie"", ""weak_genre_knn"", ""highk_noisy_knn"", ""partial_profile"", ""shuffled_feature_diagnostic""]","[0.6797472238540649, 0.5911058783531189, 0.636186420917511, 0.6109417080879211, 0.6871756911277771, 0.6717589497566223, 0.6873056888580322, 0.668049693107605, 0.5873466730117798, 0.6274782419204712, 0.5626918077468872, 0.6685296297073364, 0.5768288373947144, 0.6751082539558411, 0.5940152406692505]","[0, 1, 2, 3, 4, 5, 6, 7, 8, 9, 10, 11, 12, 13, 14]",outputs\movielens_hard15_leakage_safe_20260705\cache\movielens_hard_n15_seed43.pt,7e08fae1f0c62e46e005c14ed3ba0f947de3337a31cc1112320124405f2adce0,0.7382518829826331,0.7126469693444765,0.8390136063153285
MovieLens1M,hard,43,random_matched,5,0.682336688041687,0.6790974140167236,0.6713725582788732,0.6713725582788732,0.6790974140167236,0.6790974140167236,0,4000840,4000840,2800588,6801428,peer_to_peer_topology,all_supervised,supervised,shared_val,all_parties,0,True,all_parties_supervised_simulation,all_parties,all_parties,all_parties_supervised,shared,1.0,100021,100021,active,0.5,0.6790974140167236,0.6288296103477478,0.6806520819664001,0.5572080016136169,0.6876255869865417,none,0.0,0,15,[],-1.0,-1.0,5,4000840,2800588,0,5,0,0,0.0,0,1,4,"[[0,11],[3,8],[3,9],[7,9],[11,14]]","[true, false, true, false, false, false, true, false, false, false, false, false, false, false, false]","[""rating_interaction_mf"", ""user_profile_mlp"", ""movie_metadata_mlp"", ""genre_knn_mlp"", ""popularity_temporal_mlp"", ""sparse_rating_mf"", ""masked_genres"", ""corrupt_user_profile"", ""outdated_popularity"", ""low_degree_interaction"", ""random_project_movie"", ""weak_genre_knn"", ""highk_noisy_knn"", ""partial_profile"", ""shuffled_feature_diagnostic""]","[0.6797472238540649, 0.5911058783531189, 0.636186420917511, 0.6109417080879211, 0.6871756911277771, 0.6717589497566223, 0.6873056888580322, 0.668049693107605, 0.5873466730117798, 0.6274782419204712, 0.5626918077468872, 0.6685296297073364, 0.5768288373947144, 0.6751082539558411, 0.5940152406692505]","[0, 1, 2, 3, 4, 5, 6, 7, 8, 9, 10, 11, 12, 13, 14]",outputs\movielens_hard15_leakage_safe_20260705\cache\movielens_hard_n15_seed43.pt,7e08fae1f0c62e46e005c14ed3ba0f947de3337a31cc1112320124405f2adce0,0.732899642476961,0.7217569957349421,0.8308305625713746
MovieLens1M,hard,43,full_mesh,5,0.6885054111480713,0.6790974140167236,0.674585864428882,0.674585864428882,0.6790974140167236,0.6790974140167236,0,84017640,84017640,6001260,90018900,peer_to_peer_topology,all_supervised,supervised,shared_val,all_parties,0,True,all_parties_supervised_simulation,all_parties,all_parties,all_parties_supervised,shared,1.0,100021,100021,active,0.5,0.6790974140167236,0.6345604141553243,0.6818218231201172,0.5774337649345398,0.6887853741645813,none,0.0,0,15,[],-1.0,-1.0,105,84017640,6001260,0,105,0,0,0.0,3,36,66,"[[0,1],[0,2],[0,3],[0,4],[0,5],[0,6],[0,7],[0,8],[0,9],[0,10],[0,11],[0,12],[0,13],[0,14],[1,2],[1,3],[1,4],[1,5],[1,6],[1,7],[1,8],[1,9],[1,10],[1,11],[1,12],[1,13],[1,14],[2,3],[2,4],[2,5],[2,6],[2,7],[2,8],[2,9],[2,10],[2,11],[2,12],[2,13],[2,14],[3,4],[3,5],[3,6],[3,7],[3,8],[3,9],[3,10],[3,11],[3,12],[3,13],[3,14],[4,5],[4,6],[4,7],[4,8],[4,9],[4,10],[4,11],[4,12],[4,13],[4,14],[5,6],[5,7],[5,8],[5,9],[5,10],[5,11],[5,12],[5,13],[5,14],[6,7],[6,8],[6,9],[6,10],[6,11],[6,12],[6,13],[6,14],[7,8],[7,9],[7,10],[7,11],[7,12],[7,13],[7,14],[8,9],[8,10],[8,11],[8,12],[8,13],[8,14],[9,10],[9,11],[9,12],[9,13],[9,14],[10,11],[10,12],[10,13],[10,14],[11,12],[11,13],[11,14],[12,13],[12,14],[13,14]]","[true, false, true, false, false, false, true, false, false, false, false, false, false, false, false]","[""rating_interaction_mf"", ""user_profile_mlp"", ""movie_metadata_mlp"", ""genre_knn_mlp"", ""popularity_temporal_mlp"", ""sparse_rating_mf"", ""masked_genres"", ""corrupt_user_profile"", ""outdated_popularity"", ""low_degree_interaction"", ""random_project_movie"", ""weak_genre_knn"", ""highk_noisy_knn"", ""partial_profile"", ""shuffled_feature_diagnostic""]","[0.6797472238540649, 0.5911058783531189, 0.636186420917511, 0.6109417080879211, 0.6871756911277771, 0.6717589497566223, 0.6873056888580322, 0.668049693107605, 0.5873466730117798, 0.6274782419204712, 0.5626918077468872, 0.6685296297073364, 0.5768288373947144, 0.6751082539558411, 0.5940152406692505]","[0, 1, 2, 3, 4, 5, 6, 7, 8, 9, 10, 11, 12, 13, 14]",outputs\movielens_hard15_leakage_safe_20260705\cache\movielens_hard_n15_seed43.pt,7e08fae1f0c62e46e005c14ed3ba0f947de3337a31cc1112320124405f2adce0,0.7383832124652483,0.7129018408200504,0.8389484832342043
MovieLens1M,hard,43,adaptive_pair,5,0.6887553334236145,0.6792473793029785,0.6746677681136128,0.6746677681136128,0.6792473793029785,0.6792473793029785,0,11202352,11202352,6001260,17203612,peer_to_peer_topology,all_supervised,supervised,shared_val,all_parties,0,True,all_parties_supervised_simulation,all_parties,all_parties,all_parties_supervised,shared,1.0,100021,100021,active,0.5,0.6792473793029785,0.6323562065760294,0.6839963793754578,0.5677807927131653,0.6896301507949829,none,0.0,0,15,[],-1.0,-1.0,14,11202352,6001260,3000630,14,3000630,0,0.73665279999841,1,4,9,"[[0,4],[0,6],[1,9],[1,14],[2,3],[2,8],[3,9],[4,6],[5,11],[5,13],[7,11],[7,13],[8,14],[10,12]]","[true, false, true, false, false, false, true, false, false, false, false, false, false, false, false]","[""rating_interaction_mf"", ""user_profile_mlp"", ""movie_metadata_mlp"", ""genre_knn_mlp"", ""popularity_temporal_mlp"", ""sparse_rating_mf"", ""masked_genres"", ""corrupt_user_profile"", ""outdated_popularity"", ""low_degree_interaction"", ""random_project_movie"", ""weak_genre_knn"", ""highk_noisy_knn"", ""partial_profile"", ""shuffled_feature_diagnostic""]","[0.6797472238540649, 0.5911058783531189, 0.636186420917511, 0.6109417080879211, 0.6871756911277771, 0.6717589497566223, 0.6873056888580322, 0.668049693107605, 0.5873466730117798, 0.6274782419204712, 0.5626918077468872, 0.6685296297073364, 0.5768288373947144, 0.6751082539558411, 0.5940152406692505]","[0, 1, 2, 3, 4, 5, 6, 7, 8, 9, 10, 11, 12, 13, 14]",outputs\movielens_hard15_leakage_safe_20260705\cache\movielens_hard_n15_seed43.pt,7e08fae1f0c62e46e005c14ed3ba0f947de3337a31cc1112320124405f2adce0,0.7388027127086121,0.7132668382668382,0.8396649222379937
MovieLens1M,hard,43,adaptive_complementarity,5,0.6886853575706482,0.6806320548057556,0.6755784772591515,0.6755784772591515,0.6806320548057556,0.6806320548057556,0,11202352,11202352,5601176,16803528,peer_to_peer_topology,all_supervised,supervised,shared_val,all_parties,0,True,all_parties_supervised_simulation,all_parties,all_parties,all_parties_supervised,shared,1.0,100021,100021,active,0.5,0.6806320548057556,0.6355088671048482,0.6797622442245483,0.5913158059120178,0.688155472278595,none,0.0,0,15,[],-1.0,-1.0,14,11202352,5601176,3000630,14,3000630,0,0.7523842999944463,0,6,8,"[[0,10],[0,12],[1,2],[1,9],[2,8],[3,4],[3,14],[4,14],[5,7],[5,11],[6,10],[6,12],[7,11],[8,9]]","[true, false, true, false, false, false, true, false, false, false, false, false, false, false, false]","[""rating_interaction_mf"", ""user_profile_mlp"", ""movie_metadata_mlp"", ""genre_knn_mlp"", ""popularity_temporal_mlp"", ""sparse_rating_mf"", ""masked_genres"", ""corrupt_user_profile"", ""outdated_popularity"", ""low_degree_interaction"", ""random_project_movie"", ""weak_genre_knn"", ""highk_noisy_knn"", ""partial_profile"", ""shuffled_feature_diagnostic""]","[0.6797472238540649, 0.5911058783531189, 0.636186420917511, 0.6109417080879211, 0.6871756911277771, 0.6717589497566223, 0.6873056888580322, 0.668049693107605, 0.5873466730117798, 0.6274782419204712, 0.5626918077468872, 0.6685296297073364, 0.5768288373947144, 0.6751082539558411, 0.5940152406692505]","[0, 1, 2, 3, 4, 5, 6, 7, 8, 9, 10, 11, 12, 13, 14]",outputs\movielens_hard15_leakage_safe_20260705\cache\movielens_hard_n15_seed43.pt,7e08fae1f0c62e46e005c14ed3ba0f947de3337a31cc1112320124405f2adce0,0.739025094062712,0.7160691350123772,0.8382186886604858
MovieLens1M,hard,43,expander_matched,5,0.6885954141616821,0.6762779951095581,0.6727700203989182,0.6727700203989182,0.6762779951095581,0.6762779951095581,0,4000840,4000840,2400504,6401344,peer_to_peer_topology,all_supervised,supervised,shared_val,all_parties,0,True,all_parties_supervised_simulation,all_parties,all_parties,all_parties_supervised,shared,1.0,100021,100021,active,0.5,0.6762779951095581,0.6275495489438375,0.6774377226829529,0.5572080016136169,0.688560426235199,none,0.0,0,15,[],-1.0,-1.0,5,4000840,2400504,0,5,0,0,0.0,0,3,2,"[[1,2],[2,3],[3,4],[4,5],[5,6]]","[true, false, true, false, false, false, true, false, false, false, false, false, false, false, false]","[""rating_interaction_mf"", ""user_profile_mlp"", ""movie_metadata_mlp"", ""genre_knn_mlp"", ""popularity_temporal_mlp"", ""sparse_rating_mf"", ""masked_genres"", ""corrupt_user_profile"", ""outdated_popularity"", ""low_degree_interaction"", ""random_project_movie"", ""weak_genre_knn"", ""highk_noisy_knn"", ""partial_profile"", ""shuffled_feature_diagnostic""]","[0.6797472238540649, 0.5911058783531189, 0.636186420917511, 0.6109417080879211, 0.6871756911277771, 0.6717589497566223, 0.6873056888580322, 0.668049693107605, 0.5873466730117798, 0.6274782419204712, 0.5626918077468872, 0.6685296297073364, 0.5768288373947144, 0.6751082539558411, 0.5940152406692505]","[0, 1, 2, 3, 4, 5, 6, 7, 8, 9, 10, 11, 12, 13, 14]",outputs\movielens_hard15_leakage_safe_20260705\cache\movielens_hard_n15_seed43.pt,7e08fae1f0c62e46e005c14ed3ba0f947de3337a31cc1112320124405f2adce0,0.7367272215966874,0.7066508421138461,0.8374626438234053
MovieLens1M,hard,43,topk_reliability_vote,5,0.6922846436500549,0.6808420419692993,0.676832127031785,0.676832127031785,0.6808420419692993,0.6808420419692993,0,0,0,2000420,2000420,global_diagnostic,all_supervised,supervised,shared_val,all_parties,0,True,all_parties_supervised_simulation,all_parties,all_parties,all_parties_supervised,shared,1.0,100021,100021,active,0.5,0.6808420419692993,0.623041828473409,0.6774377226829529,0.5572080016136169,0.6876255869865417,none,0.0,0,15,[],-1.0,-1.0,0,0,2000420,0,0,0,0,0.0,0,0,0,[],"[true, false, true, false, false, false, true, false, false, false, false, false, false, false, false]","[""rating_interaction_mf"", ""user_profile_mlp"", ""movie_metadata_mlp"", ""genre_knn_mlp"", ""popularity_temporal_mlp"", ""sparse_rating_mf"", ""masked_genres"", ""corrupt_user_profile"", ""outdated_popularity"", ""low_degree_interaction"", ""random_project_movie"", ""weak_genre_knn"", ""highk_noisy_knn"", ""partial_profile"", ""shuffled_feature_diagnostic""]","[0.6797472238540649, 0.5911058783531189, 0.636186420917511, 0.6109417080879211, 0.6871756911277771, 0.6717589497566223, 0.6873056888580322, 0.668049693107605, 0.5873466730117798, 0.6274782419204712, 0.5626918077468872, 0.6685296297073364, 0.5768288373947144, 0.6751082539558411, 0.5940152406692505]","[0, 1, 2, 3, 4, 5, 6, 7, 8, 9, 10, 11, 12, 13, 14]",outputs\movielens_hard15_leakage_safe_20260705\cache\movielens_hard_n15_seed43.pt,7e08fae1f0c62e46e005c14ed3ba0f947de3337a31cc1112320124405f2adce0,0.7425700156030705,0.7128303159788598,0.8443864154514312
MovieLens1M,hard,44,single_party_best,5,0.689545214176178,0.689110279083252,0.6778016414706196,0.6778016414706196,0.689110279083252,0.689110279083252,0,0,0,0,0,local_reference,all_supervised,supervised,shared_val,all_parties,0,True,all_parties_supervised_simulation,all_parties,all_parties,all_parties_supervised,shared,1.0,100021,100021,active,0.5,0.6916547417640686,0.6263124704360962,0.6186450719833374,0.5604273080825806,0.689110279083252,none,0.0,0,15,[],-1.0,-1.0,0,0,0,0,0,0,0,0.0,0,0,0,[],"[false, false, true, false, false, false, false, false, false, false, false, true, false, true, false]","[""rating_interaction_mf"", ""user_profile_mlp"", ""movie_metadata_mlp"", ""genre_knn_mlp"", ""popularity_temporal_mlp"", ""sparse_rating_mf"", ""masked_genres"", ""corrupt_user_profile"", ""outdated_popularity"", ""low_degree_interaction"", ""random_project_movie"", ""weak_genre_knn"", ""highk_noisy_knn"", ""partial_profile"", ""shuffled_feature_diagnostic""]","[0.6259385347366333, 0.5593525171279907, 0.689545214176178, 0.6192399859428406, 0.5677807927131653, 0.6419451832771301, 0.6017136573791504, 0.6879355311393738, 0.6747882962226868, 0.599114179611206, 0.6229791641235352, 0.632027268409729, 0.5905060172080994, 0.6788874268531799, 0.5902360677719116]","[0, 1, 2, 3, 4, 5, 6, 7, 8, 9, 10, 11, 12, 13, 14]",outputs\movielens_hard15_leakage_safe_20260705\cache\movielens_hard_n15_seed44.pt,e2573f6a1637935b88696289fab178d9cb3acac9e5c33a5bad678e02d93580dc,0.7433519855269443,0.7381641047663554,0.8453165703762028
MovieLens1M,hard,44,local_uniform_vote,5,0.6878855228424072,0.6905750036239624,0.6741563480794723,0.6741563480794723,0.6905750036239624,0.6905750036239624,0,0,0,6001260,6001260,global_diagnostic,all_supervised,supervised,shared_val,all_parties,0,True,all_parties_supervised_simulation,all_parties,all_parties,all_parties_supervised,shared,1.0,100021,100021,active,0.5,0.6916547417640686,0.6263124704360962,0.6186450719833374,0.5604273080825806,0.689110279083252,none,0.0,0,15,[],-1.0,-1.0,0,0,6001260,0,0,0,0,0.0,0,0,0,[],"[false, false, true, false, false, false, false, false, false, false, false, true, false, true, false]","[""rating_interaction_mf"", ""user_profile_mlp"", ""movie_metadata_mlp"", ""genre_knn_mlp"", ""popularity_temporal_mlp"", ""sparse_rating_mf"", ""masked_genres"", ""corrupt_user_profile"", ""outdated_popularity"", ""low_degree_interaction"", ""random_project_movie"", ""weak_genre_knn"", ""highk_noisy_knn"", ""partial_profile"", ""shuffled_feature_diagnostic""]","[0.6259385347366333, 0.5593525171279907, 0.689545214176178, 0.6192399859428406, 0.5677807927131653, 0.6419451832771301, 0.6017136573791504, 0.6879355311393738, 0.6747882962226868, 0.599114179611206, 0.6229791641235352, 0.632027268409729, 0.5905060172080994, 0.6788874268531799, 0.5902360677719116]","[0, 1, 2, 3, 4, 5, 6, 7, 8, 9, 10, 11, 12, 13, 14]",outputs\movielens_hard15_leakage_safe_20260705\cache\movielens_hard_n15_seed44.pt,e2573f6a1637935b88696289fab178d9cb3acac9e5c33a5bad678e02d93580dc,0.7458196675109265,0.747299404766765,0.8442380865719
MovieLens1M,hard,44,local_reliability_vote,5,0.6883754134178162,0.6916547417640686,0.6753945314127989,0.6753945314127989,0.6916547417640686,0.6916547417640686,0,0,0,6001260,6001260,global_diagnostic,all_supervised,supervised,shared_val,all_parties,0,True,all_parties_supervised_simulation,all_parties,all_parties,all_parties_supervised,shared,1.0,100021,100021,active,0.5,0.6916547417640686,0.6263124704360962,0.6186450719833374,0.5604273080825806,0.689110279083252,none,0.0,0,15,[],-1.0,-1.0,0,0,6001260,0,0,0,0,0.0,0,0,0,[],"[false, false, true, false, false, false, false, false, false, false, false, true, false, true, false]","[""rating_interaction_mf"", ""user_profile_mlp"", ""movie_metadata_mlp"", ""genre_knn_mlp"", ""popularity_temporal_mlp"", ""sparse_rating_mf"", ""masked_genres"", ""corrupt_user_profile"", ""outdated_popularity"", ""low_degree_interaction"", ""random_project_movie"", ""weak_genre_knn"", ""highk_noisy_knn"", ""partial_profile"", ""shuffled_feature_diagnostic""]","[0.6259385347366333, 0.5593525171279907, 0.689545214176178, 0.6192399859428406, 0.5677807927131653, 0.6419451832771301, 0.6017136573791504, 0.6879355311393738, 0.6747882962226868, 0.599114179611206, 0.6229791641235352, 0.632027268409729, 0.5905060172080994, 0.6788874268531799, 0.5902360677719116]","[0, 1, 2, 3, 4, 5, 6, 7, 8, 9, 10, 11, 12, 13, 14]",outputs\movielens_hard15_leakage_safe_20260705\cache\movielens_hard_n15_seed44.pt,e2573f6a1637935b88696289fab178d9cb3acac9e5c33a5bad678e02d93580dc,0.7468239383170926,0.748045454916794,0.8463999607270154
MovieLens1M,hard,44,adaptive_graph_val,5,0.6944041848182678,0.6944141983985901,0.6818270916322997,0.6818270916322997,0.6944141983985901,0.6944141983985901,0,4000840,4000840,2400504,6401344,peer_to_peer_topology,all_supervised,supervised,shared_val,all_parties,0,True,all_parties_supervised_simulation,all_parties,all_parties,all_parties_supervised,shared,1.0,100021,100021,active,0.5,0.6944141983985901,0.6305235902468364,0.6469041705131531,0.5604273080825806,0.6908949017524719,none,0.0,0,15,[],-1.0,-1.0,5,4000840,2400504,3000630,5,3000630,509,11.018781000006127,1,2,2,"[[0,7],[0,13],[2,7],[2,13],[6,8]]","[false, false, true, false, false, false, false, false, false, false, false, true, false, true, false]","[""rating_interaction_mf"", ""user_profile_mlp"", ""movie_metadata_mlp"", ""genre_knn_mlp"", ""popularity_temporal_mlp"", ""sparse_rating_mf"", ""masked_genres"", ""corrupt_user_profile"", ""outdated_popularity"", ""low_degree_interaction"", ""random_project_movie"", ""weak_genre_knn"", ""highk_noisy_knn"", ""partial_profile"", ""shuffled_feature_diagnostic""]","[0.6259385347366333, 0.5593525171279907, 0.689545214176178, 0.6192399859428406, 0.5677807927131653, 0.6419451832771301, 0.6017136573791504, 0.6879355311393738, 0.6747882962226868, 0.599114179611206, 0.6229791641235352, 0.632027268409729, 0.5905060172080994, 0.6788874268531799, 0.5902360677719116]","[0, 1, 2, 3, 4, 5, 6, 7, 8, 9, 10, 11, 12, 13, 14]",outputs\movielens_hard15_leakage_safe_20260705\cache\movielens_hard_n15_seed44.pt,e2573f6a1637935b88696289fab178d9cb3acac9e5c33a5bad678e02d93580dc,0.750253706730329,0.7451111203769336,0.8509273750698118
MovieLens1M,hard,44,fixed_ring,5,0.688125491142273,0.691419780254364,0.6751525471011937,0.6751525471011937,0.691419780254364,0.691419780254364,0,12002520,12002520,6001260,18003780,peer_to_peer_topology,all_supervised,supervised,shared_val,all_parties,0,True,all_parties_supervised_simulation,all_parties,all_parties,all_parties_supervised,shared,1.0,100021,100021,active,0.5,0.691419780254364,0.6390521287918091,0.629807710647583,0.5861418843269348,0.6900150775909424,none,0.0,0,15,[],-1.0,-1.0,15,12002520,6001260,0,15,0,0,0.0,0,6,9,"[[0,1],[0,14],[1,2],[2,3],[3,4],[4,5],[5,6],[6,7],[7,8],[8,9],[9,10],[10,11],[11,12],[12,13],[13,14]]","[false, false, true, false, false, false, false, false, false, false, false, true, false, true, false]","[""rating_interaction_mf"", ""user_profile_mlp"", ""movie_metadata_mlp"", ""genre_knn_mlp"", ""popularity_temporal_mlp"", ""sparse_rating_mf"", ""masked_genres"", ""corrupt_user_profile"", ""outdated_popularity"", ""low_degree_interaction"", ""random_project_movie"", ""weak_genre_knn"", ""highk_noisy_knn"", ""partial_profile"", ""shuffled_feature_diagnostic""]","[0.6259385347366333, 0.5593525171279907, 0.689545214176178, 0.6192399859428406, 0.5677807927131653, 0.6419451832771301, 0.6017136573791504, 0.6879355311393738, 0.6747882962226868, 0.599114179611206, 0.6229791641235352, 0.632027268409729, 0.5905060172080994, 0.6788874268531799, 0.5902360677719116]","[0, 1, 2, 3, 4, 5, 6, 7, 8, 9, 10, 11, 12, 13, 14]",outputs\movielens_hard15_leakage_safe_20260705\cache\movielens_hard_n15_seed44.pt,e2573f6a1637935b88696289fab178d9cb3acac9e5c33a5bad678e02d93580dc,0.7466975490728248,0.7478462625660214,0.8461628890014454
MovieLens1M,hard,44,random_matched,5,0.6819868087768555,0.6864258646965027,0.6644275487676069,0.6644275487676069,0.6864258646965027,0.6864258646965027,0,4000840,4000840,2800588,6801428,peer_to_peer_topology,all_supervised,supervised,shared_val,all_parties,0,True,all_parties_supervised_simulation,all_parties,all_parties,all_parties_supervised,shared,1.0,100021,100021,active,0.5,0.6864258646965027,0.6313604156176249,0.6186450719833374,0.5698752999305725,0.6909348964691162,none,0.0,0,15,[],-1.0,-1.0,5,4000840,2800588,0,5,0,0,0.0,2,0,3,"[[1,5],[1,10],[2,11],[10,12],[11,13]]","[false, false, true, false, false, false, false, false, false, false, false, true, false, true, false]","[""rating_interaction_mf"", ""user_profile_mlp"", ""movie_metadata_mlp"", ""genre_knn_mlp"", ""popularity_temporal_mlp"", ""sparse_rating_mf"", ""masked_genres"", ""corrupt_user_profile"", ""outdated_popularity"", ""low_degree_interaction"", ""random_project_movie"", ""weak_genre_knn"", ""highk_noisy_knn"", ""partial_profile"", ""shuffled_feature_diagnostic""]","[0.6259385347366333, 0.5593525171279907, 0.689545214176178, 0.6192399859428406, 0.5677807927131653, 0.6419451832771301, 0.6017136573791504, 0.6879355311393738, 0.6747882962226868, 0.599114179611206, 0.6229791641235352, 0.632027268409729, 0.5905060172080994, 0.6788874268531799, 0.5902360677719116]","[0, 1, 2, 3, 4, 5, 6, 7, 8, 9, 10, 11, 12, 13, 14]",outputs\movielens_hard15_leakage_safe_20260705\cache\movielens_hard_n15_seed44.pt,e2573f6a1637935b88696289fab178d9cb3acac9e5c33a5bad678e02d93580dc,0.7432270034737937,0.7503462548754277,0.8420865918881485
MovieLens1M,hard,44,full_mesh,5,0.6883454322814941,0.6916447281837463,0.6753809473792571,0.6753809473792571,0.6916447281837463,0.6916447281837463,0,84017640,84017640,6001260,90018900,peer_to_peer_topology,all_supervised,supervised,shared_val,all_parties,0,True,all_parties_supervised_simulation,all_parties,all_parties,all_parties_supervised,shared,1.0,100021,100021,active,0.5,0.6916447281837463,0.6396440108617146,0.6406504511833191,0.5806230902671814,0.6905149817466736,none,0.0,0,15,[],-1.0,-1.0,105,84017640,6001260,0,105,0,0,0.0,3,36,66,"[[0,1],[0,2],[0,3],[0,4],[0,5],[0,6],[0,7],[0,8],[0,9],[0,10],[0,11],[0,12],[0,13],[0,14],[1,2],[1,3],[1,4],[1,5],[1,6],[1,7],[1,8],[1,9],[1,10],[1,11],[1,12],[1,13],[1,14],[2,3],[2,4],[2,5],[2,6],[2,7],[2,8],[2,9],[2,10],[2,11],[2,12],[2,13],[2,14],[3,4],[3,5],[3,6],[3,7],[3,8],[3,9],[3,10],[3,11],[3,12],[3,13],[3,14],[4,5],[4,6],[4,7],[4,8],[4,9],[4,10],[4,11],[4,12],[4,13],[4,14],[5,6],[5,7],[5,8],[5,9],[5,10],[5,11],[5,12],[5,13],[5,14],[6,7],[6,8],[6,9],[6,10],[6,11],[6,12],[6,13],[6,14],[7,8],[7,9],[7,10],[7,11],[7,12],[7,13],[7,14],[8,9],[8,10],[8,11],[8,12],[8,13],[8,14],[9,10],[9,11],[9,12],[9,13],[9,14],[10,11],[10,12],[10,13],[10,14],[11,12],[11,13],[11,14],[12,13],[12,14],[13,14]]","[false, false, true, false, false, false, false, false, false, false, false, true, false, true, false]","[""rating_interaction_mf"", ""user_profile_mlp"", ""movie_metadata_mlp"", ""genre_knn_mlp"", ""popularity_temporal_mlp"", ""sparse_rating_mf"", ""masked_genres"", ""corrupt_user_profile"", ""outdated_popularity"", ""low_degree_interaction"", ""random_project_movie"", ""weak_genre_knn"", ""highk_noisy_knn"", ""partial_profile"", ""shuffled_feature_diagnostic""]","[0.6259385347366333, 0.5593525171279907, 0.689545214176178, 0.6192399859428406, 0.5677807927131653, 0.6419451832771301, 0.6017136573791504, 0.6879355311393738, 0.6747882962226868, 0.599114179611206, 0.6229791641235352, 0.632027268409729, 0.5905060172080994, 0.6788874268531799, 0.5902360677719116]","[0, 1, 2, 3, 4, 5, 6, 7, 8, 9, 10, 11, 12, 13, 14]",outputs\movielens_hard15_leakage_safe_20260705\cache\movielens_hard_n15_seed44.pt,e2573f6a1637935b88696289fab178d9cb3acac9e5c33a5bad678e02d93580dc,0.7468128890203729,0.7480414021844799,0.8463527196374641
MovieLens1M,hard,44,adaptive_pair,5,0.6884854435920715,0.6917147636413574,0.6749439184931229,0.6749439184931229,0.6917147636413574,0.6917147636413574,0,11202352,11202352,5601176,16803528,peer_to_peer_topology,all_supervised,supervised,shared_val,all_parties,0,True,all_parties_supervised_simulation,all_parties,all_parties,all_parties_supervised,shared,1.0,100021,100021,active,0.5,0.6917147636413574,0.6367912769317627,0.6454794406890869,0.5604273080825806,0.6908949017524719,none,0.0,0,15,[],-1.0,-1.0,14,11202352,5601176,3000630,14,3000630,0,0.7044873999984702,1,4,9,"[[0,8],[0,11],[2,7],[2,13],[3,6],[3,10],[4,9],[4,14],[5,8],[5,11],[6,12],[7,13],[9,14],[10,12]]","[false, false, true, false, false, false, false, false, false, false, false, true, false, true, false]","[""rating_interaction_mf"", ""user_profile_mlp"", ""movie_metadata_mlp"", ""genre_knn_mlp"", ""popularity_temporal_mlp"", ""sparse_rating_mf"", ""masked_genres"", ""corrupt_user_profile"", ""outdated_popularity"", ""low_degree_interaction"", ""random_project_movie"", ""weak_genre_knn"", ""highk_noisy_knn"", ""partial_profile"", ""shuffled_feature_diagnostic""]","[0.6259385347366333, 0.5593525171279907, 0.689545214176178, 0.6192399859428406, 0.5677807927131653, 0.6419451832771301, 0.6017136573791504, 0.6879355311393738, 0.6747882962226868, 0.599114179611206, 0.6229791641235352, 0.632027268409729, 0.5905060172080994, 0.6788874268531799, 0.5902360677719116]","[0, 1, 2, 3, 4, 5, 6, 7, 8, 9, 10, 11, 12, 13, 14]",outputs\movielens_hard15_leakage_safe_20260705\cache\movielens_hard_n15_seed44.pt,e2573f6a1637935b88696289fab178d9cb3acac9e5c33a5bad678e02d93580dc,0.7472255978693816,0.7487779045136059,0.8466701471501684
MovieLens1M,hard,44,adaptive_complementarity,5,0.6888253688812256,0.6906299591064453,0.6737430596152438,0.6737430596152438,0.6906299591064453,0.6906299591064453,0,11202352,11202352,5601176,16803528,peer_to_peer_topology,all_supervised,supervised,shared_val,all_parties,0,True,all_parties_supervised_simulation,all_parties,all_parties,all_parties_supervised,shared,1.0,100021,100021,active,0.5,0.6906299591064453,0.6405108292897542,0.6186450719833374,0.593360424041748,0.6899850964546204,none,0.0,0,15,[],-1.0,-1.0,14,11202352,5601176,3000630,14,3000630,0,0.7287728000083007,0,6,8,"[[1,2],[1,13],[2,4],[3,10],[3,11],[4,13],[5,9],[5,12],[6,7],[6,8],[7,9],[8,12],[10,14],[11,14]]","[false, false, true, false, false, false, false, false, false, false, false, true, false, true, false]","[""rating_interaction_mf"", ""user_profile_mlp"", ""movie_metadata_mlp"", ""genre_knn_mlp"", ""popularity_temporal_mlp"", ""sparse_rating_mf"", ""masked_genres"", ""corrupt_user_profile"", ""outdated_popularity"", ""low_degree_interaction"", ""random_project_movie"", ""weak_genre_knn"", ""highk_noisy_knn"", ""partial_profile"", ""shuffled_feature_diagnostic""]","[0.6259385347366333, 0.5593525171279907, 0.689545214176178, 0.6192399859428406, 0.5677807927131653, 0.6419451832771301, 0.6017136573791504, 0.6879355311393738, 0.6747882962226868, 0.599114179611206, 0.6229791641235352, 0.632027268409729, 0.5905060172080994, 0.6788874268531799, 0.5902360677719116]","[0, 1, 2, 3, 4, 5, 6, 7, 8, 9, 10, 11, 12, 13, 14]",outputs\movielens_hard15_leakage_safe_20260705\cache\movielens_hard_n15_seed44.pt,e2573f6a1637935b88696289fab178d9cb3acac9e5c33a5bad678e02d93580dc,0.7465422273216105,0.7479688702642607,0.845400464627694
MovieLens1M,hard,44,expander_matched,5,0.6834364533424377,0.6851361393928528,0.6742125198223532,0.6742125198223532,0.6851361393928528,0.6851361393928528,0,4000840,4000840,2400504,6401344,peer_to_peer_topology,all_supervised,supervised,shared_val,all_parties,0,True,all_parties_supervised_simulation,all_parties,all_parties,all_parties_supervised,shared,1.0,100021,100021,active,0.5,0.6851361393928528,0.6334986249605815,0.6186450719833374,0.5862968564033508,0.6900150775909424,none,0.0,0,15,[],-1.0,-1.0,5,4000840,2400504,0,5,0,0,0.0,0,2,3,"[[1,2],[2,3],[3,4],[4,5],[5,6]]","[false, false, true, false, false, false, false, false, false, false, false, true, false, true, false]","[""rating_interaction_mf"", ""user_profile_mlp"", ""movie_metadata_mlp"", ""genre_knn_mlp"", ""popularity_temporal_mlp"", ""sparse_rating_mf"", ""masked_genres"", ""corrupt_user_profile"", ""outdated_popularity"", ""low_degree_interaction"", ""random_project_movie"", ""weak_genre_knn"", ""highk_noisy_knn"", ""partial_profile"", ""shuffled_feature_diagnostic""]","[0.6259385347366333, 0.5593525171279907, 0.689545214176178, 0.6192399859428406, 0.5677807927131653, 0.6419451832771301, 0.6017136573791504, 0.6879355311393738, 0.6747882962226868, 0.599114179611206, 0.6229791641235352, 0.632027268409729, 0.5905060172080994, 0.6788874268531799, 0.5902360677719116]","[0, 1, 2, 3, 4, 5, 6, 7, 8, 9, 10, 11, 12, 13, 14]",outputs\movielens_hard15_leakage_safe_20260705\cache\movielens_hard_n15_seed44.pt,e2573f6a1637935b88696289fab178d9cb3acac9e5c33a5bad678e02d93580dc,0.736598170491152,0.7338679691725256,0.8280426187689066
MovieLens1M,hard,44,topk_reliability_vote,5,0.6940542459487915,0.6930044889450073,0.6815720293457735,0.6815720293457735,0.6930044889450073,0.6930044889450073,0,0,0,2000420,2000420,global_diagnostic,all_supervised,supervised,shared_val,all_parties,0,True,all_parties_supervised_simulation,all_parties,all_parties,all_parties_supervised,shared,1.0,100021,100021,active,0.5,0.6930044889450073,0.6263124704360962,0.6186450719833374,0.5604273080825806,0.689110279083252,none,0.0,0,15,[],-1.0,-1.0,0,0,2000420,0,0,0,0,0.0,0,0,0,[],"[false, false, true, false, false, false, false, false, false, false, false, true, false, true, false]","[""rating_interaction_mf"", ""user_profile_mlp"", ""movie_metadata_mlp"", ""genre_knn_mlp"", ""popularity_temporal_mlp"", ""sparse_rating_mf"", ""masked_genres"", ""corrupt_user_profile"", ""outdated_popularity"", ""low_degree_interaction"", ""random_project_movie"", ""weak_genre_knn"", ""highk_noisy_knn"", ""partial_profile"", ""shuffled_feature_diagnostic""]","[0.6259385347366333, 0.5593525171279907, 0.689545214176178, 0.6192399859428406, 0.5677807927131653, 0.6419451832771301, 0.6017136573791504, 0.6879355311393738, 0.6747882962226868, 0.599114179611206, 0.6229791641235352, 0.632027268409729, 0.5905060172080994, 0.6788874268531799, 0.5902360677719116]","[0, 1, 2, 3, 4, 5, 6, 7, 8, 9, 10, 11, 12, 13, 14]",outputs\movielens_hard15_leakage_safe_20260705\cache\movielens_hard_n15_seed44.pt,e2573f6a1637935b88696289fab178d9cb3acac9e5c33a5bad678e02d93580dc,0.7493072971833813,0.7419078278264817,0.8493567065369455
MovieLens1M,hard,45,single_party_best,5,0.6876456141471863,0.6767978668212891,0.6719895500231461,0.6719895500231461,0.6767978668212891,0.6767978668212891,0,0,0,0,0,local_reference,all_supervised,supervised,shared_val,all_parties,0,True,all_parties_supervised_simulation,all_parties,all_parties,all_parties_supervised,shared,1.0,100021,100021,active,0.5,0.6906649470329285,0.6320256074269612,0.5803581476211548,0.5611921548843384,0.6867157816886902,none,0.0,0,15,[],-1.0,-1.0,0,0,0,0,0,0,0,0.0,0,0,0,[],"[false, true, false, false, false, false, false, false, false, false, true, true, false, false, false]","[""rating_interaction_mf"", ""user_profile_mlp"", ""movie_metadata_mlp"", ""genre_knn_mlp"", ""popularity_temporal_mlp"", ""sparse_rating_mf"", ""masked_genres"", ""corrupt_user_profile"", ""outdated_popularity"", ""low_degree_interaction"", ""random_project_movie"", ""weak_genre_knn"", ""highk_noisy_knn"", ""partial_profile"", ""shuffled_feature_diagnostic""]","[0.5745193362236023, 0.6868257522583008, 0.6075324416160583, 0.6469641327857971, 0.6677197813987732, 0.6185801029205322, 0.6543725728988647, 0.6014137268066406, 0.6271682977676392, 0.5695604085922241, 0.6291678547859192, 0.6803171038627625, 0.6512132287025452, 0.6876456141471863, 0.6004539132118225]","[0, 1, 2, 3, 4, 5, 6, 7, 8, 9, 10, 11, 12, 13, 14]",outputs\movielens_hard15_leakage_safe_20260705\cache\movielens_hard_n15_seed45.pt,b22d636240e5d631dc0a793b20c4daed75659cc4f9f7d03c6c749d945d3827c6,0.731397266707836,0.711703275632965,0.8359773612064201
MovieLens1M,hard,45,local_uniform_vote,5,0.6869957447052002,0.6899800896644592,0.6759944747215126,0.6759944747215126,0.6899800896644592,0.6899800896644592,0,0,0,6001260,6001260,global_diagnostic,all_supervised,supervised,shared_val,all_parties,0,True,all_parties_supervised_simulation,all_parties,all_parties,all_parties_supervised,shared,1.0,100021,100021,active,0.5,0.6906649470329285,0.6320256074269612,0.5803581476211548,0.5611921548843384,0.6867157816886902,none,0.0,0,15,[],-1.0,-1.0,0,0,6001260,0,0,0,0,0.0,0,0,0,[],"[false, true, false, false, false, false, false, false, false, false, true, true, false, false, false]","[""rating_interaction_mf"", ""user_profile_mlp"", ""movie_metadata_mlp"", ""genre_knn_mlp"", ""popularity_temporal_mlp"", ""sparse_rating_mf"", ""masked_genres"", ""corrupt_user_profile"", ""outdated_popularity"", ""low_degree_interaction"", ""random_project_movie"", ""weak_genre_knn"", ""highk_noisy_knn"", ""partial_profile"", ""shuffled_feature_diagnostic""]","[0.5745193362236023, 0.6868257522583008, 0.6075324416160583, 0.6469641327857971, 0.6677197813987732, 0.6185801029205322, 0.6543725728988647, 0.6014137268066406, 0.6271682977676392, 0.5695604085922241, 0.6291678547859192, 0.6803171038627625, 0.6512132287025452, 0.6876456141471863, 0.6004539132118225]","[0, 1, 2, 3, 4, 5, 6, 7, 8, 9, 10, 11, 12, 13, 14]",outputs\movielens_hard15_leakage_safe_20260705\cache\movielens_hard_n15_seed45.pt,b22d636240e5d631dc0a793b20c4daed75659cc4f9f7d03c6c749d945d3827c6,0.7442742475444283,0.7433103065773191,0.8423867168015442
MovieLens1M,hard,45,local_reliability_vote,5,0.688185453414917,0.6906649470329285,0.676983118111018,0.676983118111018,0.6906649470329285,0.6906649470329285,0,0,0,6001260,6001260,global_diagnostic,all_supervised,supervised,shared_val,all_parties,0,True,all_parties_supervised_simulation,all_parties,all_parties,all_parties_supervised,shared,1.0,100021,100021,active,0.5,0.6906649470329285,0.6320256074269612,0.5803581476211548,0.5611921548843384,0.6867157816886902,none,0.0,0,15,[],-1.0,-1.0,0,0,6001260,0,0,0,0,0.0,0,0,0,[],"[false, true, false, false, false, false, false, false, false, false, true, true, false, false, false]","[""rating_interaction_mf"", ""user_profile_mlp"", ""movie_metadata_mlp"", ""genre_knn_mlp"", ""popularity_temporal_mlp"", ""sparse_rating_mf"", ""masked_genres"", ""corrupt_user_profile"", ""outdated_popularity"", ""low_degree_interaction"", ""random_project_movie"", ""weak_genre_knn"", ""highk_noisy_knn"", ""partial_profile"", ""shuffled_feature_diagnostic""]","[0.5745193362236023, 0.6868257522583008, 0.6075324416160583, 0.6469641327857971, 0.6677197813987732, 0.6185801029205322, 0.6543725728988647, 0.6014137268066406, 0.6271682977676392, 0.5695604085922241, 0.6291678547859192, 0.6803171038627625, 0.6512132287025452, 0.6876456141471863, 0.6004539132118225]","[0, 1, 2, 3, 4, 5, 6, 7, 8, 9, 10, 11, 12, 13, 14]",outputs\movielens_hard15_leakage_safe_20260705\cache\movielens_hard_n15_seed45.pt,b22d636240e5d631dc0a793b20c4daed75659cc4f9f7d03c6c749d945d3827c6,0.7452398094830625,0.7434621826443129,0.8438548314184735
MovieLens1M,hard,45,adaptive_graph_val,5,0.6934343576431274,0.6944291591644287,0.683254896844617,0.683254896844617,0.6944291591644287,0.6944291591644287,0,4000840,4000840,2800588,6801428,peer_to_peer_topology,all_supervised,supervised,shared_val,all_parties,0,True,all_parties_supervised_simulation,all_parties,all_parties,all_parties_supervised,shared,1.0,100021,100021,active,0.5,0.6944291591644287,0.6380376736323039,0.5803581476211548,0.5611921548843384,0.6882754564285278,none,0.0,0,15,[],-1.0,-1.0,5,4000840,2800588,3000630,5,3000630,509,10.882787800001095,0,4,1,"[[1,6],[1,13],[5,11],[8,12],[11,13]]","[false, true, false, false, false, false, false, false, false, false, true, true, false, false, false]","[""rating_interaction_mf"", ""user_profile_mlp"", ""movie_metadata_mlp"", ""genre_knn_mlp"", ""popularity_temporal_mlp"", ""sparse_rating_mf"", ""masked_genres"", ""corrupt_user_profile"", ""outdated_popularity"", ""low_degree_interaction"", ""random_project_movie"", ""weak_genre_knn"", ""highk_noisy_knn"", ""partial_profile"", ""shuffled_feature_diagnostic""]","[0.5745193362236023, 0.6868257522583008, 0.6075324416160583, 0.6469641327857971, 0.6677197813987732, 0.6185801029205322, 0.6543725728988647, 0.6014137268066406, 0.6271682977676392, 0.5695604085922241, 0.6291678547859192, 0.6803171038627625, 0.6512132287025452, 0.6876456141471863, 0.6004539132118225]","[0, 1, 2, 3, 4, 5, 6, 7, 8, 9, 10, 11, 12, 13, 14]",outputs\movielens_hard15_leakage_safe_20260705\cache\movielens_hard_n15_seed45.pt,b22d636240e5d631dc0a793b20c4daed75659cc4f9f7d03c6c749d945d3827c6,0.7499636778116118,0.7427477221555878,0.8475930574472728
MovieLens1M,hard,45,fixed_ring,5,0.6882954835891724,0.6906349658966064,0.6769323547717652,0.6769323547717652,0.6906349658966064,0.6906349658966064,0,12002520,12002520,6001260,18003780,peer_to_peer_topology,all_supervised,supervised,shared_val,all_parties,0,True,all_parties_supervised_simulation,all_parties,all_parties,all_parties_supervised,shared,1.0,100021,100021,active,0.5,0.6906349658966064,0.6448082566261292,0.6081323027610779,0.5898511409759521,0.687170684337616,none,0.0,0,15,[],-1.0,-1.0,15,12002520,6001260,0,15,0,0,0.0,1,4,10,"[[0,1],[0,14],[1,2],[2,3],[3,4],[4,5],[5,6],[6,7],[7,8],[8,9],[9,10],[10,11],[11,12],[12,13],[13,14]]","[false, true, false, false, false, false, false, false, false, false, true, true, false, false, false]","[""rating_interaction_mf"", ""user_profile_mlp"", ""movie_metadata_mlp"", ""genre_knn_mlp"", ""popularity_temporal_mlp"", ""sparse_rating_mf"", ""masked_genres"", ""corrupt_user_profile"", ""outdated_popularity"", ""low_degree_interaction"", ""random_project_movie"", ""weak_genre_knn"", ""highk_noisy_knn"", ""partial_profile"", ""shuffled_feature_diagnostic""]","[0.5745193362236023, 0.6868257522583008, 0.6075324416160583, 0.6469641327857971, 0.6677197813987732, 0.6185801029205322, 0.6543725728988647, 0.6014137268066406, 0.6271682977676392, 0.5695604085922241, 0.6291678547859192, 0.6803171038627625, 0.6512132287025452, 0.6876456141471863, 0.6004539132118225]","[0, 1, 2, 3, 4, 5, 6, 7, 8, 9, 10, 11, 12, 13, 14]",outputs\movielens_hard15_leakage_safe_20260705\cache\movielens_hard_n15_seed45.pt,b22d636240e5d631dc0a793b20c4daed75659cc4f9f7d03c6c749d945d3827c6,0.7451500003073607,0.7434670867186204,0.8436958727215623
MovieLens1M,hard,45,random_matched,5,0.6912248134613037,0.6929444670677185,0.6809260002150719,0.6809260002150719,0.6929444670677185,0.6929444670677185,0,4000840,4000840,3200672,7201512,peer_to_peer_topology,all_supervised,supervised,shared_val,all_parties,0,True,all_parties_supervised_simulation,all_parties,all_parties,all_parties_supervised,shared,1.0,100021,100021,active,0.5,0.6929444670677185,0.6385109186172485,0.5803581476211548,0.5611921548843384,0.6877105832099915,none,0.0,0,15,[],-1.0,-1.0,5,4000840,3200672,0,5,0,0,0.0,0,3,2,"[[1,4],[1,7],[4,5],[8,11],[12,13]]","[false, true, false, false, false, false, false, false, false, false, true, true, false, false, false]","[""rating_interaction_mf"", ""user_profile_mlp"", ""movie_metadata_mlp"", ""genre_knn_mlp"", ""popularity_temporal_mlp"", ""sparse_rating_mf"", ""masked_genres"", ""corrupt_user_profile"", ""outdated_popularity"", ""low_degree_interaction"", ""random_project_movie"", ""weak_genre_knn"", ""highk_noisy_knn"", ""partial_profile"", ""shuffled_feature_diagnostic""]","[0.5745193362236023, 0.6868257522583008, 0.6075324416160583, 0.6469641327857971, 0.6677197813987732, 0.6185801029205322, 0.6543725728988647, 0.6014137268066406, 0.6271682977676392, 0.5695604085922241, 0.6291678547859192, 0.6803171038627625, 0.6512132287025452, 0.6876456141471863, 0.6004539132118225]","[0, 1, 2, 3, 4, 5, 6, 7, 8, 9, 10, 11, 12, 13, 14]",outputs\movielens_hard15_leakage_safe_20260705\cache\movielens_hard_n15_seed45.pt,b22d636240e5d631dc0a793b20c4daed75659cc4f9f7d03c6c749d945d3827c6,0.7486417527138979,0.7428516406688269,0.8449294095586317
MovieLens1M,hard,45,full_mesh,5,0.6882254481315613,0.6906599402427673,0.6769772039883597,0.6769772039883597,0.6906599402427673,0.6906599402427673,0,84017640,84017640,6001260,90018900,peer_to_peer_topology,all_supervised,supervised,shared_val,all_parties,0,True,all_parties_supervised_simulation,all_parties,all_parties,all_parties_supervised,shared,1.0,100021,100021,active,0.5,0.6906599402427673,0.6446699460347494,0.6013537049293518,0.5872116684913635,0.6878655552864075,none,0.0,0,15,[],-1.0,-1.0,105,84017640,6001260,0,105,0,0,0.0,3,36,66,"[[0,1],[0,2],[0,3],[0,4],[0,5],[0,6],[0,7],[0,8],[0,9],[0,10],[0,11],[0,12],[0,13],[0,14],[1,2],[1,3],[1,4],[1,5],[1,6],[1,7],[1,8],[1,9],[1,10],[1,11],[1,12],[1,13],[1,14],[2,3],[2,4],[2,5],[2,6],[2,7],[2,8],[2,9],[2,10],[2,11],[2,12],[2,13],[2,14],[3,4],[3,5],[3,6],[3,7],[3,8],[3,9],[3,10],[3,11],[3,12],[3,13],[3,14],[4,5],[4,6],[4,7],[4,8],[4,9],[4,10],[4,11],[4,12],[4,13],[4,14],[5,6],[5,7],[5,8],[5,9],[5,10],[5,11],[5,12],[5,13],[5,14],[6,7],[6,8],[6,9],[6,10],[6,11],[6,12],[6,13],[6,14],[7,8],[7,9],[7,10],[7,11],[7,12],[7,13],[7,14],[8,9],[8,10],[8,11],[8,12],[8,13],[8,14],[9,10],[9,11],[9,12],[9,13],[9,14],[10,11],[10,12],[10,13],[10,14],[11,12],[11,13],[11,14],[12,13],[12,14],[13,14]]","[false, true, false, false, false, false, false, false, false, false, true, true, false, false, false]","[""rating_interaction_mf"", ""user_profile_mlp"", ""movie_metadata_mlp"", ""genre_knn_mlp"", ""popularity_temporal_mlp"", ""sparse_rating_mf"", ""masked_genres"", ""corrupt_user_profile"", ""outdated_popularity"", ""low_degree_interaction"", ""random_project_movie"", ""weak_genre_knn"", ""highk_noisy_knn"", ""partial_profile"", ""shuffled_feature_diagnostic""]","[0.5745193362236023, 0.6868257522583008, 0.6075324416160583, 0.6469641327857971, 0.6677197813987732, 0.6185801029205322, 0.6543725728988647, 0.6014137268066406, 0.6271682977676392, 0.5695604085922241, 0.6291678547859192, 0.6803171038627625, 0.6512132287025452, 0.6876456141471863, 0.6004539132118225]","[0, 1, 2, 3, 4, 5, 6, 7, 8, 9, 10, 11, 12, 13, 14]",outputs\movielens_hard15_leakage_safe_20260705\cache\movielens_hard_n15_seed45.pt,b22d636240e5d631dc0a793b20c4daed75659cc4f9f7d03c6c749d945d3827c6,0.7452293673273577,0.7434591004630762,0.8438447472286181
MovieLens1M,hard,45,adaptive_pair,5,0.6888953447341919,0.6912848353385925,0.6782431058349075,0.6782431058349075,0.6912848353385925,0.6912848353385925,0,11202352,11202352,5601176,16803528,peer_to_peer_topology,all_supervised,supervised,shared_val,all_parties,0,True,all_parties_supervised_simulation,all_parties,all_parties,all_parties_supervised,shared,1.0,100021,100021,active,0.5,0.6912848353385925,0.6415822704633077,0.5803581476211548,0.5793333649635315,0.6892252564430237,none,0.0,0,15,[],-1.0,-1.0,14,11202352,5601176,3000630,14,3000630,0,0.7346120000001974,1,4,9,"[[1,11],[1,13],[2,7],[2,9],[3,4],[3,6],[4,12],[5,8],[5,10],[6,12],[7,9],[8,14],[10,14],[11,13]]","[false, true, false, false, false, false, false, false, false, false, true, true, false, false, false]","[""rating_interaction_mf"", ""user_profile_mlp"", ""movie_metadata_mlp"", ""genre_knn_mlp"", ""popularity_temporal_mlp"", ""sparse_rating_mf"", ""masked_genres"", ""corrupt_user_profile"", ""outdated_popularity"", ""low_degree_interaction"", ""random_project_movie"", ""weak_genre_knn"", ""highk_noisy_knn"", ""partial_profile"", ""shuffled_feature_diagnostic""]","[0.5745193362236023, 0.6868257522583008, 0.6075324416160583, 0.6469641327857971, 0.6677197813987732, 0.6185801029205322, 0.6543725728988647, 0.6014137268066406, 0.6271682977676392, 0.5695604085922241, 0.6291678547859192, 0.6803171038627625, 0.6512132287025452, 0.6876456141471863, 0.6004539132118225]","[0, 1, 2, 3, 4, 5, 6, 7, 8, 9, 10, 11, 12, 13, 14]",outputs\movielens_hard15_leakage_safe_20260705\cache\movielens_hard_n15_seed45.pt,b22d636240e5d631dc0a793b20c4daed75659cc4f9f7d03c6c749d945d3827c6,0.7461368127903851,0.7430216881106544,0.8435660130154329
MovieLens1M,hard,45,adaptive_complementarity,5,0.6867257952690125,0.689915120601654,0.6752513235997073,0.6752513235997073,0.689915120601654,0.689915120601654,0,11202352,11202352,5601176,16803528,peer_to_peer_topology,all_supervised,supervised,shared_val,all_parties,0,True,all_parties_supervised_simulation,all_parties,all_parties,all_parties_supervised,shared,1.0,100021,100021,active,0.5,0.689915120601654,0.6460543354352315,0.6157057285308838,0.6032533049583435,0.6873856782913208,none,0.0,0,15,[],-1.0,-1.0,14,11202352,5601176,3000630,14,3000630,0,0.7505687999946531,0,6,8,"[[0,1],[0,11],[1,9],[2,6],[2,13],[3,8],[3,10],[5,6],[5,12],[7,12],[7,13],[8,14],[9,11],[10,14]]","[false, true, false, false, false, false, false, false, false, false, true, true, false, false, false]","[""rating_interaction_mf"", ""user_profile_mlp"", ""movie_metadata_mlp"", ""genre_knn_mlp"", ""popularity_temporal_mlp"", ""sparse_rating_mf"", ""masked_genres"", ""corrupt_user_profile"", ""outdated_popularity"", ""low_degree_interaction"", ""random_project_movie"", ""weak_genre_knn"", ""highk_noisy_knn"", ""partial_profile"", ""shuffled_feature_diagnostic""]","[0.5745193362236023, 0.6868257522583008, 0.6075324416160583, 0.6469641327857971, 0.6677197813987732, 0.6185801029205322, 0.6543725728988647, 0.6014137268066406, 0.6271682977676392, 0.5695604085922241, 0.6291678547859192, 0.6803171038627625, 0.6512132287025452, 0.6876456141471863, 0.6004539132118225]","[0, 1, 2, 3, 4, 5, 6, 7, 8, 9, 10, 11, 12, 13, 14]",outputs\movielens_hard15_leakage_safe_20260705\cache\movielens_hard_n15_seed45.pt,b22d636240e5d631dc0a793b20c4daed75659cc4f9f7d03c6c749d945d3827c6,0.7445138469225016,0.7442589156874871,0.8427076905511761
MovieLens1M,hard,45,expander_matched,5,0.6624009013175964,0.6660650968551636,0.6450570991838849,0.6450570991838849,0.6660650968551636,0.6660650968551636,0,4000840,4000840,2400504,6401344,peer_to_peer_topology,all_supervised,supervised,shared_val,all_parties,0,True,all_parties_supervised_simulation,all_parties,all_parties,all_parties_supervised,shared,1.0,100021,100021,active,0.5,0.6660650968551636,0.6370172262191772,0.5803581476211548,0.5803581476211548,0.6867157816886902,none,0.0,0,15,[],-1.0,-1.0,5,4000840,2400504,0,5,0,0,0.0,0,1,4,"[[5,6],[6,7],[7,8],[8,9],[9,10]]","[false, true, false, false, false, false, false, false, false, false, true, true, false, false, false]","[""rating_interaction_mf"", ""user_profile_mlp"", ""movie_metadata_mlp"", ""genre_knn_mlp"", ""popularity_temporal_mlp"", ""sparse_rating_mf"", ""masked_genres"", ""corrupt_user_profile"", ""outdated_popularity"", ""low_degree_interaction"", ""random_project_movie"", ""weak_genre_knn"", ""highk_noisy_knn"", ""partial_profile"", ""shuffled_feature_diagnostic""]","[0.5745193362236023, 0.6868257522583008, 0.6075324416160583, 0.6469641327857971, 0.6677197813987732, 0.6185801029205322, 0.6543725728988647, 0.6014137268066406, 0.6271682977676392, 0.5695604085922241, 0.6291678547859192, 0.6803171038627625, 0.6512132287025452, 0.6876456141471863, 0.6004539132118225]","[0, 1, 2, 3, 4, 5, 6, 7, 8, 9, 10, 11, 12, 13, 14]",outputs\movielens_hard15_leakage_safe_20260705\cache\movielens_hard_n15_seed45.pt,b22d636240e5d631dc0a793b20c4daed75659cc4f9f7d03c6c749d945d3827c6,0.7159664346147966,0.7314089960556311,0.8208503869591446
MovieLens1M,hard,45,topk_reliability_vote,5,0.6919646859169006,0.6913098096847534,0.6825223621526846,0.6825223621526846,0.6913098096847534,0.6913098096847534,0,0,0,2000420,2000420,global_diagnostic,all_supervised,supervised,shared_val,all_parties,0,True,all_parties_supervised_simulation,all_parties,all_parties,all_parties_supervised,shared,1.0,100021,100021,active,0.5,0.6913098096847534,0.6320256074269612,0.5803581476211548,0.5611921548843384,0.6867157816886902,none,0.0,0,15,[],-1.0,-1.0,0,0,2000420,0,0,0,0,0.0,0,0,0,[],"[false, true, false, false, false, false, false, false, false, false, true, true, false, false, false]","[""rating_interaction_mf"", ""user_profile_mlp"", ""movie_metadata_mlp"", ""genre_knn_mlp"", ""popularity_temporal_mlp"", ""sparse_rating_mf"", ""masked_genres"", ""corrupt_user_profile"", ""outdated_popularity"", ""low_degree_interaction"", ""random_project_movie"", ""weak_genre_knn"", ""highk_noisy_knn"", ""partial_profile"", ""shuffled_feature_diagnostic""]","[0.5745193362236023, 0.6868257522583008, 0.6075324416160583, 0.6469641327857971, 0.6677197813987732, 0.6185801029205322, 0.6543725728988647, 0.6014137268066406, 0.6271682977676392, 0.5695604085922241, 0.6291678547859192, 0.6803171038627625, 0.6512132287025452, 0.6876456141471863, 0.6004539132118225]","[0, 1, 2, 3, 4, 5, 6, 7, 8, 9, 10, 11, 12, 13, 14]",outputs\movielens_hard15_leakage_safe_20260705\cache\movielens_hard_n15_seed45.pt,b22d636240e5d631dc0a793b20c4daed75659cc4f9f7d03c6c749d945d3827c6,0.746970939811085,0.7353411365360466,0.8453829758326564
MovieLens1M,hard,46,single_party_best,5,0.6893052458763123,0.688465416431427,0.6767570067210505,0.6767570067210505,0.688465416431427,0.688465416431427,0,0,0,0,0,local_reference,all_supervised,supervised,shared_val,all_parties,0,True,all_parties_supervised_simulation,all_parties,all_parties,all_parties_supervised,shared,1.0,100021,100021,active,0.5,0.6883454322814941,0.6205820123354594,0.5510593056678772,0.5510593056678772,0.688465416431427,none,0.0,0,15,[],-1.0,-1.0,0,0,0,0,0,0,0,0.0,0,0,0,[],"[false, false, false, false, true, false, true, false, false, false, false, false, true, false, false]","[""rating_interaction_mf"", ""user_profile_mlp"", ""movie_metadata_mlp"", ""genre_knn_mlp"", ""popularity_temporal_mlp"", ""sparse_rating_mf"", ""masked_genres"", ""corrupt_user_profile"", ""outdated_popularity"", ""low_degree_interaction"", ""random_project_movie"", ""weak_genre_knn"", ""highk_noisy_knn"", ""partial_profile"", ""shuffled_feature_diagnostic""]","[0.5521940588951111, 0.57478928565979, 0.5565730929374695, 0.6667599678039551, 0.6893052458763123, 0.6354965567588806, 0.6255886554718018, 0.5606322884559631, 0.6299477219581604, 0.6789674162864685, 0.5769888162612915, 0.6076323986053467, 0.6817368268966675, 0.6681796908378601, 0.5881964564323425]","[0, 1, 2, 3, 4, 5, 6, 7, 8, 9, 10, 11, 12, 13, 14]",outputs\movielens_hard15_leakage_safe_20260705\cache\movielens_hard_n15_seed46.pt,05f9a6a3c13be688c8b7d1a2ca4ee2013637273f64d1f9c72c1ab6e68271e817,0.7433987646106716,0.7382766238020444,0.8467249940994408
MovieLens1M,hard,46,local_uniform_vote,5,0.684866189956665,0.6868407726287842,0.6678817702570294,0.6678817702570294,0.6868407726287842,0.6868407726287842,0,0,0,6001260,6001260,global_diagnostic,all_supervised,supervised,shared_val,all_parties,0,True,all_parties_supervised_simulation,all_parties,all_parties,all_parties_supervised,shared,1.0,100021,100021,active,0.5,0.6883454322814941,0.6205820123354594,0.5510593056678772,0.5510593056678772,0.688465416431427,none,0.0,0,15,[],-1.0,-1.0,0,0,6001260,0,0,0,0,0.0,0,0,0,[],"[false, false, false, false, true, false, true, false, false, false, false, false, true, false, false]","[""rating_interaction_mf"", ""user_profile_mlp"", ""movie_metadata_mlp"", ""genre_knn_mlp"", ""popularity_temporal_mlp"", ""sparse_rating_mf"", ""masked_genres"", ""corrupt_user_profile"", ""outdated_popularity"", ""low_degree_interaction"", ""random_project_movie"", ""weak_genre_knn"", ""highk_noisy_knn"", ""partial_profile"", ""shuffled_feature_diagnostic""]","[0.5521940588951111, 0.57478928565979, 0.5565730929374695, 0.6667599678039551, 0.6893052458763123, 0.6354965567588806, 0.6255886554718018, 0.5606322884559631, 0.6299477219581604, 0.6789674162864685, 0.5769888162612915, 0.6076323986053467, 0.6817368268966675, 0.6681796908378601, 0.5881964564323425]","[0, 1, 2, 3, 4, 5, 6, 7, 8, 9, 10, 11, 12, 13, 14]",outputs\movielens_hard15_leakage_safe_20260705\cache\movielens_hard_n15_seed46.pt,05f9a6a3c13be688c8b7d1a2ca4ee2013637273f64d1f9c72c1ab6e68271e817,0.7419916371199161,0.7472330604389177,0.8348186460049467
MovieLens1M,hard,46,local_reliability_vote,5,0.6863958835601807,0.6883454322814941,0.6699818129747874,0.6699818129747874,0.6883454322814941,0.6883454322814941,0,0,0,6001260,6001260,global_diagnostic,all_supervised,supervised,shared_val,all_parties,0,True,all_parties_supervised_simulation,all_parties,all_parties,all_parties_supervised,shared,1.0,100021,100021,active,0.5,0.6883454322814941,0.6205820123354594,0.5510593056678772,0.5510593056678772,0.688465416431427,none,0.0,0,15,[],-1.0,-1.0,0,0,6001260,0,0,0,0,0.0,0,0,0,[],"[false, false, false, false, true, false, true, false, false, false, false, false, true, false, false]","[""rating_interaction_mf"", ""user_profile_mlp"", ""movie_metadata_mlp"", ""genre_knn_mlp"", ""popularity_temporal_mlp"", ""sparse_rating_mf"", ""masked_genres"", ""corrupt_user_profile"", ""outdated_popularity"", ""low_degree_interaction"", ""random_project_movie"", ""weak_genre_knn"", ""highk_noisy_knn"", ""partial_profile"", ""shuffled_feature_diagnostic""]","[0.5521940588951111, 0.57478928565979, 0.5565730929374695, 0.6667599678039551, 0.6893052458763123, 0.6354965567588806, 0.6255886554718018, 0.5606322884559631, 0.6299477219581604, 0.6789674162864685, 0.5769888162612915, 0.6076323986053467, 0.6817368268966675, 0.6681796908378601, 0.5881964564323425]","[0, 1, 2, 3, 4, 5, 6, 7, 8, 9, 10, 11, 12, 13, 14]",outputs\movielens_hard15_leakage_safe_20260705\cache\movielens_hard_n15_seed46.pt,05f9a6a3c13be688c8b7d1a2ca4ee2013637273f64d1f9c72c1ab6e68271e817,0.7436271222903262,0.7478299559114994,0.8359361110155487
MovieLens1M,hard,46,adaptive_graph_val,5,0.6936543583869934,0.6939442753791809,0.6803566040227416,0.6803566040227416,0.6939442753791809,0.6939442753791809,0,4000840,4000840,2400504,6401344,peer_to_peer_topology,all_supervised,supervised,shared_val,all_parties,0,True,all_parties_supervised_simulation,all_parties,all_parties,all_parties_supervised,shared,1.0,100021,100021,active,0.5,0.6939442753791809,0.6237750132878621,0.5510593056678772,0.5510593056678772,0.6906299591064453,none,0.0,0,15,[],-1.0,-1.0,5,4000840,2400504,3000630,5,3000630,486,10.611107600008836,1,2,2,"[[4,9],[4,12],[5,11],[9,12],[11,13]]","[false, false, false, false, true, false, true, false, false, false, false, false, true, false, false]","[""rating_interaction_mf"", ""user_profile_mlp"", ""movie_metadata_mlp"", ""genre_knn_mlp"", ""popularity_temporal_mlp"", ""sparse_rating_mf"", ""masked_genres"", ""corrupt_user_profile"", ""outdated_popularity"", ""low_degree_interaction"", ""random_project_movie"", ""weak_genre_knn"", ""highk_noisy_knn"", ""partial_profile"", ""shuffled_feature_diagnostic""]","[0.5521940588951111, 0.57478928565979, 0.5565730929374695, 0.6667599678039551, 0.6893052458763123, 0.6354965567588806, 0.6255886554718018, 0.5606322884559631, 0.6299477219581604, 0.6789674162864685, 0.5769888162612915, 0.6076323986053467, 0.6817368268966675, 0.6681796908378601, 0.5881964564323425]","[0, 1, 2, 3, 4, 5, 6, 7, 8, 9, 10, 11, 12, 13, 14]",outputs\movielens_hard15_leakage_safe_20260705\cache\movielens_hard_n15_seed46.pt,05f9a6a3c13be688c8b7d1a2ca4ee2013637273f64d1f9c72c1ab6e68271e817,0.7488008153386497,0.7462596255066603,0.8479476485604815
MovieLens1M,hard,46,fixed_ring,5,0.6863458752632141,0.688340425491333,0.6699921752251108,0.6699921752251108,0.688340425491333,0.688340425491333,0,12002520,12002520,6001260,18003780,peer_to_peer_topology,all_supervised,supervised,shared_val,all_parties,0,True,all_parties_supervised_simulation,all_parties,all_parties,all_parties_supervised,shared,1.0,100021,100021,active,0.5,0.688340425491333,0.632208236058553,0.5641165375709534,0.5641165375709534,0.6886354088783264,none,0.0,0,15,[],-1.0,-1.0,15,12002520,6001260,0,15,0,0,0.0,0,6,9,"[[0,1],[0,14],[1,2],[2,3],[3,4],[4,5],[5,6],[6,7],[7,8],[8,9],[9,10],[10,11],[11,12],[12,13],[13,14]]","[false, false, false, false, true, false, true, false, false, false, false, false, true, false, false]","[""rating_interaction_mf"", ""user_profile_mlp"", ""movie_metadata_mlp"", ""genre_knn_mlp"", ""popularity_temporal_mlp"", ""sparse_rating_mf"", ""masked_genres"", ""corrupt_user_profile"", ""outdated_popularity"", ""low_degree_interaction"", ""random_project_movie"", ""weak_genre_knn"", ""highk_noisy_knn"", ""partial_profile"", ""shuffled_feature_diagnostic""]","[0.5521940588951111, 0.57478928565979, 0.5565730929374695, 0.6667599678039551, 0.6893052458763123, 0.6354965567588806, 0.6255886554718018, 0.5606322884559631, 0.6299477219581604, 0.6789674162864685, 0.5769888162612915, 0.6076323986053467, 0.6817368268966675, 0.6681796908378601, 0.5881964564323425]","[0, 1, 2, 3, 4, 5, 6, 7, 8, 9, 10, 11, 12, 13, 14]",outputs\movielens_hard15_leakage_safe_20260705\cache\movielens_hard_n15_seed46.pt,05f9a6a3c13be688c8b7d1a2ca4ee2013637273f64d1f9c72c1ab6e68271e817,0.74361897657473,0.7478065296447164,0.8359892546109816
MovieLens1M,hard,46,random_matched,5,0.68985515832901,0.6904150247573853,0.6728791158422514,0.6728791158422514,0.6904150247573853,0.6904150247573853,0,4000840,4000840,3600756,7601596,peer_to_peer_topology,all_supervised,supervised,shared_val,all_parties,0,True,all_parties_supervised_simulation,all_parties,all_parties,all_parties_supervised,shared,1.0,100021,100021,active,0.5,0.6904150247573853,0.6287596305211385,0.5874666571617126,0.5568930506706238,0.688465416431427,none,0.0,0,15,[],-1.0,-1.0,5,4000840,3600756,0,5,0,0,0.0,0,3,2,"[[0,12],[1,6],[3,11],[5,12],[9,13]]","[false, false, false, false, true, false, true, false, false, false, false, false, true, false, false]","[""rating_interaction_mf"", ""user_profile_mlp"", ""movie_metadata_mlp"", ""genre_knn_mlp"", ""popularity_temporal_mlp"", ""sparse_rating_mf"", ""masked_genres"", ""corrupt_user_profile"", ""outdated_popularity"", ""low_degree_interaction"", ""random_project_movie"", ""weak_genre_knn"", ""highk_noisy_knn"", ""partial_profile"", ""shuffled_feature_diagnostic""]","[0.5521940588951111, 0.57478928565979, 0.5565730929374695, 0.6667599678039551, 0.6893052458763123, 0.6354965567588806, 0.6255886554718018, 0.5606322884559631, 0.6299477219581604, 0.6789674162864685, 0.5769888162612915, 0.6076323986053467, 0.6817368268966675, 0.6681796908378601, 0.5881964564323425]","[0, 1, 2, 3, 4, 5, 6, 7, 8, 9, 10, 11, 12, 13, 14]",outputs\movielens_hard15_leakage_safe_20260705\cache\movielens_hard_n15_seed46.pt,05f9a6a3c13be688c8b7d1a2ca4ee2013637273f64d1f9c72c1ab6e68271e817,0.7455004341250557,0.7486178650581674,0.84196414460601
MovieLens1M,hard,46,full_mesh,5,0.6863558888435364,0.6883004307746887,0.6699234537467817,0.6699234537467817,0.6883004307746887,0.6883004307746887,0,84017640,84017640,6001260,90018900,peer_to_peer_topology,all_supervised,supervised,shared_val,all_parties,0,True,all_parties_supervised_simulation,all_parties,all_parties,all_parties_supervised,shared,1.0,100021,100021,active,0.5,0.6883004307746887,0.6336149454116822,0.5759840607643127,0.5759840607643127,0.689325213432312,none,0.0,0,15,[],-1.0,-1.0,105,84017640,6001260,0,105,0,0,0.0,3,36,66,"[[0,1],[0,2],[0,3],[0,4],[0,5],[0,6],[0,7],[0,8],[0,9],[0,10],[0,11],[0,12],[0,13],[0,14],[1,2],[1,3],[1,4],[1,5],[1,6],[1,7],[1,8],[1,9],[1,10],[1,11],[1,12],[1,13],[1,14],[2,3],[2,4],[2,5],[2,6],[2,7],[2,8],[2,9],[2,10],[2,11],[2,12],[2,13],[2,14],[3,4],[3,5],[3,6],[3,7],[3,8],[3,9],[3,10],[3,11],[3,12],[3,13],[3,14],[4,5],[4,6],[4,7],[4,8],[4,9],[4,10],[4,11],[4,12],[4,13],[4,14],[5,6],[5,7],[5,8],[5,9],[5,10],[5,11],[5,12],[5,13],[5,14],[6,7],[6,8],[6,9],[6,10],[6,11],[6,12],[6,13],[6,14],[7,8],[7,9],[7,10],[7,11],[7,12],[7,13],[7,14],[8,9],[8,10],[8,11],[8,12],[8,13],[8,14],[9,10],[9,11],[9,12],[9,13],[9,14],[10,11],[10,12],[10,13],[10,14],[11,12],[11,13],[11,14],[12,13],[12,14],[13,14]]","[false, false, false, false, true, false, true, false, false, false, false, false, true, false, false]","[""rating_interaction_mf"", ""user_profile_mlp"", ""movie_metadata_mlp"", ""genre_knn_mlp"", ""popularity_temporal_mlp"", ""sparse_rating_mf"", ""masked_genres"", ""corrupt_user_profile"", ""outdated_popularity"", ""low_degree_interaction"", ""random_project_movie"", ""weak_genre_knn"", ""highk_noisy_knn"", ""partial_profile"", ""shuffled_feature_diagnostic""]","[0.5521940588951111, 0.57478928565979, 0.5565730929374695, 0.6667599678039551, 0.6893052458763123, 0.6354965567588806, 0.6255886554718018, 0.5606322884559631, 0.6299477219581604, 0.6789674162864685, 0.5769888162612915, 0.6076323986053467, 0.6817368268966675, 0.6681796908378601, 0.5881964564323425]","[0, 1, 2, 3, 4, 5, 6, 7, 8, 9, 10, 11, 12, 13, 14]",outputs\movielens_hard15_leakage_safe_20260705\cache\movielens_hard_n15_seed46.pt,05f9a6a3c13be688c8b7d1a2ca4ee2013637273f64d1f9c72c1ab6e68271e817,0.7436097232301552,0.747806813539716,0.8359910845808548
MovieLens1M,hard,46,adaptive_pair,5,0.6870657205581665,0.6894102096557617,0.6716136437648348,0.6716136437648348,0.6894102096557617,0.6894102096557617,0,11202352,11202352,5601176,16803528,peer_to_peer_topology,all_supervised,supervised,shared_val,all_parties,0,True,all_parties_supervised_simulation,all_parties,all_parties,all_parties_supervised,shared,1.0,100021,100021,active,0.5,0.6894102096557617,0.6289915720621745,0.5510593056678772,0.5510593056678772,0.6906299591064453,none,0.0,0,15,[],-1.0,-1.0,14,11202352,5601176,3000630,14,3000630,0,0.863015599999926,1,4,9,"[[1,8],[1,11],[2,7],[2,14],[3,5],[3,13],[4,9],[4,12],[5,13],[6,8],[6,10],[7,14],[9,12],[10,11]]","[false, false, false, false, true, false, true, false, false, false, false, false, true, false, false]","[""rating_interaction_mf"", ""user_profile_mlp"", ""movie_metadata_mlp"", ""genre_knn_mlp"", ""popularity_temporal_mlp"", ""sparse_rating_mf"", ""masked_genres"", ""corrupt_user_profile"", ""outdated_popularity"", ""low_degree_interaction"", ""random_project_movie"", ""weak_genre_knn"", ""highk_noisy_knn"", ""partial_profile"", ""shuffled_feature_diagnostic""]","[0.5521940588951111, 0.57478928565979, 0.5565730929374695, 0.6667599678039551, 0.6893052458763123, 0.6354965567588806, 0.6255886554718018, 0.5606322884559631, 0.6299477219581604, 0.6789674162864685, 0.5769888162612915, 0.6076323986053467, 0.6817368268966675, 0.6681796908378601, 0.5881964564323425]","[0, 1, 2, 3, 4, 5, 6, 7, 8, 9, 10, 11, 12, 13, 14]",outputs\movielens_hard15_leakage_safe_20260705\cache\movielens_hard_n15_seed46.pt,05f9a6a3c13be688c8b7d1a2ca4ee2013637273f64d1f9c72c1ab6e68271e817,0.7443772842354501,0.7480607109982929,0.837325458582324
MovieLens1M,hard,46,adaptive_complementarity,5,0.6860059499740601,0.6878155469894409,0.6692783817707015,0.6692783817707015,0.6878155469894409,0.6878155469894409,0,12002520,12002520,6001260,18003780,peer_to_peer_topology,all_supervised,supervised,shared_val,all_parties,0,True,all_parties_supervised_simulation,all_parties,all_parties,all_parties_supervised,shared,1.0,100021,100021,active,0.5,0.6878155469894409,0.6358824650446574,0.5908109545707703,0.5908109545707703,0.6888903379440308,none,0.0,0,15,[],-1.0,-1.0,15,12002520,6001260,3000630,15,3000630,0,0.8215461000072537,0,6,9,"[[0,4],[0,9],[1,3],[1,13],[2,4],[2,12],[3,7],[5,6],[5,11],[6,10],[7,12],[8,10],[8,11],[9,14],[13,14]]","[false, false, false, false, true, false, true, false, false, false, false, false, true, false, false]","[""rating_interaction_mf"", ""user_profile_mlp"", ""movie_metadata_mlp"", ""genre_knn_mlp"", ""popularity_temporal_mlp"", ""sparse_rating_mf"", ""masked_genres"", ""corrupt_user_profile"", ""outdated_popularity"", ""low_degree_interaction"", ""random_project_movie"", ""weak_genre_knn"", ""highk_noisy_knn"", ""partial_profile"", ""shuffled_feature_diagnostic""]","[0.5521940588951111, 0.57478928565979, 0.5565730929374695, 0.6667599678039551, 0.6893052458763123, 0.6354965567588806, 0.6255886554718018, 0.5606322884559631, 0.6299477219581604, 0.6789674162864685, 0.5769888162612915, 0.6076323986053467, 0.6817368268966675, 0.6681796908378601, 0.5881964564323425]","[0, 1, 2, 3, 4, 5, 6, 7, 8, 9, 10, 11, 12, 13, 14]",outputs\movielens_hard15_leakage_safe_20260705\cache\movielens_hard_n15_seed46.pt,05f9a6a3c13be688c8b7d1a2ca4ee2013637273f64d1f9c72c1ab6e68271e817,0.7431887570400919,0.7475768182957292,0.8359195483457769
MovieLens1M,hard,46,expander_matched,5,0.6794173121452332,0.6826866269111633,0.6614949426258876,0.6614949426258876,0.6826866269111633,0.6826866269111633,0,4000840,4000840,2400504,6401344,peer_to_peer_topology,all_supervised,supervised,shared_val,all_parties,0,True,all_parties_supervised_simulation,all_parties,all_parties,all_parties_supervised,shared,1.0,100021,100021,active,0.5,0.6826866269111633,0.6255523045857747,0.5621919631958008,0.5568930506706238,0.688465416431427,none,0.0,0,15,[],-1.0,-1.0,5,4000840,2400504,0,5,0,0,0.0,0,2,3,"[[0,14],[10,11],[11,12],[12,13],[13,14]]","[false, false, false, false, true, false, true, false, false, false, false, false, true, false, false]","[""rating_interaction_mf"", ""user_profile_mlp"", ""movie_metadata_mlp"", ""genre_knn_mlp"", ""popularity_temporal_mlp"", ""sparse_rating_mf"", ""masked_genres"", ""corrupt_user_profile"", ""outdated_popularity"", ""low_degree_interaction"", ""random_project_movie"", ""weak_genre_knn"", ""highk_noisy_knn"", ""partial_profile"", ""shuffled_feature_diagnostic""]","[0.5521940588951111, 0.57478928565979, 0.5565730929374695, 0.6667599678039551, 0.6893052458763123, 0.6354965567588806, 0.6255886554718018, 0.5606322884559631, 0.6299477219581604, 0.6789674162864685, 0.5769888162612915, 0.6076323986053467, 0.6817368268966675, 0.6681796908378601, 0.5881964564323425]","[0, 1, 2, 3, 4, 5, 6, 7, 8, 9, 10, 11, 12, 13, 14]",outputs\movielens_hard15_leakage_safe_20260705\cache\movielens_hard_n15_seed46.pt,05f9a6a3c13be688c8b7d1a2ca4ee2013637273f64d1f9c72c1ab6e68271e817,0.7356267986503733,0.74619143202156,0.8306511297919659
MovieLens1M,hard,46,topk_reliability_vote,5,0.6929244995117188,0.6929544806480408,0.6816934176502096,0.6816934176502096,0.6929544806480408,0.6929544806480408,0,0,0,2000420,2000420,global_diagnostic,all_supervised,supervised,shared_val,all_parties,0,True,all_parties_supervised_simulation,all_parties,all_parties,all_parties_supervised,shared,1.0,100021,100021,active,0.5,0.6929544806480408,0.6205820123354594,0.5510593056678772,0.5510593056678772,0.688465416431427,none,0.0,0,15,[],-1.0,-1.0,0,0,2000420,0,0,0,0,0.0,0,0,0,[],"[false, false, false, false, true, false, true, false, false, false, false, false, true, false, false]","[""rating_interaction_mf"", ""user_profile_mlp"", ""movie_metadata_mlp"", ""genre_knn_mlp"", ""popularity_temporal_mlp"", ""sparse_rating_mf"", ""masked_genres"", ""corrupt_user_profile"", ""outdated_popularity"", ""low_degree_interaction"", ""random_project_movie"", ""weak_genre_knn"", ""highk_noisy_knn"", ""partial_profile"", ""shuffled_feature_diagnostic""]","[0.5521940588951111, 0.57478928565979, 0.5565730929374695, 0.6667599678039551, 0.6893052458763123, 0.6354965567588806, 0.6255886554718018, 0.5606322884559631, 0.6299477219581604, 0.6789674162864685, 0.5769888162612915, 0.6076323986053467, 0.6817368268966675, 0.6681796908378601, 0.5881964564323425]","[0, 1, 2, 3, 4, 5, 6, 7, 8, 9, 10, 11, 12, 13, 14]",outputs\movielens_hard15_leakage_safe_20260705\cache\movielens_hard_n15_seed46.pt,05f9a6a3c13be688c8b7d1a2ca4ee2013637273f64d1f9c72c1ab6e68271e817,0.7483278632446222,0.7415638621943215,0.8470071116670935
