job_id,suite,setting,dataset,method,best_val_mean,best_val_std,best_val_count,test_at_best_val_mean,test_at_best_val_std,test_at_best_val_count,macro_f1_at_best_val_mean,macro_f1_at_best_val_std,macro_f1_at_best_val_count,best_observed_test_mean,best_observed_test_std,best_observed_test_count,final_test_mean,final_test_std,final_test_count,train_comm_mean,train_comm_std,train_comm_count,inference_comm_mean,inference_comm_std,inference_comm_count,final_edges_mean,final_edges_std,final_edges_count,topology_update_comm_mean,topology_update_comm_std,topology_update_comm_count,topology_eval_count_mean,topology_eval_count_std,topology_eval_count_count,topology_update_time_mean,topology_update_time_std,topology_update_time_count,useful_useful_edges_mean,useful_useful_edges_std,useful_useful_edges_count,useful_noisy_edges_mean,useful_noisy_edges_std,useful_noisy_edges_count,noisy_noisy_edges_mean,noisy_noisy_edges_std,noisy_noisy_edges_count,param_dataset,param_graph_views,param_num_parties,param_view_setting,param_useful_parties,param_epochs,param_seeds,param_methods,param_adaptive_edge_budget,param_adaptive_min_edges,param_adaptive_min_gain,param_max_degree,param_pred_consensus_steps,param_pred_self_weight,param_vote_weighting,param_reliability_power,param_topology_degree_power,param_final_reliability_floor,param_topk_reliability_k,param_matched_edge_count,param_readout_mode,param_validation_evaluator,param_active_party_id,param_device,param_shuffle_party_positions,param_party_shuffle_seed_offset,param_cache_predictions,param_reuse_prediction_cache,param_cache_dir,param_skip_local_training_if_cache_exists,param_modality_setting,param_modalities,param_modality_dim,param_ignore_dataset_split
active_party_evaluator/acm_hard_noisy_active_party,active_party_evaluator,hard_noisy,ACM,adaptive_graph_val,0.8877483367919922,0.01568048605091352,5,0.8507413268089294,0.01958313877109763,5,0.8509236626929765,0.019865744220779077,5,0.8724876165390014,0.008286524337021756,5,0.8576605916023254,0.01844110222563255,5,0.0,0.0,5,90750.0,0.0,5,5.0,0.0,5,407700.0,0.0,5,7485.2,45.38942608141235,5,23.68181938001653,1.6138155457808798,5,2.2,0.4472135954999579,5,1.6,0.8944271909999159,5,1.2,0.4472135954999579,5,ACM,"PAP,PSP,KNN",15,hard,3,300,"42,43,44,45,46",adaptive_graph_val,15,5,0.001,2,1,0.85,topology_reliability,1.0,0.5,0.0,5,5,active_vote,active_party,0,cuda,,,,,,,,,,
active_party_evaluator/acm_hard_noisy_all_parties,active_party_evaluator,hard_noisy,ACM,adaptive_graph_val,0.8870860815048218,0.015010637125000219,5,0.8537067294120788,0.016367034019216183,5,0.8537380756980113,0.016766004615543152,5,0.8708401799201966,0.014295812001707525,5,0.8583195924758911,0.008319191986850761,5,0.0,0.0,5,90750.0,0.0,5,5.0,0.0,5,407700.0,0.0,5,7473.6,36.97701989073763,5,25.07390281999833,1.0281376615009443,5,2.0,0.0,5,2.0,0.0,5,1.0,0.0,5,ACM,"PAP,PSP,KNN",15,hard,3,300,"42,43,44,45,46",adaptive_graph_val,15,5,0.001,2,1,0.85,topology_reliability,1.0,0.5,0.0,5,5,active_vote,all_parties,0,cuda,,,,,,,,,,
active_party_evaluator/acm_main_active_party,active_party_evaluator,main,ACM,adaptive_graph_val,0.9208609342575074,0.012300781027483864,5,0.8935749292373657,0.008037105260302931,5,0.8938428265414313,0.008432626468986421,5,0.9067544937133789,0.011088189855944553,5,0.8939044237136841,0.009718524578368916,5,0.0,0.0,5,94380.0,8116.926758324236,5,5.2,0.44721359549995787,5,407700.0,0.0,5,7898.0,103.35134251667945,5,25.91085467999801,1.1801854222802093,5,3.8,1.0954451150103321,5,1.2,1.0954451150103321,5,0.2,0.447213595499958,5,ACM,"PAP,PSP,KNN",15,hard,6,300,"42,43,44,45,46",adaptive_graph_val,15,5,0.001,2,1,0.85,topology_reliability,1.0,0.5,0.0,5,5,active_vote,active_party,0,cuda,,,,,,,,,,
active_party_evaluator/acm_main_all_parties,active_party_evaluator,main,ACM,adaptive_graph_val,0.9208609342575074,0.010232796106062782,5,0.8965403437614441,0.015775965819979653,5,0.8968385079725202,0.015918050241753422,5,0.9087314367294311,0.010840658609834785,5,0.8919275045394898,0.011742032740835366,5,0.0,0.0,5,90750.0,0.0,5,5.0,0.0,5,407700.0,0.0,5,7891.8,170.43825861584014,5,25.809282299980985,1.4844964067759188,5,3.4,0.5477225575051662,5,1.4,0.5477225575051661,5,0.2,0.447213595499958,5,ACM,"PAP,PSP,KNN",15,hard,6,300,"42,43,44,45,46",adaptive_graph_val,15,5,0.001,2,1,0.85,topology_reliability,1.0,0.5,0.0,5,5,active_vote,all_parties,0,cuda,,,,,,,,,,
active_party_evaluator/dblp_hard_noisy_active_party,active_party_evaluator,hard_noisy,DBLP,adaptive_graph_val,0.913086473941803,0.011535124047315572,5,0.8918918609619141,0.007057192874140433,5,0.8831241518477645,0.008718405754317284,5,0.9054053783416748,0.006324097052862332,5,0.8928746700286865,0.008121129545967958,5,0.0,0.0,5,175262.4,17776.88332638767,5,5.4,0.547722557505166,5,729000.0,0.0,5,7831.6,89.97388510006662,5,23.812382080015958,4.681411453927575,5,0.8,0.4472135954999579,5,2.6,0.5477225575051661,5,2.0,0.0,5,DBLP,"APA,APCPA,APTPA,KNN",15,hard,3,300,"42,43,44,45,46",adaptive_graph_val,15,5,0.001,2,1,0.85,topology_reliability,1.0,0.5,0.0,5,5,active_vote,active_party,0,cuda,,,,,,,,,,
active_party_evaluator/dblp_hard_noisy_all_parties,active_party_evaluator,hard_noisy,DBLP,adaptive_graph_val,0.9135802984237671,0.012499054633320943,5,0.8941031575202942,0.007131658234011398,5,0.8853013361156574,0.008210794584149072,5,0.9049139857292176,0.005397021702444846,5,0.8923832774162292,0.005801335849947999,5,0.0,0.0,5,162280.0,0.0,5,5.0,0.0,5,729000.0,0.0,5,7779.2,90.38639278121468,5,26.735764699976425,1.285285451494846,5,1.0,0.0,5,2.4,0.5477225575051661,5,1.6,0.5477225575051662,5,DBLP,"APA,APCPA,APTPA,KNN",15,hard,3,300,"42,43,44,45,46",adaptive_graph_val,15,5,0.001,2,1,0.85,topology_reliability,1.0,0.5,0.0,5,5,active_vote,all_parties,0,cuda,,,,,,,,,,
active_party_evaluator/dblp_main_active_party,active_party_evaluator,main,DBLP,adaptive_graph_val,0.9306173324584961,0.008790613585776002,5,0.9105651021003723,0.008918285192661296,5,0.9032769762758746,0.010661861634544712,5,0.9226044058799744,0.010093183435024862,5,0.9103193998336792,0.014300306799886978,5,0.0,0.0,5,168771.2,14514.764455546634,5,5.2,0.44721359549995787,5,729000.0,0.0,5,7918.0,120.71039723238425,5,27.48942783997627,0.5525996082471395,5,2.0,0.0,5,2.2,0.447213595499958,5,1.0,0.7071067811865476,5,DBLP,"APA,APCPA,APTPA,KNN",15,hard,6,300,"42,43,44,45,46",adaptive_graph_val,15,5,0.001,2,1,0.85,topology_reliability,1.0,0.5,0.0,5,5,active_vote,active_party,0,cuda,,,,,,,,,,
active_party_evaluator/dblp_main_all_parties,active_party_evaluator,main,DBLP,adaptive_graph_val,0.9320988059043884,0.008773260268194813,5,0.9162161946296692,0.012080611799893176,5,0.9097377498722373,0.013946521659215578,5,0.9235872030258179,0.009727685246966093,5,0.914004898071289,0.011910760927713723,5,0.0,0.0,5,162280.0,0.0,5,5.0,0.0,5,729000.0,0.0,5,7920.0,216.60909491524117,5,26.26629438000382,1.4603804723258014,5,2.0,0.0,5,2.2,0.8366600265340756,5,0.8,0.8366600265340756,5,DBLP,"APA,APCPA,APTPA,KNN",15,hard,6,300,"42,43,44,45,46",adaptive_graph_val,15,5,0.001,2,1,0.85,topology_reliability,1.0,0.5,0.0,5,5,active_vote,all_parties,0,cuda,,,,,,,,,,
central_baselines/acm_hard_noisy,central_baselines,hard_noisy,ACM,central_full_gcn,0.7546357631683349,0.015592804671582677,5,0.7449752688407898,0.006732390860663296,5,0.746963377834435,0.007604375160521184,5,0.7545304656028747,0.011473127071685732,5,0.6827017903327942,0.022486279017845685,5,0.0,0.0,5,0.0,0.0,5,0.0,0.0,5,0.0,0.0,5,0.0,0.0,5,0.0,0.0,5,0.0,0.0,5,0.0,0.0,5,0.0,0.0,5,ACM,"PAP,PSP,KNN",15,hard,3,300,"42,43,44,45,46","central_fusion,central_full_gcn",15,5,0.001,2,1,0.85,topology_reliability,1.0,0.5,0.0,5,5,active_vote,all_parties,0,cuda,,,,,,,,,,
central_baselines/acm_hard_noisy,central_baselines,hard_noisy,ACM,central_fusion,0.37152317762374876,0.016745617754993444,5,0.3485996603965759,0.005894078917048877,5,0.30735084772137294,0.07507659632782247,5,0.38056011795997613,0.015801747510416065,5,0.3390444815158844,0.01125821882188103,5,871200000.0,0.0,5,2904000.0,0.0,5,105.0,0.0,5,0.0,0.0,5,0.0,0.0,5,0.0,0.0,5,0.0,0.0,5,0.0,0.0,5,0.0,0.0,5,ACM,"PAP,PSP,KNN",15,hard,3,300,"42,43,44,45,46","central_fusion,central_full_gcn",15,5,0.001,2,1,0.85,topology_reliability,1.0,0.5,0.0,5,5,active_vote,all_parties,0,cuda,,,,,,,,,,
central_baselines/acm_main,central_baselines,main,ACM,central_full_gcn,0.7605960249900818,0.011565718841664368,5,0.756507408618927,0.014046817336335308,5,0.7578232224120623,0.015171015906526003,5,0.7601317882537841,0.011625867472875704,5,0.6879736304283142,0.024368854349861947,5,0.0,0.0,5,0.0,0.0,5,0.0,0.0,5,0.0,0.0,5,0.0,0.0,5,0.0,0.0,5,0.0,0.0,5,0.0,0.0,5,0.0,0.0,5,ACM,"PAP,PSP,KNN",15,hard,6,300,"42,43,44,45,46","central_fusion,central_full_gcn",15,5,0.001,2,1,0.85,topology_reliability,1.0,0.5,0.0,5,5,active_vote,all_parties,0,cuda,,,,,,,,,,
central_baselines/acm_main,central_baselines,main,ACM,central_fusion,0.37384105920791627,0.01321396183684224,5,0.34069191217422484,0.01912031735072175,5,0.30420647964506997,0.07573301239653364,5,0.36606259346008296,0.01594707873038008,5,0.3400329351425171,0.013363618682752541,5,871200000.0,0.0,5,2904000.0,0.0,5,105.0,0.0,5,0.0,0.0,5,0.0,0.0,5,0.0,0.0,5,0.0,0.0,5,0.0,0.0,5,0.0,0.0,5,ACM,"PAP,PSP,KNN",15,hard,6,300,"42,43,44,45,46","central_fusion,central_full_gcn",15,5,0.001,2,1,0.85,topology_reliability,1.0,0.5,0.0,5,5,active_vote,all_parties,0,cuda,,,,,,,,,,
central_baselines/dblp_hard_noisy,central_baselines,hard_noisy,DBLP,central_full_gcn,0.9138272047042847,0.011159028506024245,5,0.8995085835456849,0.010293046302585198,5,0.8907527587363189,0.012383487349713373,5,0.9090909004211426,0.011090585683119535,5,0.8987714767456054,0.01327690520283303,5,0.0,0.0,5,0.0,0.0,5,0.0,0.0,5,0.0,0.0,5,0.0,0.0,5,0.0,0.0,5,0.0,0.0,5,0.0,0.0,5,0.0,0.0,5,DBLP,"APA,APCPA,APTPA,KNN",15,hard,3,300,"42,43,44,45,46","central_fusion,central_full_gcn",15,5,0.001,2,1,0.85,topology_reliability,1.0,0.5,0.0,5,5,active_vote,all_parties,0,cuda,,,,,,,,,,
central_baselines/dblp_hard_noisy,central_baselines,hard_noisy,DBLP,central_fusion,0.6622222542762757,0.06223007344207524,5,0.6530712246894836,0.05492375735167479,5,0.6161879206026339,0.05994190413800843,5,0.6643734455108643,0.0635112507245694,5,0.6471744298934936,0.05292831112920236,5,1168416000.0,0.0,5,3894720.0,0.0,5,105.0,0.0,5,0.0,0.0,5,0.0,0.0,5,0.0,0.0,5,0.0,0.0,5,0.0,0.0,5,0.0,0.0,5,DBLP,"APA,APCPA,APTPA,KNN",15,hard,3,300,"42,43,44,45,46","central_fusion,central_full_gcn",15,5,0.001,2,1,0.85,topology_reliability,1.0,0.5,0.0,5,5,active_vote,all_parties,0,cuda,,,,,,,,,,
central_baselines/dblp_main,central_baselines,main,DBLP,central_full_gcn,0.9133333683013916,0.011021594537900059,5,0.8997542858123779,0.011346195804151764,5,0.8909799000248626,0.013372486145522947,5,0.9088451981544494,0.011001776825323408,5,0.8985257744789124,0.013613653604883475,5,0.0,0.0,5,0.0,0.0,5,0.0,0.0,5,0.0,0.0,5,0.0,0.0,5,0.0,0.0,5,0.0,0.0,5,0.0,0.0,5,0.0,0.0,5,DBLP,"APA,APCPA,APTPA,KNN",15,hard,6,300,"42,43,44,45,46","central_fusion,central_full_gcn",15,5,0.001,2,1,0.85,topology_reliability,1.0,0.5,0.0,5,5,active_vote,all_parties,0,cuda,,,,,,,,,,
central_baselines/dblp_main,central_baselines,main,DBLP,central_fusion,0.7804938554763794,0.07302446303538432,5,0.7820638537406921,0.08585719319962651,5,0.7680767336450385,0.08963731112115966,5,0.7874692678451538,0.08864382231001094,5,0.7764127492904663,0.0829260928642474,5,1168416000.0,0.0,5,3894720.0,0.0,5,105.0,0.0,5,0.0,0.0,5,0.0,0.0,5,0.0,0.0,5,0.0,0.0,5,0.0,0.0,5,0.0,0.0,5,DBLP,"APA,APCPA,APTPA,KNN",15,hard,6,300,"42,43,44,45,46","central_fusion,central_full_gcn",15,5,0.001,2,1,0.85,topology_reliability,1.0,0.5,0.0,5,5,active_vote,all_parties,0,cuda,,,,,,,,,,
consensus/acm_hard_noisy_default,consensus,hard_noisy,ACM,adaptive_graph_val,0.8903973460197449,0.02904202733393718,5,0.8553541898727417,0.029085707022040122,5,0.856033353251721,0.02851183731598348,5,0.8714991569519043,0.02509316430233685,5,0.8550246953964233,0.022738340530757455,5,0.0,0.0,5,90750.0,0.0,5,5.0,0.0,5,407700.0,0.0,5,7520.4,108.32497403646124,5,10.664907259991741,0.3252900776180811,5,2.0,0.0,5,1.8,0.4472135954999579,5,1.2,0.4472135954999579,5,ACM,"PAP,PSP,KNN",15,hard,3,300,"42,43,44,45,46",adaptive_graph_val,15,5,0.001,2,1,0.85,topology_reliability,1.0,0.5,0.0,5,5,active_vote,all_parties,0,cuda,True,2026.0,True,True,C:\Users\Yin Kuan\OneDrive\桌面\Durham_CS\Research\TA-DVFG\results\core_cache_v2,True,,,,
consensus/acm_hard_noisy_reliability,consensus,hard_noisy,ACM,adaptive_graph_val,0.7917218446731568,0.06743921311655189,5,0.7614497303962707,0.044821439143978396,5,0.7613629502889043,0.04522687337662563,5,0.7871498942375184,0.0416024949953695,5,0.7736408352851868,0.05103893723512996,5,0.0,0.0,5,116160.0,20694.183965549353,5,6.4,1.140175425099138,5,407700.0,0.0,5,8688.8,134.3547542887855,5,13.294175799991354,0.23293436869522952,5,1.4,0.5477225575051662,5,1.4,0.8944271909999159,5,3.6,1.140175425099138,5,ACM,"PAP,PSP,KNN",15,hard,3,300,"42,43,44,45,46",adaptive_graph_val,15,5,0.001,2,1,0.85,reliability,1.0,0.5,0.0,5,5,active_vote,all_parties,0,cuda,True,2026.0,True,True,C:\Users\Yin Kuan\OneDrive\桌面\Durham_CS\Research\TA-DVFG\results\core_cache_v2,True,,,,
consensus/acm_hard_noisy_self0p70,consensus,hard_noisy,ACM,adaptive_graph_val,0.8903973579406739,0.030492364096004445,5,0.8537067294120788,0.027080350720717388,5,0.853845993802198,0.027051849352932665,5,0.8747940540313721,0.022797935289413963,5,0.8556836724281311,0.027851110217921835,5,0.0,0.0,5,90750.0,0.0,5,5.0,0.0,5,407700.0,0.0,5,7548.2,132.26564179710476,5,10.675445040024352,0.3327619250749538,5,2.0,0.0,5,1.8,0.4472135954999579,5,1.2,0.4472135954999579,5,ACM,"PAP,PSP,KNN",15,hard,3,300,"42,43,44,45,46",adaptive_graph_val,15,5,0.001,2,1,0.7,topology_reliability,1.0,0.5,0.0,5,5,active_vote,all_parties,0,cuda,True,2026.0,True,True,C:\Users\Yin Kuan\OneDrive\桌面\Durham_CS\Research\TA-DVFG\results\core_cache_v2,True,,,,
consensus/acm_hard_noisy_self0p95,consensus,hard_noisy,ACM,adaptive_graph_val,0.8913907289505005,0.02974609784019444,5,0.8563426494598388,0.03139672526931737,5,0.8569537997054517,0.031186060073399982,5,0.8734760999679565,0.021492692765009324,5,0.8546951889991761,0.025691710035116177,5,0.0,0.0,5,90750.0,0.0,5,5.0,0.0,5,407700.0,0.0,5,7558.4,124.44195434016628,5,10.837759920003009,0.2271212053762316,5,2.0,0.0,5,2.0,0.0,5,1.0,0.0,5,ACM,"PAP,PSP,KNN",15,hard,3,300,"42,43,44,45,46",adaptive_graph_val,15,5,0.001,2,1,0.95,topology_reliability,1.0,0.5,0.0,5,5,active_vote,all_parties,0,cuda,True,2026.0,True,True,C:\Users\Yin Kuan\OneDrive\桌面\Durham_CS\Research\TA-DVFG\results\core_cache_v2,True,,,,
consensus/acm_hard_noisy_steps0,consensus,hard_noisy,ACM,adaptive_graph_val,0.8913907408714294,0.030293949557389867,5,0.8576606035232544,0.028286219389885587,5,0.8584782988882464,0.02788228644513462,5,0.8751235485076905,0.023628072952484855,5,0.8514003038406373,0.02558584351834209,5,0.0,0.0,5,0.0,0.0,5,5.0,0.0,5,407700.0,0.0,5,7510.8,61.458929375640736,5,4.347983640013263,0.0799930922161282,5,2.0,0.0,5,1.8,0.4472135954999579,5,1.2,0.4472135954999579,5,ACM,"PAP,PSP,KNN",15,hard,3,300,"42,43,44,45,46",adaptive_graph_val,15,5,0.001,2,0,0.85,topology_reliability,1.0,0.5,0.0,5,5,active_vote,all_parties,0,cuda,True,2026.0,True,True,C:\Users\Yin Kuan\OneDrive\桌面\Durham_CS\Research\TA-DVFG\results\core_cache_v2,True,,,,
consensus/acm_hard_noisy_steps2,consensus,hard_noisy,ACM,adaptive_graph_val,0.8894039750099182,0.031812230210272296,5,0.8517297863960266,0.03044435189873311,5,0.8519025867854506,0.03057018456400708,5,0.8757825136184693,0.02296400671766833,5,0.8533772468566895,0.02358784634357449,5,0.0,0.0,5,181500.0,0.0,5,5.0,0.0,5,407700.0,0.0,5,7532.8,118.41748181750859,5,17.105132100000628,0.3951121212788423,5,2.0,0.0,5,1.8,0.4472135954999579,5,1.2,0.4472135954999579,5,ACM,"PAP,PSP,KNN",15,hard,3,300,"42,43,44,45,46",adaptive_graph_val,15,5,0.001,2,2,0.85,topology_reliability,1.0,0.5,0.0,5,5,active_vote,all_parties,0,cuda,True,2026.0,True,True,C:\Users\Yin Kuan\OneDrive\桌面\Durham_CS\Research\TA-DVFG\results\core_cache_v2,True,,,,
consensus/acm_hard_noisy_uniform,consensus,hard_noisy,ACM,adaptive_graph_val,0.6225165486335754,0.05235559005687023,5,0.6026359081268311,0.05740587609263144,5,0.602104269284027,0.05718525141794116,5,0.6247116923332214,0.05532331688279248,5,0.597364068031311,0.05065194172739348,5,0.0,0.0,5,94380.0,8116.926758324236,5,5.2,0.44721359549995787,5,407700.0,0.0,5,8382.4,295.1733389044476,5,11.650397000001977,0.7088480780453474,5,1.0,0.0,5,3.4,0.8944271909999159,5,0.8,0.8366600265340756,5,ACM,"PAP,PSP,KNN",15,hard,3,300,"42,43,44,45,46",adaptive_graph_val,15,5,0.001,2,1,0.85,uniform,1.0,0.5,0.0,5,5,active_vote,all_parties,0,cuda,True,2026.0,True,True,C:\Users\Yin Kuan\OneDrive\桌面\Durham_CS\Research\TA-DVFG\results\core_cache_v2,True,,,,
consensus/acm_main_default,consensus,main,ACM,adaptive_graph_val,0.9261589288711548,0.01834688320583692,5,0.8952223896980286,0.017065175636923915,5,0.8952506338677987,0.017319880763218495,5,0.9097199082374573,0.010828138362839896,5,0.8971993207931519,0.016703503692933018,5,0.0,0.0,5,90750.0,0.0,5,5.0,0.0,5,407700.0,0.0,5,7954.8,196.7046008612916,5,18.784009860007792,6.810686454098641,5,3.4,0.5477225575051661,5,1.4,0.5477225575051662,5,0.2,0.4472135954999579,5,ACM,"PAP,PSP,KNN",15,hard,6,300,"42,43,44,45,46",adaptive_graph_val,15,5,0.001,2,1,0.85,topology_reliability,1.0,0.5,0.0,5,5,active_vote,all_parties,0,cuda,True,2026.0,True,True,C:\Users\Yin Kuan\OneDrive\桌面\Durham_CS\Research\TA-DVFG\results\core_cache_v2,True,,,,
consensus/acm_main_reliability,consensus,main,ACM,adaptive_graph_val,0.884437084197998,0.028566181218970022,5,0.8619439721107482,0.02310540305255347,5,0.8621681695110144,0.022388182481193196,5,0.8701812148094177,0.022115092095096416,5,0.85897855758667,0.026219783808917537,5,0.0,0.0,5,105270.0,23664.704730885616,5,5.8,1.3038404810405297,5,407700.0,0.0,5,8554.0,74.17883795261295,5,26.244414980040165,2.5848056643974266,5,1.8,0.8366600265340756,5,2.2,0.8366600265340757,5,1.8,0.4472135954999579,5,ACM,"PAP,PSP,KNN",15,hard,6,300,"42,43,44,45,46",adaptive_graph_val,15,5,0.001,2,1,0.85,reliability,1.0,0.5,0.0,5,5,active_vote,all_parties,0,cuda,True,2026.0,True,True,C:\Users\Yin Kuan\OneDrive\桌面\Durham_CS\Research\TA-DVFG\results\core_cache_v2,True,,,,
consensus/acm_main_self0p70,consensus,main,ACM,adaptive_graph_val,0.9268211841583252,0.017340686383886122,5,0.898187792301178,0.01908479007979768,5,0.8982476993086685,0.019306181731000155,5,0.9070840001106262,0.016333827489510105,5,0.898187780380249,0.020721192374269247,5,0.0,0.0,5,94380.0,8116.926758324236,5,5.2,0.4472135954999579,5,407700.0,0.0,5,8007.6,144.06179229761096,5,26.504747540008974,1.5865940135757022,5,3.6,0.8944271909999159,5,1.4,0.8944271909999159,5,0.2,0.447213595499958,5,ACM,"PAP,PSP,KNN",15,hard,6,300,"42,43,44,45,46",adaptive_graph_val,15,5,0.001,2,1,0.7,topology_reliability,1.0,0.5,0.0,5,5,active_vote,all_parties,0,cuda,True,2026.0,True,True,C:\Users\Yin Kuan\OneDrive\桌面\Durham_CS\Research\TA-DVFG\results\core_cache_v2,True,,,,
consensus/acm_main_self0p95,consensus,main,ACM,adaptive_graph_val,0.92649005651474,0.017309043263737858,5,0.8968698263168335,0.020129878973209298,5,0.8970630960079594,0.02052973340783752,5,0.9097199201583862,0.014333739688529393,5,0.8988467693328858,0.018733140654526696,5,0.0,0.0,5,90750.0,0.0,5,5.0,0.0,5,407700.0,0.0,5,7915.0,156.925141389135,5,24.571030959987546,3.177478802005039,5,3.8,0.8366600265340755,5,1.2,0.8366600265340756,5,0.0,0.0,5,ACM,"PAP,PSP,KNN",15,hard,6,300,"42,43,44,45,46",adaptive_graph_val,15,5,0.001,2,1,0.95,topology_reliability,1.0,0.5,0.0,5,5,active_vote,all_parties,0,cuda,True,2026.0,True,True,C:\Users\Yin Kuan\OneDrive\桌面\Durham_CS\Research\TA-DVFG\results\core_cache_v2,True,,,,
consensus/acm_main_steps0,consensus,main,ACM,adaptive_graph_val,0.92649005651474,0.016786473154996095,5,0.8965403318405152,0.016816857614728255,5,0.896589207940216,0.017384383357545736,5,0.9090609431266785,0.01380320788515194,5,0.8952223658561707,0.01965231386574293,5,0.0,0.0,5,0.0,0.0,5,5.0,0.0,5,407700.0,0.0,5,7925.2,84.53519976909016,5,5.10584583998425,0.11481786816557546,5,3.2,1.3038404810405297,5,1.8,1.3038404810405297,5,0.0,0.0,5,ACM,"PAP,PSP,KNN",15,hard,6,300,"42,43,44,45,46",adaptive_graph_val,15,5,0.001,2,0,0.85,topology_reliability,1.0,0.5,0.0,5,5,active_vote,all_parties,0,cuda,True,2026.0,True,True,C:\Users\Yin Kuan\OneDrive\桌面\Durham_CS\Research\TA-DVFG\results\core_cache_v2,True,,,,
consensus/acm_main_steps2,consensus,main,ACM,adaptive_graph_val,0.9251655578613281,0.017961845004366643,5,0.8958813667297363,0.01936714246461607,5,0.8957834596341396,0.019302502217110468,5,0.9077429652214051,0.017356934095337218,5,0.8958813667297363,0.01926175242978442,5,0.0,0.0,5,188760.0,16233.853516648473,5,5.2,0.4472135954999579,5,407700.0,0.0,5,7918.0,102.38163897887152,5,26.018470199988222,7.144497453440108,5,3.6,0.5477225575051662,5,1.4,0.8944271909999159,5,0.2,0.447213595499958,5,ACM,"PAP,PSP,KNN",15,hard,6,300,"42,43,44,45,46",adaptive_graph_val,15,5,0.001,2,2,0.85,topology_reliability,1.0,0.5,0.0,5,5,active_vote,all_parties,0,cuda,True,2026.0,True,True,C:\Users\Yin Kuan\OneDrive\桌面\Durham_CS\Research\TA-DVFG\results\core_cache_v2,True,,,,
consensus/acm_main_uniform,consensus,main,ACM,adaptive_graph_val,0.7549668908119201,0.040027200158009674,5,0.7492586255073548,0.045691031966194395,5,0.7481501569014823,0.04574293110923798,5,0.7545304656028747,0.042050241206054204,5,0.7370675206184387,0.04186588689442528,5,0.0,0.0,5,116160.0,20694.183965549353,5,6.4,1.1401754250991378,5,407700.0,0.0,5,8542.2,150.88306730710386,5,23.14115099995397,4.279726065168022,5,2.0,0.0,5,3.6,0.5477225575051661,5,0.8,0.8366600265340756,5,ACM,"PAP,PSP,KNN",15,hard,6,300,"42,43,44,45,46",adaptive_graph_val,15,5,0.001,2,1,0.85,uniform,1.0,0.5,0.0,5,5,active_vote,all_parties,0,cuda,True,2026.0,True,True,C:\Users\Yin Kuan\OneDrive\桌面\Durham_CS\Research\TA-DVFG\results\core_cache_v2,True,,,,
consensus/dblp_hard_noisy_default,consensus,hard_noisy,DBLP,adaptive_graph_val,0.9125926256179809,0.009968694909089996,5,0.9024569869041443,0.011412513215862362,5,0.8953847599699282,0.012701452682714122,5,0.907862377166748,0.010093163484203511,5,0.896068787574768,0.010300387847290584,5,0.0,0.0,5,162280.0,0.0,5,5.0,0.0,5,729000.0,0.0,5,7637.0,75.50496672405065,5,10.759927360006259,0.18076571269524866,5,1.0,0.0,5,2.4,0.5477225575051661,5,1.6,0.5477225575051661,5,DBLP,"APA,APCPA,APTPA,KNN",15,hard,3,300,"42,43,44,45,46",adaptive_graph_val,15,5,0.001,2,1,0.85,topology_reliability,1.0,0.5,0.0,5,5,active_vote,all_parties,0,cuda,True,2026.0,True,True,C:\Users\Yin Kuan\OneDrive\桌面\Durham_CS\Research\TA-DVFG\results\core_cache_v2,True,,,,
consensus/dblp_hard_noisy_reliability,consensus,hard_noisy,DBLP,adaptive_graph_val,0.8837037324905396,0.012388803359141769,5,0.8800982594490051,0.014884658651724251,5,0.8686132526753086,0.01675381377874278,5,0.8830466747283936,0.014415934794780528,5,0.8687960505485535,0.014879587511880375,5,0.0,0.0,5,162280.0,0.0,5,5.0,0.0,5,729000.0,0.0,5,8576.2,138.00615928283756,5,12.989358800006448,0.40866258215328083,5,0.0,0.0,5,2.0,0.7071067811865476,5,3.0,0.7071067811865476,5,DBLP,"APA,APCPA,APTPA,KNN",15,hard,3,300,"42,43,44,45,46",adaptive_graph_val,15,5,0.001,2,1,0.85,reliability,1.0,0.5,0.0,5,5,active_vote,all_parties,0,cuda,True,2026.0,True,True,C:\Users\Yin Kuan\OneDrive\桌面\Durham_CS\Research\TA-DVFG\results\core_cache_v2,True,,,,
consensus/dblp_hard_noisy_self0p70,consensus,hard_noisy,DBLP,adaptive_graph_val,0.9130864620208741,0.011828692479709876,5,0.8982800841331482,0.010329641239535748,5,0.891015642601056,0.01088233970840662,5,0.9068795800209045,0.011667526391254261,5,0.8975429892539978,0.0100781938492551,5,0.0,0.0,5,168771.2,14514.764455546632,5,5.2,0.44721359549995787,5,729000.0,0.0,5,7789.8,130.99312959083016,5,11.27919090000214,0.32801910470462614,5,1.2,0.4472135954999579,5,2.0,0.7071067811865476,5,2.0,0.7071067811865476,5,DBLP,"APA,APCPA,APTPA,KNN",15,hard,3,300,"42,43,44,45,46",adaptive_graph_val,15,5,0.001,2,1,0.7,topology_reliability,1.0,0.5,0.0,5,5,active_vote,all_parties,0,cuda,True,2026.0,True,True,C:\Users\Yin Kuan\OneDrive\桌面\Durham_CS\Research\TA-DVFG\results\core_cache_v2,True,,,,
consensus/dblp_hard_noisy_self0p95,consensus,hard_noisy,DBLP,adaptive_graph_val,0.9145679473876953,0.010705923232568816,5,0.9022112965583802,0.011706276998971903,5,0.8949354449031048,0.0130199193467069,5,0.9066338777542114,0.012036806306909604,5,0.8987714767456054,0.010373379178611652,5,0.0,0.0,5,162280.0,0.0,5,5.0,0.0,5,729000.0,0.0,5,7671.8,45.778816061580294,5,11.033425260009244,0.18807528188950898,5,1.0,0.7071067811865476,5,2.6,1.3416407864998738,5,1.4,0.8944271909999159,5,DBLP,"APA,APCPA,APTPA,KNN",15,hard,3,300,"42,43,44,45,46",adaptive_graph_val,15,5,0.001,2,1,0.95,topology_reliability,1.0,0.5,0.0,5,5,active_vote,all_parties,0,cuda,True,2026.0,True,True,C:\Users\Yin Kuan\OneDrive\桌面\Durham_CS\Research\TA-DVFG\results\core_cache_v2,True,,,,
consensus/dblp_hard_noisy_steps0,consensus,hard_noisy,DBLP,adaptive_graph_val,0.9133333802223206,0.01162724339820608,5,0.9046682834625244,0.01073095459166338,5,0.8977571459386535,0.011498758716874986,5,0.9083537817001343,0.010730942991423438,5,0.9002456903457642,0.012111794246421064,5,0.0,0.0,5,0.0,0.0,5,5.2,0.44721359549995787,5,729000.0,0.0,5,7732.6,56.4827407267034,5,4.405529959991691,0.08794568253424373,5,0.8,0.8366600265340756,5,3.0,1.4142135623730951,5,1.4,0.5477225575051661,5,DBLP,"APA,APCPA,APTPA,KNN",15,hard,3,300,"42,43,44,45,46",adaptive_graph_val,15,5,0.001,2,0,0.85,topology_reliability,1.0,0.5,0.0,5,5,active_vote,all_parties,0,cuda,True,2026.0,True,True,C:\Users\Yin Kuan\OneDrive\桌面\Durham_CS\Research\TA-DVFG\results\core_cache_v2,True,,,,
consensus/dblp_hard_noisy_steps2,consensus,hard_noisy,DBLP,adaptive_graph_val,0.9123457193374633,0.011744628660529478,5,0.9014741897583007,0.013214228517331015,5,0.8935274012571579,0.014356897790517447,5,0.90589679479599,0.01224192538264174,5,0.8985257863998413,0.009217852471927456,5,0.0,0.0,5,337542.4,29029.528911093275,5,5.2,0.44721359549995804,5,729000.0,0.0,5,7706.2,154.39786267950726,5,17.365526460009278,0.6787153174943419,5,1.0,0.0,5,3.0,0.7071067811865476,5,1.2,0.8366600265340756,5,DBLP,"APA,APCPA,APTPA,KNN",15,hard,3,300,"42,43,44,45,46",adaptive_graph_val,15,5,0.001,2,2,0.85,topology_reliability,1.0,0.5,0.0,5,5,active_vote,all_parties,0,cuda,True,2026.0,True,True,C:\Users\Yin Kuan\OneDrive\桌面\Durham_CS\Research\TA-DVFG\results\core_cache_v2,True,,,,
consensus/dblp_hard_noisy_uniform,consensus,hard_noisy,DBLP,adaptive_graph_val,0.6807407855987548,0.014778772929280416,5,0.6742014527320862,0.02045370783195412,5,0.5991962076873225,0.0318949848076684,5,0.685995078086853,0.025645965429105643,5,0.6570024490356445,0.020692138912891112,5,0.0,0.0,5,162280.0,0.0,5,5.0,0.0,5,729000.0,0.0,5,8241.6,133.72845620884135,5,11.291155320013058,0.20117274014039033,5,1.0,0.0,5,3.8,0.447213595499958,5,0.2,0.447213595499958,5,DBLP,"APA,APCPA,APTPA,KNN",15,hard,3,300,"42,43,44,45,46",adaptive_graph_val,15,5,0.001,2,1,0.85,uniform,1.0,0.5,0.0,5,5,active_vote,all_parties,0,cuda,True,2026.0,True,True,C:\Users\Yin Kuan\OneDrive\桌面\Durham_CS\Research\TA-DVFG\results\core_cache_v2,True,,,,
consensus/dblp_main_default,consensus,main,DBLP,adaptive_graph_val,0.930123507976532,0.010959186775233361,5,0.9149877071380615,0.013663456967354399,5,0.9085047489713516,0.015215552038933829,5,0.922113013267517,0.010939882366395738,5,0.917936098575592,0.011272794356582055,5,0.0,0.0,5,168771.2,14514.764455546634,5,5.2,0.44721359549995787,5,729000.0,0.0,5,7908.6,177.2351545264089,5,11.507548020011745,0.37800758622816183,5,2.4,0.5477225575051662,5,1.4,1.1401754250991378,5,1.4,0.5477225575051662,5,DBLP,"APA,APCPA,APTPA,KNN",15,hard,6,300,"42,43,44,45,46",adaptive_graph_val,15,5,0.001,2,1,0.85,topology_reliability,1.0,0.5,0.0,5,5,active_vote,all_parties,0,cuda,True,2026.0,True,True,C:\Users\Yin Kuan\OneDrive\桌面\Durham_CS\Research\TA-DVFG\results\core_cache_v2,True,,,,
consensus/dblp_main_reliability,consensus,main,DBLP,adaptive_graph_val,0.9138272047042847,0.008703483253821958,5,0.9105650901794433,0.005853145380167625,5,0.9028210842095264,0.007888446290423734,5,0.9130221009254456,0.006916809911926225,5,0.9051596999168396,0.004202116088099438,5,0.0,0.0,5,168771.2,14514.764455546634,5,5.2,0.44721359549995787,5,729000.0,0.0,5,8264.4,147.74065114246648,5,12.228761259993188,0.3952536349425718,5,2.2,0.8366600265340756,5,2.8,0.8366600265340756,5,0.2,0.447213595499958,5,DBLP,"APA,APCPA,APTPA,KNN",15,hard,6,300,"42,43,44,45,46",adaptive_graph_val,15,5,0.001,2,1,0.85,reliability,1.0,0.5,0.0,5,5,active_vote,all_parties,0,cuda,True,2026.0,True,True,C:\Users\Yin Kuan\OneDrive\桌面\Durham_CS\Research\TA-DVFG\results\core_cache_v2,True,,,,
consensus/dblp_main_self0p70,consensus,main,DBLP,adaptive_graph_val,0.9311111569404602,0.009498961670231126,5,0.915724802017212,0.011110969825936984,5,0.9096328106921622,0.012908855247845952,5,0.9233415007591248,0.012516249460956178,5,0.9154790997505188,0.0077405291834006405,5,0.0,0.0,5,162280.0,0.0,5,5.0,0.0,5,729000.0,0.0,5,7924.4,182.8121987177003,5,11.430460500018672,0.41927020653878244,5,1.6,0.5477225575051662,5,2.2,1.0954451150103321,5,1.2,0.8366600265340756,5,DBLP,"APA,APCPA,APTPA,KNN",15,hard,6,300,"42,43,44,45,46",adaptive_graph_val,15,5,0.001,2,1,0.7,topology_reliability,1.0,0.5,0.0,5,5,active_vote,all_parties,0,cuda,True,2026.0,True,True,C:\Users\Yin Kuan\OneDrive\桌面\Durham_CS\Research\TA-DVFG\results\core_cache_v2,True,,,,
consensus/dblp_main_self0p95,consensus,main,DBLP,adaptive_graph_val,0.9288889288902282,0.010240231753790957,5,0.915724802017212,0.012024270665883859,5,0.9095443119298496,0.012829497502973713,5,0.9240786075592041,0.011570096637772738,5,0.9125306963920593,0.009250541328905898,5,0.0,0.0,5,175262.4,17776.883326387673,5,5.4,0.5477225575051663,5,729000.0,0.0,5,7918.2,245.4418464728457,5,11.42566472000035,0.5581435253977026,5,2.8,1.3038404810405297,5,1.8,1.3038404810405297,5,0.8,0.4472135954999579,5,DBLP,"APA,APCPA,APTPA,KNN",15,hard,6,300,"42,43,44,45,46",adaptive_graph_val,15,5,0.001,2,1,0.95,topology_reliability,1.0,0.5,0.0,5,5,active_vote,all_parties,0,cuda,True,2026.0,True,True,C:\Users\Yin Kuan\OneDrive\桌面\Durham_CS\Research\TA-DVFG\results\core_cache_v2,True,,,,
consensus/dblp_main_steps0,consensus,main,DBLP,adaptive_graph_val,0.9296296596527099,0.01083328324963938,5,0.9194103121757508,0.011770567691790421,5,0.9132045041960672,0.01365886017916293,5,0.92383291721344,0.010988049447010012,5,0.9154790997505188,0.00999550609133911,5,0.0,0.0,5,0.0,0.0,5,5.2,0.44721359549995787,5,729000.0,0.0,5,7890.4,203.60083496881833,5,4.6074647000059485,0.10424946917368853,5,2.6,1.140175425099138,5,1.6,0.8944271909999159,5,1.0,0.7071067811865476,5,DBLP,"APA,APCPA,APTPA,KNN",15,hard,6,300,"42,43,44,45,46",adaptive_graph_val,15,5,0.001,2,0,0.85,topology_reliability,1.0,0.5,0.0,5,5,active_vote,all_parties,0,cuda,True,2026.0,True,True,C:\Users\Yin Kuan\OneDrive\桌面\Durham_CS\Research\TA-DVFG\results\core_cache_v2,True,,,,
consensus/dblp_main_steps2,consensus,main,DBLP,adaptive_graph_val,0.9308642387390137,0.010548146136011615,5,0.917936098575592,0.014494225063562943,5,0.9118126548591627,0.016320037986025097,5,0.92383291721344,0.013707553526233852,5,0.9147420048713684,0.00623999677310208,5,0.0,0.0,5,324560.0,0.0,5,5.0,0.0,5,729000.0,0.0,5,7962.0,170.53152201279394,5,18.93103746001143,0.8584901996255778,5,2.2,1.0954451150103321,5,1.4,0.894427190999916,5,1.4,0.5477225575051661,5,DBLP,"APA,APCPA,APTPA,KNN",15,hard,6,300,"42,43,44,45,46",adaptive_graph_val,15,5,0.001,2,2,0.85,topology_reliability,1.0,0.5,0.0,5,5,active_vote,all_parties,0,cuda,True,2026.0,True,True,C:\Users\Yin Kuan\OneDrive\桌面\Durham_CS\Research\TA-DVFG\results\core_cache_v2,True,,,,
consensus/dblp_main_uniform,consensus,main,DBLP,adaptive_graph_val,0.8686420083045959,0.009861088830135416,5,0.8589680314064025,0.015329229532777494,5,0.8343636105876886,0.02265338812707602,5,0.8656019568443298,0.012576411309751541,5,0.8491400361061097,0.008573148334169821,5,0.0,0.0,5,188244.8,27154.63782118996,5,5.8,0.8366600265340757,5,729000.0,0.0,5,8471.8,141.56164734842577,5,11.714370279992,0.26884094148498816,5,1.4,0.8944271909999159,5,4.2,0.44721359549995787,5,0.2,0.447213595499958,5,DBLP,"APA,APCPA,APTPA,KNN",15,hard,6,300,"42,43,44,45,46",adaptive_graph_val,15,5,0.001,2,1,0.85,uniform,1.0,0.5,0.0,5,5,active_vote,all_parties,0,cuda,True,2026.0,True,True,C:\Users\Yin Kuan\OneDrive\桌面\Durham_CS\Research\TA-DVFG\results\core_cache_v2,True,,,,
edge_budget/acm_b10_g0p0,edge_budget,hard_noisy,ACM,adaptive_graph_val,0.8976821064949035,0.0275153320473616,5,0.8675452709197998,0.025244116509188667,5,0.8680294924457994,0.02518365670251568,5,0.8856672048568726,0.020062366010966785,5,0.8632619261741639,0.027982356446765777,5,0.0,0.0,5,98010.0,9941.164418718765,5,5.4,0.5477225575051662,5,407700.0,0.0,5,9224.2,185.85128463370924,5,13.173275400005513,0.5561606657399016,5,2.6,0.5477225575051661,5,2.6,0.5477225575051661,5,0.2,0.447213595499958,5,ACM,"PAP,PSP,KNN",15,hard,3,300,"42,43,44,45,46",adaptive_graph_val,10,5,0.0,3,1,0.85,topology_reliability,1.0,0.5,0.0,5,5,active_vote,all_parties,0,cuda,True,2026.0,True,True,C:\Users\Yin Kuan\OneDrive\桌面\Durham_CS\Research\TA-DVFG\results\core_cache_v2,True,,,,
edge_budget/acm_b10_g0p001,edge_budget,hard_noisy,ACM,adaptive_graph_val,0.8973509788513183,0.027330410655984832,5,0.8698517084121704,0.027294965418458144,5,0.870386650737092,0.027296251656378407,5,0.8856672048568726,0.020062366010966785,5,0.866886305809021,0.028615349593306014,5,0.0,0.0,5,94380.0,8116.926758324236,5,5.2,0.4472135954999579,5,407700.0,0.0,5,9020.0,122.3887249708892,5,12.773366240001632,0.4219721302277784,5,2.6,0.5477225575051661,5,2.6,0.5477225575051661,5,0.0,0.0,5,ACM,"PAP,PSP,KNN",15,hard,3,300,"42,43,44,45,46",adaptive_graph_val,10,5,0.001,3,1,0.85,topology_reliability,1.0,0.5,0.0,5,5,active_vote,all_parties,0,cuda,True,2026.0,True,True,C:\Users\Yin Kuan\OneDrive\桌面\Durham_CS\Research\TA-DVFG\results\core_cache_v2,True,,,,
edge_budget/acm_b10_g0p005,edge_budget,hard_noisy,ACM,adaptive_graph_val,0.8973509788513183,0.027330410655984832,5,0.8698517084121704,0.027294965418458144,5,0.870386650737092,0.027296251656378407,5,0.8856672048568726,0.020062366010966785,5,0.8665568113327027,0.02893603724810176,5,0.0,0.0,5,90750.0,0.0,5,5.0,0.0,5,407700.0,0.0,5,8857.6,66.27442945812518,5,12.510593079999671,0.35045005086290815,5,2.6,0.5477225575051661,5,2.4,0.5477225575051661,5,0.0,0.0,5,ACM,"PAP,PSP,KNN",15,hard,3,300,"42,43,44,45,46",adaptive_graph_val,10,5,0.005,3,1,0.85,topology_reliability,1.0,0.5,0.0,5,5,active_vote,all_parties,0,cuda,True,2026.0,True,True,C:\Users\Yin Kuan\OneDrive\桌面\Durham_CS\Research\TA-DVFG\results\core_cache_v2,True,,,,
edge_budget/acm_b15_g0p0,edge_budget,hard_noisy,ACM,adaptive_graph_val,0.8976821064949035,0.0275153320473616,5,0.8675452709197998,0.025244116509188667,5,0.8680294924457994,0.02518365670251568,5,0.8856672048568726,0.020062366010966785,5,0.8632619261741639,0.027982356446765777,5,0.0,0.0,5,98010.0,9941.164418718765,5,5.4,0.5477225575051662,5,407700.0,0.0,5,9224.2,185.85128463370924,5,13.07260210000677,0.5246036251519466,5,2.6,0.5477225575051661,5,2.6,0.5477225575051661,5,0.2,0.447213595499958,5,ACM,"PAP,PSP,KNN",15,hard,3,300,"42,43,44,45,46",adaptive_graph_val,15,5,0.0,3,1,0.85,topology_reliability,1.0,0.5,0.0,5,5,active_vote,all_parties,0,cuda,True,2026.0,True,True,C:\Users\Yin Kuan\OneDrive\桌面\Durham_CS\Research\TA-DVFG\results\core_cache_v2,True,,,,
edge_budget/acm_b15_g0p001,edge_budget,hard_noisy,ACM,adaptive_graph_val,0.8973509788513183,0.027330410655984832,5,0.8698517084121704,0.027294965418458144,5,0.870386650737092,0.027296251656378407,5,0.8856672048568726,0.020062366010966785,5,0.866886305809021,0.028615349593306014,5,0.0,0.0,5,94380.0,8116.926758324236,5,5.2,0.4472135954999579,5,407700.0,0.0,5,9020.0,122.3887249708892,5,13.011222959993756,0.7185018467159511,5,2.6,0.5477225575051661,5,2.6,0.5477225575051661,5,0.0,0.0,5,ACM,"PAP,PSP,KNN",15,hard,3,300,"42,43,44,45,46",adaptive_graph_val,15,5,0.001,3,1,0.85,topology_reliability,1.0,0.5,0.0,5,5,active_vote,all_parties,0,cuda,True,2026.0,True,True,C:\Users\Yin Kuan\OneDrive\桌面\Durham_CS\Research\TA-DVFG\results\core_cache_v2,True,,,,
edge_budget/acm_b15_g0p005,edge_budget,hard_noisy,ACM,adaptive_graph_val,0.8973509788513183,0.027330410655984832,5,0.8698517084121704,0.027294965418458144,5,0.870386650737092,0.027296251656378407,5,0.8856672048568726,0.020062366010966785,5,0.8665568113327027,0.02893603724810176,5,0.0,0.0,5,90750.0,0.0,5,5.0,0.0,5,407700.0,0.0,5,8857.6,66.27442945812518,5,12.33501310000429,0.20372995167601254,5,2.6,0.5477225575051661,5,2.4,0.5477225575051661,5,0.0,0.0,5,ACM,"PAP,PSP,KNN",15,hard,3,300,"42,43,44,45,46",adaptive_graph_val,15,5,0.005,3,1,0.85,topology_reliability,1.0,0.5,0.0,5,5,active_vote,all_parties,0,cuda,True,2026.0,True,True,C:\Users\Yin Kuan\OneDrive\桌面\Durham_CS\Research\TA-DVFG\results\core_cache_v2,True,,,,
edge_budget/acm_b20_g0p0,edge_budget,hard_noisy,ACM,adaptive_graph_val,0.8976821064949035,0.0275153320473616,5,0.8675452709197998,0.025244116509188667,5,0.8680294924457994,0.02518365670251568,5,0.8856672048568726,0.020062366010966785,5,0.8632619261741639,0.027982356446765777,5,0.0,0.0,5,98010.0,9941.164418718765,5,5.4,0.5477225575051662,5,407700.0,0.0,5,9224.2,185.85128463370924,5,13.198769440010073,0.4724918459491165,5,2.6,0.5477225575051661,5,2.6,0.5477225575051661,5,0.2,0.447213595499958,5,ACM,"PAP,PSP,KNN",15,hard,3,300,"42,43,44,45,46",adaptive_graph_val,20,5,0.0,3,1,0.85,topology_reliability,1.0,0.5,0.0,5,5,active_vote,all_parties,0,cuda,True,2026.0,True,True,C:\Users\Yin Kuan\OneDrive\桌面\Durham_CS\Research\TA-DVFG\results\core_cache_v2,True,,,,
edge_budget/acm_b20_g0p001,edge_budget,hard_noisy,ACM,adaptive_graph_val,0.8973509788513183,0.027330410655984832,5,0.8698517084121704,0.027294965418458144,5,0.870386650737092,0.027296251656378407,5,0.8856672048568726,0.020062366010966785,5,0.866886305809021,0.028615349593306014,5,0.0,0.0,5,94380.0,8116.926758324236,5,5.2,0.4472135954999579,5,407700.0,0.0,5,9020.0,122.3887249708892,5,12.917355299991323,0.47580733144331955,5,2.6,0.5477225575051661,5,2.6,0.5477225575051661,5,0.0,0.0,5,ACM,"PAP,PSP,KNN",15,hard,3,300,"42,43,44,45,46",adaptive_graph_val,20,5,0.001,3,1,0.85,topology_reliability,1.0,0.5,0.0,5,5,active_vote,all_parties,0,cuda,True,2026.0,True,True,C:\Users\Yin Kuan\OneDrive\桌面\Durham_CS\Research\TA-DVFG\results\core_cache_v2,True,,,,
edge_budget/acm_b20_g0p005,edge_budget,hard_noisy,ACM,adaptive_graph_val,0.8973509788513183,0.027330410655984832,5,0.8698517084121704,0.027294965418458144,5,0.870386650737092,0.027296251656378407,5,0.8856672048568726,0.020062366010966785,5,0.8665568113327027,0.02893603724810176,5,0.0,0.0,5,90750.0,0.0,5,5.0,0.0,5,407700.0,0.0,5,8857.6,66.27442945812518,5,12.46334113998455,0.22003853313774135,5,2.6,0.5477225575051661,5,2.4,0.5477225575051661,5,0.0,0.0,5,ACM,"PAP,PSP,KNN",15,hard,3,300,"42,43,44,45,46",adaptive_graph_val,20,5,0.005,3,1,0.85,topology_reliability,1.0,0.5,0.0,5,5,active_vote,all_parties,0,cuda,True,2026.0,True,True,C:\Users\Yin Kuan\OneDrive\桌面\Durham_CS\Research\TA-DVFG\results\core_cache_v2,True,,,,
edge_budget/acm_b5_g0p0,edge_budget,hard_noisy,ACM,adaptive_graph_val,0.8973509788513183,0.027330410655984832,5,0.8698517084121704,0.027294965418458144,5,0.870386650737092,0.027296251656378407,5,0.8856672048568726,0.020062366010966785,5,0.8665568113327027,0.02893603724810176,5,0.0,0.0,5,90750.0,0.0,5,5.0,0.0,5,407700.0,0.0,5,7562.2,34.25930530527435,5,10.182552800001577,0.22342652071512728,5,2.6,0.5477225575051661,5,2.4,0.5477225575051661,5,0.0,0.0,5,ACM,"PAP,PSP,KNN",15,hard,3,300,"42,43,44,45,46",adaptive_graph_val,5,5,0.0,3,1,0.85,topology_reliability,1.0,0.5,0.0,5,5,active_vote,all_parties,0,cuda,True,2026.0,True,True,C:\Users\Yin Kuan\OneDrive\桌面\Durham_CS\Research\TA-DVFG\results\core_cache_v2,True,,,,
edge_budget/acm_b5_g0p001,edge_budget,hard_noisy,ACM,adaptive_graph_val,0.8973509788513183,0.027330410655984832,5,0.8698517084121704,0.027294965418458144,5,0.870386650737092,0.027296251656378407,5,0.8856672048568726,0.020062366010966785,5,0.8665568113327027,0.02893603724810176,5,0.0,0.0,5,90750.0,0.0,5,5.0,0.0,5,407700.0,0.0,5,7562.2,34.25930530527435,5,10.27196189999231,0.2444099018321028,5,2.6,0.5477225575051661,5,2.4,0.5477225575051661,5,0.0,0.0,5,ACM,"PAP,PSP,KNN",15,hard,3,300,"42,43,44,45,46",adaptive_graph_val,5,5,0.001,3,1,0.85,topology_reliability,1.0,0.5,0.0,5,5,active_vote,all_parties,0,cuda,True,2026.0,True,True,C:\Users\Yin Kuan\OneDrive\桌面\Durham_CS\Research\TA-DVFG\results\core_cache_v2,True,,,,
edge_budget/acm_b5_g0p005,edge_budget,hard_noisy,ACM,adaptive_graph_val,0.8973509788513183,0.027330410655984832,5,0.8698517084121704,0.027294965418458144,5,0.870386650737092,0.027296251656378407,5,0.8856672048568726,0.020062366010966785,5,0.8665568113327027,0.02893603724810176,5,0.0,0.0,5,90750.0,0.0,5,5.0,0.0,5,407700.0,0.0,5,7562.2,34.25930530527435,5,10.26836733998498,0.12710507173742103,5,2.6,0.5477225575051661,5,2.4,0.5477225575051661,5,0.0,0.0,5,ACM,"PAP,PSP,KNN",15,hard,3,300,"42,43,44,45,46",adaptive_graph_val,5,5,0.005,3,1,0.85,topology_reliability,1.0,0.5,0.0,5,5,active_vote,all_parties,0,cuda,True,2026.0,True,True,C:\Users\Yin Kuan\OneDrive\桌面\Durham_CS\Research\TA-DVFG\results\core_cache_v2,True,,,,
edge_budget/dblp_b10_g0p0,edge_budget,hard_noisy,DBLP,adaptive_graph_val,0.9150617718696594,0.011294790314078833,5,0.9027026772499085,0.011070151107433385,5,0.8954458483325292,0.012181098548704597,5,0.9088451862335205,0.011171937443098379,5,0.8982800841331482,0.010366093213577395,5,0.0,0.0,5,175262.4,29029.528911093268,5,5.4,0.8944271909999159,5,729000.0,0.0,5,9537.0,353.67287145044077,5,13.980147859992575,0.8183937584190848,5,1.2,0.4472135954999579,5,3.4,0.8944271909999159,5,0.8,0.4472135954999579,5,DBLP,"APA,APCPA,APTPA,KNN",15,hard,3,300,"42,43,44,45,46",adaptive_graph_val,10,5,0.0,3,1,0.85,topology_reliability,1.0,0.5,0.0,5,5,active_vote,all_parties,0,cuda,True,2026.0,True,True,C:\Users\Yin Kuan\OneDrive\桌面\Durham_CS\Research\TA-DVFG\results\core_cache_v2,True,,,,
edge_budget/dblp_b10_g0p001,edge_budget,hard_noisy,DBLP,adaptive_graph_val,0.9143210411071777,0.012668609851662828,5,0.9024569749832153,0.011178684765357836,5,0.8951764860259622,0.012206004829815133,5,0.9083537817001343,0.011346197094876671,5,0.8985257744789124,0.01018989289981081,5,0.0,0.0,5,168771.2,14514.764455546638,5,5.2,0.44721359549995804,5,729000.0,0.0,5,9130.0,156.97929799817535,5,13.18031917999906,0.4755911626771512,5,1.2,0.4472135954999579,5,3.2,0.4472135954999579,5,0.8,0.4472135954999579,5,DBLP,"APA,APCPA,APTPA,KNN",15,hard,3,300,"42,43,44,45,46",adaptive_graph_val,10,5,0.001,3,1,0.85,topology_reliability,1.0,0.5,0.0,5,5,active_vote,all_parties,0,cuda,True,2026.0,True,True,C:\Users\Yin Kuan\OneDrive\桌面\Durham_CS\Research\TA-DVFG\results\core_cache_v2,True,,,,
edge_budget/dblp_b10_g0p005,edge_budget,hard_noisy,DBLP,adaptive_graph_val,0.9140741229057312,0.01230238035716948,5,0.9009827733039856,0.010553675845720114,5,0.8934321801939831,0.011466849472862178,5,0.9083537817001343,0.011346197094876671,5,0.8982800841331482,0.010366093213577395,5,0.0,0.0,5,162280.0,0.0,5,5.0,0.0,5,729000.0,0.0,5,8866.4,51.945163393717536,5,12.685749800005578,0.47488148137157915,5,1.0,0.0,5,3.2,0.4472135954999579,5,0.8,0.4472135954999579,5,DBLP,"APA,APCPA,APTPA,KNN",15,hard,3,300,"42,43,44,45,46",adaptive_graph_val,10,5,0.005,3,1,0.85,topology_reliability,1.0,0.5,0.0,5,5,active_vote,all_parties,0,cuda,True,2026.0,True,True,C:\Users\Yin Kuan\OneDrive\桌面\Durham_CS\Research\TA-DVFG\results\core_cache_v2,True,,,,
edge_budget/dblp_b15_g0p0,edge_budget,hard_noisy,DBLP,adaptive_graph_val,0.9150617718696594,0.011294790314078833,5,0.9027026772499085,0.011070151107433385,5,0.8954458483325292,0.012181098548704597,5,0.9088451862335205,0.011171937443098379,5,0.8982800841331482,0.010366093213577395,5,0.0,0.0,5,175262.4,29029.528911093268,5,5.4,0.8944271909999159,5,729000.0,0.0,5,9547.4,360.4737161014656,5,13.814933880016905,0.6932131124746342,5,1.2,0.4472135954999579,5,3.4,0.8944271909999159,5,0.8,0.4472135954999579,5,DBLP,"APA,APCPA,APTPA,KNN",15,hard,3,300,"42,43,44,45,46",adaptive_graph_val,15,5,0.0,3,1,0.85,topology_reliability,1.0,0.5,0.0,5,5,active_vote,all_parties,0,cuda,True,2026.0,True,True,C:\Users\Yin Kuan\OneDrive\桌面\Durham_CS\Research\TA-DVFG\results\core_cache_v2,True,,,,
edge_budget/dblp_b15_g0p001,edge_budget,hard_noisy,DBLP,adaptive_graph_val,0.9143210411071777,0.012668609851662828,5,0.9024569749832153,0.011178684765357836,5,0.8951764860259622,0.012206004829815133,5,0.9083537817001343,0.011346197094876671,5,0.8985257744789124,0.01018989289981081,5,0.0,0.0,5,168771.2,14514.764455546638,5,5.2,0.44721359549995804,5,729000.0,0.0,5,9130.0,156.97929799817535,5,13.097947839990956,0.4481624105880471,5,1.2,0.4472135954999579,5,3.2,0.4472135954999579,5,0.8,0.4472135954999579,5,DBLP,"APA,APCPA,APTPA,KNN",15,hard,3,300,"42,43,44,45,46",adaptive_graph_val,15,5,0.001,3,1,0.85,topology_reliability,1.0,0.5,0.0,5,5,active_vote,all_parties,0,cuda,True,2026.0,True,True,C:\Users\Yin Kuan\OneDrive\桌面\Durham_CS\Research\TA-DVFG\results\core_cache_v2,True,,,,
edge_budget/dblp_b15_g0p005,edge_budget,hard_noisy,DBLP,adaptive_graph_val,0.9140741229057312,0.01230238035716948,5,0.9009827733039856,0.010553675845720114,5,0.8934321801939831,0.011466849472862178,5,0.9083537817001343,0.011346197094876671,5,0.8982800841331482,0.010366093213577395,5,0.0,0.0,5,162280.0,0.0,5,5.0,0.0,5,729000.0,0.0,5,8866.4,51.945163393717536,5,12.578498260013294,0.26469488398854346,5,1.0,0.0,5,3.2,0.4472135954999579,5,0.8,0.4472135954999579,5,DBLP,"APA,APCPA,APTPA,KNN",15,hard,3,300,"42,43,44,45,46",adaptive_graph_val,15,5,0.005,3,1,0.85,topology_reliability,1.0,0.5,0.0,5,5,active_vote,all_parties,0,cuda,True,2026.0,True,True,C:\Users\Yin Kuan\OneDrive\桌面\Durham_CS\Research\TA-DVFG\results\core_cache_v2,True,,,,
edge_budget/dblp_b20_g0p0,edge_budget,hard_noisy,DBLP,adaptive_graph_val,0.9150617718696594,0.011294790314078833,5,0.9027026772499085,0.011070151107433385,5,0.8954458483325292,0.012181098548704597,5,0.9088451862335205,0.011171937443098379,5,0.8982800841331482,0.010366093213577395,5,0.0,0.0,5,175262.4,29029.528911093268,5,5.4,0.8944271909999159,5,729000.0,0.0,5,9547.4,360.4737161014656,5,13.827102539996849,0.709133682958809,5,1.2,0.4472135954999579,5,3.4,0.8944271909999159,5,0.8,0.4472135954999579,5,DBLP,"APA,APCPA,APTPA,KNN",15,hard,3,300,"42,43,44,45,46",adaptive_graph_val,20,5,0.0,3,1,0.85,topology_reliability,1.0,0.5,0.0,5,5,active_vote,all_parties,0,cuda,True,2026.0,True,True,C:\Users\Yin Kuan\OneDrive\桌面\Durham_CS\Research\TA-DVFG\results\core_cache_v2,True,,,,
edge_budget/dblp_b20_g0p001,edge_budget,hard_noisy,DBLP,adaptive_graph_val,0.9143210411071777,0.012668609851662828,5,0.9024569749832153,0.011178684765357836,5,0.8951764860259622,0.012206004829815133,5,0.9083537817001343,0.011346197094876671,5,0.8985257744789124,0.01018989289981081,5,0.0,0.0,5,168771.2,14514.764455546638,5,5.2,0.44721359549995804,5,729000.0,0.0,5,9130.0,156.97929799817535,5,13.036502160000964,0.424222053316054,5,1.2,0.4472135954999579,5,3.2,0.4472135954999579,5,0.8,0.4472135954999579,5,DBLP,"APA,APCPA,APTPA,KNN",15,hard,3,300,"42,43,44,45,46",adaptive_graph_val,20,5,0.001,3,1,0.85,topology_reliability,1.0,0.5,0.0,5,5,active_vote,all_parties,0,cuda,True,2026.0,True,True,C:\Users\Yin Kuan\OneDrive\桌面\Durham_CS\Research\TA-DVFG\results\core_cache_v2,True,,,,
edge_budget/dblp_b20_g0p005,edge_budget,hard_noisy,DBLP,adaptive_graph_val,0.9140741229057312,0.01230238035716948,5,0.9009827733039856,0.010553675845720114,5,0.8934321801939831,0.011466849472862178,5,0.9083537817001343,0.011346197094876671,5,0.8982800841331482,0.010366093213577395,5,0.0,0.0,5,162280.0,0.0,5,5.0,0.0,5,729000.0,0.0,5,8866.4,51.945163393717536,5,12.845931259987992,0.3036602441770583,5,1.0,0.0,5,3.2,0.4472135954999579,5,0.8,0.4472135954999579,5,DBLP,"APA,APCPA,APTPA,KNN",15,hard,3,300,"42,43,44,45,46",adaptive_graph_val,20,5,0.005,3,1,0.85,topology_reliability,1.0,0.5,0.0,5,5,active_vote,all_parties,0,cuda,True,2026.0,True,True,C:\Users\Yin Kuan\OneDrive\桌面\Durham_CS\Research\TA-DVFG\results\core_cache_v2,True,,,,
edge_budget/dblp_b5_g0p0,edge_budget,hard_noisy,DBLP,adaptive_graph_val,0.9140741229057312,0.01230238035716948,5,0.9009827733039856,0.010553675845720114,5,0.8934321801939831,0.011466849472862178,5,0.9083537817001343,0.011346197094876671,5,0.8982800841331482,0.010366093213577395,5,0.0,0.0,5,162280.0,0.0,5,5.0,0.0,5,729000.0,0.0,5,7582.0,42.60281680828164,5,10.492185760004213,0.19607566569777468,5,1.0,0.0,5,3.2,0.4472135954999579,5,0.8,0.4472135954999579,5,DBLP,"APA,APCPA,APTPA,KNN",15,hard,3,300,"42,43,44,45,46",adaptive_graph_val,5,5,0.0,3,1,0.85,topology_reliability,1.0,0.5,0.0,5,5,active_vote,all_parties,0,cuda,True,2026.0,True,True,C:\Users\Yin Kuan\OneDrive\桌面\Durham_CS\Research\TA-DVFG\results\core_cache_v2,True,,,,
edge_budget/dblp_b5_g0p001,edge_budget,hard_noisy,DBLP,adaptive_graph_val,0.9140741229057312,0.01230238035716948,5,0.9009827733039856,0.010553675845720114,5,0.8934321801939831,0.011466849472862178,5,0.9083537817001343,0.011346197094876671,5,0.8982800841331482,0.010366093213577395,5,0.0,0.0,5,162280.0,0.0,5,5.0,0.0,5,729000.0,0.0,5,7582.0,42.60281680828164,5,10.574193960009143,0.3332883864927356,5,1.0,0.0,5,3.2,0.4472135954999579,5,0.8,0.4472135954999579,5,DBLP,"APA,APCPA,APTPA,KNN",15,hard,3,300,"42,43,44,45,46",adaptive_graph_val,5,5,0.001,3,1,0.85,topology_reliability,1.0,0.5,0.0,5,5,active_vote,all_parties,0,cuda,True,2026.0,True,True,C:\Users\Yin Kuan\OneDrive\桌面\Durham_CS\Research\TA-DVFG\results\core_cache_v2,True,,,,
edge_budget/dblp_b5_g0p005,edge_budget,hard_noisy,DBLP,adaptive_graph_val,0.9140741229057312,0.01230238035716948,5,0.9009827733039856,0.010553675845720114,5,0.8934321801939831,0.011466849472862178,5,0.9083537817001343,0.011346197094876671,5,0.8982800841331482,0.010366093213577395,5,0.0,0.0,5,162280.0,0.0,5,5.0,0.0,5,729000.0,0.0,5,7582.0,42.60281680828164,5,10.452126899996074,0.17251892856854897,5,1.0,0.0,5,3.2,0.4472135954999579,5,0.8,0.4472135954999579,5,DBLP,"APA,APCPA,APTPA,KNN",15,hard,3,300,"42,43,44,45,46",adaptive_graph_val,5,5,0.005,3,1,0.85,topology_reliability,1.0,0.5,0.0,5,5,active_vote,all_parties,0,cuda,True,2026.0,True,True,C:\Users\Yin Kuan\OneDrive\桌面\Durham_CS\Research\TA-DVFG\results\core_cache_v2,True,,,,
modality_ablation/acm_hard_noisy_attr,modality_ablation,hard_noisy,ACM,adaptive_graph_val,0.8894039750099182,0.033918185883763136,5,0.8540362119674683,0.030834108301632034,5,0.8538715675864175,0.030937107124793497,5,0.8711696624755859,0.024968466012068098,5,0.8523887872695923,0.03096586665073962,5,0.0,0.0,5,90750.0,0.0,5,5.0,0.0,5,407700.0,0.0,5,7569.0,131.5541713515766,5,22.870846359961433,1.8108842523039481,5,2.4,0.5477225575051662,5,1.2,1.0954451150103324,5,1.4,0.5477225575051662,5,ACM,"PAP,PSP,KNN",15,hard,3,300,"42,43,44,45,46",adaptive_graph_val,15,5,0.001,2,1,0.85,topology_reliability,1.0,0.5,0.0,5,5,active_vote,all_parties,0,cuda,True,2026.0,True,True,results/multimodal_cache_v3,,multimodal,ATTR,64.0,
modality_ablation/acm_hard_noisy_hybrid,modality_ablation,hard_noisy,ACM,adaptive_graph_val,0.8973510026931762,0.006622526794701138,5,0.8635914087295532,0.01516187331235339,5,0.8641964214383997,0.01573728676153025,5,0.8813838362693787,0.01117353435378202,5,0.8563426494598388,0.012184410553047184,5,0.0,0.0,5,90750.0,0.0,5,5.0,0.0,5,407700.0,0.0,5,7490.6,74.42647378453464,5,23.717509839963167,1.6427748283762729,5,2.0,0.0,5,2.0,0.0,5,1.0,0.0,5,ACM,"PAP,PSP,KNN",15,hard,3,300,"42,43,44,45,46",adaptive_graph_val,15,5,0.001,2,1,0.85,topology_reliability,1.0,0.5,0.0,5,5,active_vote,all_parties,0,cuda,True,2026.0,True,True,results/multimodal_cache_v3,,multimodal,HYBRID,64.0,
modality_ablation/acm_hard_noisy_mixed,modality_ablation,hard_noisy,ACM,adaptive_graph_val,0.8456953644752503,0.018709339204423015,5,0.8098846673965454,0.018441102225632545,5,0.8098662992905311,0.01750775730422179,5,0.8296540260314942,0.023489817172755365,5,0.8085667133331299,0.030807677919335117,5,0.0,0.0,5,90750.0,0.0,5,5.0,0.0,5,407700.0,0.0,5,7435.4,35.224991128458726,5,10.557155019993662,0.16732342949627427,5,2.4,0.5477225575051661,5,1.2,1.0954451150103321,5,1.4,0.5477225575051661,5,ACM,"PAP,PSP,KNN",15,hard,3,300,"42,43,44,45,46",adaptive_graph_val,15,5,0.001,2,1,0.85,topology_reliability,1.0,0.5,0.0,5,5,active_vote,all_parties,0,cuda,True,2026.0,True,True,results/multimodal_cache_v3,,multimodal,"ATTR,TEXT,STRUCT,HYBRID",64.0,
modality_ablation/acm_hard_noisy_struct,modality_ablation,hard_noisy,ACM,adaptive_graph_val,0.7341059684753418,0.00990612916511034,5,0.6685337543487548,0.026954761490613304,5,0.6640968651448014,0.02649386904751942,5,0.7024711608886719,0.012898572953084062,5,0.6850082159042359,0.024859526795897303,5,0.0,0.0,5,90750.0,0.0,5,5.0,0.0,5,407700.0,0.0,5,7344.4,29.46693061721904,5,23.488730599998963,2.7620506346138853,5,3.0,0.0,5,0.0,0.0,5,2.0,0.0,5,ACM,"PAP,PSP,KNN",15,hard,3,300,"42,43,44,45,46",adaptive_graph_val,15,5,0.001,2,1,0.85,topology_reliability,1.0,0.5,0.0,5,5,active_vote,all_parties,0,cuda,True,2026.0,True,True,results/multimodal_cache_v3,,multimodal,STRUCT,64.0,
modality_ablation/acm_hard_noisy_text,modality_ablation,hard_noisy,ACM,adaptive_graph_val,0.8175496816635132,0.016696425269556912,5,0.7795716404914856,0.011845578834552537,5,0.779209092133552,0.01251234744350454,5,0.7999999761581421,0.010587333335470944,5,0.7897858023643494,0.013565193067214302,5,0.0,0.0,5,90750.0,0.0,5,5.0,0.0,5,407700.0,0.0,5,7486.0,66.6295730137902,5,24.148091220023343,1.8444116278159792,5,2.0,0.7071067811865476,5,2.0,1.4142135623730951,5,1.0,0.7071067811865476,5,ACM,"PAP,PSP,KNN",15,hard,3,300,"42,43,44,45,46",adaptive_graph_val,15,5,0.001,2,1,0.85,topology_reliability,1.0,0.5,0.0,5,5,active_vote,all_parties,0,cuda,True,2026.0,True,True,results/multimodal_cache_v3,,multimodal,TEXT,64.0,
modality_ablation/acm_hard_noisy_text_struct,modality_ablation,hard_noisy,ACM,adaptive_graph_val,0.8635761499404907,0.008327661160962986,5,0.8289950370788575,0.013704532313127465,5,0.8295468158145602,0.01365567978767937,5,0.8500823497772216,0.00871746925646114,5,0.8293245315551758,0.01321041265137239,5,0.0,0.0,5,90750.0,0.0,5,5.0,0.0,5,407700.0,0.0,5,7381.0,63.702433234531924,5,12.051306600007228,1.8952839073678756,5,2.6,0.5477225575051662,5,0.8,1.0954451150103324,5,1.6,0.5477225575051662,5,ACM,"PAP,PSP,KNN",15,hard,3,300,"42,43,44,45,46",adaptive_graph_val,15,5,0.001,2,1,0.85,topology_reliability,1.0,0.5,0.0,5,5,active_vote,all_parties,0,cuda,True,2026.0,True,True,results/multimodal_cache_v3,,multimodal,TEXT_STRUCT,64.0,
modality_ablation/acm_main_attr,modality_ablation,main,ACM,adaptive_graph_val,0.9251655697822571,0.020492383662406032,5,0.8902800440788269,0.013615123387356603,5,0.8902084694474011,0.013833414680219406,5,0.9057660341262818,0.012888038331412551,5,0.8922569751739502,0.014670594133993214,5,0.0,0.0,5,94380.0,8116.926758324236,5,5.2,0.44721359549995787,5,407700.0,0.0,5,7921.4,130.72796181383694,5,23.44192615999491,1.9288682200925653,5,3.6,0.8944271909999159,5,1.4,1.140175425099138,5,0.2,0.4472135954999579,5,ACM,"PAP,PSP,KNN",15,hard,6,300,"42,43,44,45,46",adaptive_graph_val,15,5,0.001,2,1,0.85,topology_reliability,1.0,0.5,0.0,5,5,active_vote,all_parties,0,cuda,True,2026.0,True,True,results/multimodal_cache_v3,,multimodal,ATTR,64.0,
modality_ablation/acm_main_hybrid,modality_ablation,main,ACM,adaptive_graph_val,0.9241721868515015,0.00886960640909623,5,0.8866556525230408,0.019367115085458932,5,0.8865957629725363,0.020358687771981847,5,0.9113673567771912,0.008432616336628822,5,0.888632595539093,0.023111254717359545,5,0.0,0.0,5,98010.0,9941.164418718765,5,5.4,0.5477225575051662,5,407700.0,0.0,5,8079.0,245.11221919765643,5,25.266382019931918,2.7897008010256656,5,4.0,0.7071067811865476,5,1.2,1.0954451150103324,5,0.2,0.4472135954999579,5,ACM,"PAP,PSP,KNN",15,hard,6,300,"42,43,44,45,46",adaptive_graph_val,15,5,0.001,2,1,0.85,topology_reliability,1.0,0.5,0.0,5,5,active_vote,all_parties,0,cuda,True,2026.0,True,True,results/multimodal_cache_v3,,multimodal,HYBRID,64.0,
modality_ablation/acm_main_mixed,modality_ablation,main,ACM,adaptive_graph_val,0.9036423802375794,0.014019181733904635,5,0.8761120080947876,0.01184557303180908,5,0.87561007399439,0.011673686846078099,5,0.895551884174347,0.010777870023610454,5,0.8774299621582031,0.016499148087976753,5,0.0,0.0,5,98010.0,9941.164418718765,5,5.4,0.5477225575051662,5,407700.0,0.0,5,7947.8,65.2127288188434,5,24.864894100039965,1.5462996047841913,5,4.4,0.5477225575051661,5,0.6,0.5477225575051661,5,0.4,0.5477225575051661,5,ACM,"PAP,PSP,KNN",15,hard,6,300,"42,43,44,45,46",adaptive_graph_val,15,5,0.001,2,1,0.85,topology_reliability,1.0,0.5,0.0,5,5,active_vote,all_parties,0,cuda,True,2026.0,True,True,results/multimodal_cache_v3,,multimodal,"ATTR,TEXT,STRUCT,HYBRID",64.0,
modality_ablation/acm_main_struct,modality_ablation,main,ACM,adaptive_graph_val,0.8221854448318482,0.012200088935395986,5,0.7943986773490905,0.019817347949678623,5,0.7932419941807012,0.021246265628908266,5,0.8049423217773437,0.019409123574794476,5,0.7884678602218628,0.017804629691950416,5,0.0,0.0,5,94380.0,8116.926758324236,5,5.2,0.44721359549995787,5,407700.0,0.0,5,7760.8,156.60204340940132,5,23.672358980000716,1.1440407369148402,5,5.0,0.0,5,0.2,0.447213595499958,5,0.0,0.0,5,ACM,"PAP,PSP,KNN",15,hard,6,300,"42,43,44,45,46",adaptive_graph_val,15,5,0.001,2,1,0.85,topology_reliability,1.0,0.5,0.0,5,5,active_vote,all_parties,0,cuda,True,2026.0,True,True,results/multimodal_cache_v3,,multimodal,STRUCT,64.0,
modality_ablation/acm_main_text,modality_ablation,main,ACM,adaptive_graph_val,0.8682119131088257,0.0200939014912607,5,0.8550246953964233,0.0177817319151118,5,0.8546933664003674,0.018042943531536383,5,0.8757825136184693,0.00742264966757497,5,0.8527182579040528,0.016375305491446283,5,0.0,0.0,5,90750.0,0.0,5,5.0,0.0,5,407700.0,0.0,5,7741.2,148.51161570732444,5,23.28022734001279,1.5183552947025227,5,4.2,0.8366600265340756,5,0.8,0.8366600265340756,5,0.0,0.0,5,ACM,"PAP,PSP,KNN",15,hard,6,300,"42,43,44,45,46",adaptive_graph_val,15,5,0.001,2,1,0.85,topology_reliability,1.0,0.5,0.0,5,5,active_vote,all_parties,0,cuda,True,2026.0,True,True,results/multimodal_cache_v3,,multimodal,TEXT,64.0,
modality_ablation/acm_main_text_struct,modality_ablation,main,ACM,adaptive_graph_val,0.904635751247406,0.00832766116096297,5,0.8823723077774048,0.010195546610764643,5,0.8821740007906579,0.010009488144508551,5,0.8948929071426391,0.010574502011770235,5,0.8675452947616578,0.015784557293453745,5,0.0,0.0,5,94380.0,8116.926758324236,5,5.2,0.44721359549995787,5,407700.0,0.0,5,7898.6,115.06432983335885,5,25.805707619991153,1.3559302366585844,5,3.8,0.8366600265340756,5,1.4,0.5477225575051662,5,0.0,0.0,5,ACM,"PAP,PSP,KNN",15,hard,6,300,"42,43,44,45,46",adaptive_graph_val,15,5,0.001,2,1,0.85,topology_reliability,1.0,0.5,0.0,5,5,active_vote,all_parties,0,cuda,True,2026.0,True,True,results/multimodal_cache_v3,,multimodal,TEXT_STRUCT,64.0,
multimodal_core/acm_hard_noisy_mixed,multimodal_core,hard_noisy,ACM,adaptive_complementarity,0.7029801368713379,0.043373064868361774,5,0.6734760999679565,0.0510096861607056,5,0.6719700854675315,0.051222941062708305,5,0.699835228919983,0.046237212902958943,5,0.6803953766822814,0.05067069432839468,5,0.0,0.0,5,264990.0,9941.164418718765,5,14.6,0.5477225575051662,5,407700.0,0.0,5,0.0,0.0,5,4.896406839997508,0.5610158046865026,5,3.0,0.0,5,0.0,0.0,5,11.6,0.5477225575051662,5,ACM,"PAP,PSP,KNN",15,hard,3,300,"42,43,44,45,46","local_uniform_vote,local_reliability_vote,topk_reliability_vote,fixed_ring,fixed_ring_matched,random_regular,random_matched,expander,expander_matched,full_mesh,adaptive_pair,adaptive_complementarity,adaptive_graph_val",15,5,0.001,2,1,0.85,topology_reliability,1.0,0.5,0.0,5,5,active_vote,all_parties,0,cuda,True,2026.0,True,True,results/multimodal_cache_v3,,multimodal,"ATTR,TEXT,STRUCT,HYBRID",64.0,
multimodal_core/acm_hard_noisy_mixed,multimodal_core,hard_noisy,ACM,adaptive_graph_val,0.8456953644752503,0.018709339204423015,5,0.8098846673965454,0.018441102225632545,5,0.8098662992905311,0.01750775730422179,5,0.8296540260314942,0.023489817172755365,5,0.8085667133331299,0.030807677919335117,5,0.0,0.0,5,90750.0,0.0,5,5.0,0.0,5,407700.0,0.0,5,7435.4,35.224991128458726,5,31.18552308002254,0.8829178103635225,5,2.4,0.5477225575051661,5,1.2,1.0954451150103321,5,1.4,0.5477225575051661,5,ACM,"PAP,PSP,KNN",15,hard,3,300,"42,43,44,45,46","local_uniform_vote,local_reliability_vote,topk_reliability_vote,fixed_ring,fixed_ring_matched,random_regular,random_matched,expander,expander_matched,full_mesh,adaptive_pair,adaptive_complementarity,adaptive_graph_val",15,5,0.001,2,1,0.85,topology_reliability,1.0,0.5,0.0,5,5,active_vote,all_parties,0,cuda,True,2026.0,True,True,results/multimodal_cache_v3,,multimodal,"ATTR,TEXT,STRUCT,HYBRID",64.0,
multimodal_core/acm_hard_noisy_mixed,multimodal_core,hard_noisy,ACM,adaptive_pair,0.6993377566337585,0.04654349242835641,5,0.6780889391899109,0.04381402119908604,5,0.6762927629604889,0.043407994811730605,5,0.7014826893806457,0.042569846146975954,5,0.6859966874122619,0.04644513513365934,5,0.0,0.0,5,264990.0,9941.164418718765,5,14.6,0.5477225575051662,5,407700.0,0.0,5,0.0,0.0,5,5.179847360012355,0.400442998433478,5,3.0,0.0,5,0.0,0.0,5,11.6,0.5477225575051662,5,ACM,"PAP,PSP,KNN",15,hard,3,300,"42,43,44,45,46","local_uniform_vote,local_reliability_vote,topk_reliability_vote,fixed_ring,fixed_ring_matched,random_regular,random_matched,expander,expander_matched,full_mesh,adaptive_pair,adaptive_complementarity,adaptive_graph_val",15,5,0.001,2,1,0.85,topology_reliability,1.0,0.5,0.0,5,5,active_vote,all_parties,0,cuda,True,2026.0,True,True,results/multimodal_cache_v3,,multimodal,"ATTR,TEXT,STRUCT,HYBRID",64.0,
multimodal_core/acm_hard_noisy_mixed,multimodal_core,hard_noisy,ACM,expander,0.6870860934257508,0.046828263347711827,5,0.6698517084121705,0.04069892681131301,5,0.6680058817834926,0.04055729991610807,5,0.6850082278251648,0.0419921063231623,5,0.6731466174125671,0.04322154128841092,5,0.0,0.0,5,272250.0,0.0,5,15.0,0.0,5,0.0,0.0,5,0.0,0.0,5,0.0,0.0,5,0.6,0.5477225575051662,5,4.8,1.0954451150103324,5,9.6,0.5477225575051662,5,ACM,"PAP,PSP,KNN",15,hard,3,300,"42,43,44,45,46","local_uniform_vote,local_reliability_vote,topk_reliability_vote,fixed_ring,fixed_ring_matched,random_regular,random_matched,expander,expander_matched,full_mesh,adaptive_pair,adaptive_complementarity,adaptive_graph_val",15,5,0.001,2,1,0.85,topology_reliability,1.0,0.5,0.0,5,5,active_vote,all_parties,0,cuda,True,2026.0,True,True,results/multimodal_cache_v3,,multimodal,"ATTR,TEXT,STRUCT,HYBRID",64.0,
multimodal_core/acm_hard_noisy_mixed,multimodal_core,hard_noisy,ACM,expander_matched,0.43774834275245667,0.16286123686464896,5,0.4168039381504059,0.16446845698635318,5,0.3687756487275351,0.20266874899634787,5,0.43591431379318235,0.16199768154291633,5,0.41021416187286375,0.16599605997234268,5,0.0,0.0,5,90750.0,0.0,5,5.0,0.0,5,0.0,0.0,5,0.0,0.0,5,0.0,0.0,5,0.0,0.0,5,1.0,1.4142135623730951,5,4.0,1.414213562373095,5,ACM,"PAP,PSP,KNN",15,hard,3,300,"42,43,44,45,46","local_uniform_vote,local_reliability_vote,topk_reliability_vote,fixed_ring,fixed_ring_matched,random_regular,random_matched,expander,expander_matched,full_mesh,adaptive_pair,adaptive_complementarity,adaptive_graph_val",15,5,0.001,2,1,0.85,topology_reliability,1.0,0.5,0.0,5,5,active_vote,all_parties,0,cuda,True,2026.0,True,True,results/multimodal_cache_v3,,multimodal,"ATTR,TEXT,STRUCT,HYBRID",64.0,
multimodal_core/acm_hard_noisy_mixed,multimodal_core,hard_noisy,ACM,fixed_ring,0.6870860934257508,0.046828263347711827,5,0.6698517084121705,0.04069892681131301,5,0.6680058817834926,0.04055729991610807,5,0.6850082278251648,0.0419921063231623,5,0.6731466174125671,0.04322154128841092,5,0.0,0.0,5,272250.0,0.0,5,15.0,0.0,5,0.0,0.0,5,0.0,0.0,5,0.0,0.0,5,0.6,0.5477225575051662,5,4.8,1.0954451150103324,5,9.6,0.5477225575051662,5,ACM,"PAP,PSP,KNN",15,hard,3,300,"42,43,44,45,46","local_uniform_vote,local_reliability_vote,topk_reliability_vote,fixed_ring,fixed_ring_matched,random_regular,random_matched,expander,expander_matched,full_mesh,adaptive_pair,adaptive_complementarity,adaptive_graph_val",15,5,0.001,2,1,0.85,topology_reliability,1.0,0.5,0.0,5,5,active_vote,all_parties,0,cuda,True,2026.0,True,True,results/multimodal_cache_v3,,multimodal,"ATTR,TEXT,STRUCT,HYBRID",64.0,
multimodal_core/acm_hard_noisy_mixed,multimodal_core,hard_noisy,ACM,fixed_ring_matched,0.642052972316742,0.17644844111813665,5,0.6187808752059937,0.1802301867983984,5,0.6167561997536192,0.17973922311406562,5,0.6415156304836274,0.16438428251805923,5,0.621746277809143,0.18242298757723874,5,0.0,0.0,5,90750.0,0.0,5,5.0,0.0,5,0.0,0.0,5,0.0,0.0,5,0.0,0.0,5,0.4,0.5477225575051661,5,1.6,1.1401754250991378,5,3.0,1.2247448713915892,5,ACM,"PAP,PSP,KNN",15,hard,3,300,"42,43,44,45,46","local_uniform_vote,local_reliability_vote,topk_reliability_vote,fixed_ring,fixed_ring_matched,random_regular,random_matched,expander,expander_matched,full_mesh,adaptive_pair,adaptive_complementarity,adaptive_graph_val",15,5,0.001,2,1,0.85,topology_reliability,1.0,0.5,0.0,5,5,active_vote,all_parties,0,cuda,True,2026.0,True,True,results/multimodal_cache_v3,,multimodal,"ATTR,TEXT,STRUCT,HYBRID",64.0,
multimodal_core/acm_hard_noisy_mixed,multimodal_core,hard_noisy,ACM,full_mesh,0.695364236831665,0.049834153152842675,5,0.6728171110153198,0.05460980588705606,5,0.6715033692836935,0.054781930648913464,5,0.6958813667297363,0.0463720353797625,5,0.6840197443962097,0.049181192395604895,5,0.0,0.0,5,1905750.0,0.0,5,105.0,0.0,5,0.0,0.0,5,0.0,0.0,5,0.0,0.0,5,3.0,0.0,5,36.0,0.0,5,66.0,0.0,5,ACM,"PAP,PSP,KNN",15,hard,3,300,"42,43,44,45,46","local_uniform_vote,local_reliability_vote,topk_reliability_vote,fixed_ring,fixed_ring_matched,random_regular,random_matched,expander,expander_matched,full_mesh,adaptive_pair,adaptive_complementarity,adaptive_graph_val",15,5,0.001,2,1,0.85,topology_reliability,1.0,0.5,0.0,5,5,active_vote,all_parties,0,cuda,True,2026.0,True,True,results/multimodal_cache_v3,,multimodal,"ATTR,TEXT,STRUCT,HYBRID",64.0,
multimodal_core/acm_hard_noisy_mixed,multimodal_core,hard_noisy,ACM,local_reliability_vote,0.6990066289901733,0.04979840536289406,5,0.6757825136184692,0.0527105766014679,5,0.674597960989954,0.052798016252499747,5,0.6991762638092041,0.04677993993948231,5,0.6876441359519958,0.04812404631770873,5,0.0,0.0,5,0.0,0.0,5,0.0,0.0,5,0.0,0.0,5,0.0,0.0,5,0.0,0.0,5,0.0,0.0,5,0.0,0.0,5,0.0,0.0,5,ACM,"PAP,PSP,KNN",15,hard,3,300,"42,43,44,45,46","local_uniform_vote,local_reliability_vote,topk_reliability_vote,fixed_ring,fixed_ring_matched,random_regular,random_matched,expander,expander_matched,full_mesh,adaptive_pair,adaptive_complementarity,adaptive_graph_val",15,5,0.001,2,1,0.85,topology_reliability,1.0,0.5,0.0,5,5,active_vote,all_parties,0,cuda,True,2026.0,True,True,results/multimodal_cache_v3,,multimodal,"ATTR,TEXT,STRUCT,HYBRID",64.0,
multimodal_core/acm_hard_noisy_mixed,multimodal_core,hard_noisy,ACM,local_uniform_vote,0.528145694732666,0.04293478316659753,5,0.5107083857059479,0.04516227123027403,5,0.5085227124620457,0.04559082226557722,5,0.5357495784759522,0.037682969178435145,5,0.5130148112773896,0.043534372511247595,5,0.0,0.0,5,0.0,0.0,5,0.0,0.0,5,0.0,0.0,5,0.0,0.0,5,0.0,0.0,5,0.0,0.0,5,0.0,0.0,5,0.0,0.0,5,ACM,"PAP,PSP,KNN",15,hard,3,300,"42,43,44,45,46","local_uniform_vote,local_reliability_vote,topk_reliability_vote,fixed_ring,fixed_ring_matched,random_regular,random_matched,expander,expander_matched,full_mesh,adaptive_pair,adaptive_complementarity,adaptive_graph_val",15,5,0.001,2,1,0.85,topology_reliability,1.0,0.5,0.0,5,5,active_vote,all_parties,0,cuda,True,2026.0,True,True,results/multimodal_cache_v3,,multimodal,"ATTR,TEXT,STRUCT,HYBRID",64.0,
multimodal_core/acm_hard_noisy_mixed,multimodal_core,hard_noisy,ACM,random_matched,0.6609271347522736,0.16789090947055538,5,0.6352553486824035,0.175677583924129,5,0.6346754986331102,0.17681808531137122,5,0.6570016324520112,0.16660154980907563,5,0.6411861419677735,0.16486155667383334,5,0.0,0.0,5,90750.0,0.0,5,5.0,0.0,5,0.0,0.0,5,0.0,0.0,5,0.0,0.0,5,0.2,0.4472135954999579,5,2.4,1.816590212458495,5,2.4,1.816590212458495,5,ACM,"PAP,PSP,KNN",15,hard,3,300,"42,43,44,45,46","local_uniform_vote,local_reliability_vote,topk_reliability_vote,fixed_ring,fixed_ring_matched,random_regular,random_matched,expander,expander_matched,full_mesh,adaptive_pair,adaptive_complementarity,adaptive_graph_val",15,5,0.001,2,1,0.85,topology_reliability,1.0,0.5,0.0,5,5,active_vote,all_parties,0,cuda,True,2026.0,True,True,results/multimodal_cache_v3,,multimodal,"ATTR,TEXT,STRUCT,HYBRID",64.0,
multimodal_core/acm_hard_noisy_mixed,multimodal_core,hard_noisy,ACM,random_regular,0.682781457901001,0.05788312862867255,5,0.659967041015625,0.05457252239951163,5,0.6579506958441902,0.05303283422541259,5,0.6827017903327942,0.05307233710667141,5,0.6714991569519043,0.05717138592840367,5,0.0,0.0,5,268620.0,8116.926758324236,5,14.8,0.44721359549995804,5,0.0,0.0,5,0.0,0.0,5,0.0,0.0,5,0.8,1.0954451150103321,5,4.4,2.1908902300206647,5,9.6,1.3416407864998738,5,ACM,"PAP,PSP,KNN",15,hard,3,300,"42,43,44,45,46","local_uniform_vote,local_reliability_vote,topk_reliability_vote,fixed_ring,fixed_ring_matched,random_regular,random_matched,expander,expander_matched,full_mesh,adaptive_pair,adaptive_complementarity,adaptive_graph_val",15,5,0.001,2,1,0.85,topology_reliability,1.0,0.5,0.0,5,5,active_vote,all_parties,0,cuda,True,2026.0,True,True,results/multimodal_cache_v3,,multimodal,"ATTR,TEXT,STRUCT,HYBRID",64.0,
multimodal_core/acm_hard_noisy_mixed,multimodal_core,hard_noisy,ACM,topk_reliability_vote,0.8301324486732483,0.02400946550474978,5,0.8177924036979676,0.020331105131060054,5,0.8179287869608214,0.020649385599969795,5,0.8289950370788575,0.022869247228429736,5,0.8158154726028443,0.030475527414628674,5,0.0,0.0,5,0.0,0.0,5,0.0,0.0,5,0.0,0.0,5,0.0,0.0,5,0.0,0.0,5,0.0,0.0,5,0.0,0.0,5,0.0,0.0,5,ACM,"PAP,PSP,KNN",15,hard,3,300,"42,43,44,45,46","local_uniform_vote,local_reliability_vote,topk_reliability_vote,fixed_ring,fixed_ring_matched,random_regular,random_matched,expander,expander_matched,full_mesh,adaptive_pair,adaptive_complementarity,adaptive_graph_val",15,5,0.001,2,1,0.85,topology_reliability,1.0,0.5,0.0,5,5,active_vote,all_parties,0,cuda,True,2026.0,True,True,results/multimodal_cache_v3,,multimodal,"ATTR,TEXT,STRUCT,HYBRID",64.0,
multimodal_core/acm_main_mixed,multimodal_core,main,ACM,adaptive_complementarity,0.8460264801979065,0.028652436536844326,5,0.828665554523468,0.009023439113725834,5,0.8289196979371874,0.008732524475614446,5,0.8392091989517212,0.012951060282603503,5,0.8141680240631104,0.019332052163747043,5,0.0,0.0,5,264990.0,9941.164418718765,5,14.6,0.5477225575051661,5,407700.0,0.0,5,0.0,0.0,5,5.237627539987443,0.3187075265242547,5,5.2,0.44721359549995787,5,1.6,0.8944271909999159,5,7.8,0.8366600265340757,5,ACM,"PAP,PSP,KNN",15,hard,6,300,"42,43,44,45,46","local_uniform_vote,local_reliability_vote,topk_reliability_vote,fixed_ring,fixed_ring_matched,random_regular,random_matched,expander,expander_matched,full_mesh,adaptive_pair,adaptive_complementarity,adaptive_graph_val",15,5,0.001,2,1,0.85,topology_reliability,1.0,0.5,0.0,5,5,active_vote,all_parties,0,cuda,True,2026.0,True,True,results/multimodal_cache_v3,,multimodal,"ATTR,TEXT,STRUCT,HYBRID",64.0,
multimodal_core/acm_main_mixed,multimodal_core,main,ACM,adaptive_graph_val,0.9036423802375794,0.014019181733904635,5,0.8761120080947876,0.01184557303180908,5,0.87561007399439,0.011673686846078099,5,0.895551884174347,0.010777870023610454,5,0.8774299621582031,0.016499148087976753,5,0.0,0.0,5,98010.0,9941.164418718765,5,5.4,0.5477225575051662,5,407700.0,0.0,5,7947.8,65.2127288188434,5,42.62097309998935,3.5239829265436593,5,4.4,0.5477225575051661,5,0.6,0.5477225575051661,5,0.4,0.5477225575051661,5,ACM,"PAP,PSP,KNN",15,hard,6,300,"42,43,44,45,46","local_uniform_vote,local_reliability_vote,topk_reliability_vote,fixed_ring,fixed_ring_matched,random_regular,random_matched,expander,expander_matched,full_mesh,adaptive_pair,adaptive_complementarity,adaptive_graph_val",15,5,0.001,2,1,0.85,topology_reliability,1.0,0.5,0.0,5,5,active_vote,all_parties,0,cuda,True,2026.0,True,True,results/multimodal_cache_v3,,multimodal,"ATTR,TEXT,STRUCT,HYBRID",64.0,
multimodal_core/acm_main_mixed,multimodal_core,main,ACM,adaptive_pair,0.8543046474456787,0.02957049476573578,5,0.8309719681739807,0.011742025214392804,5,0.8312092416169607,0.011579519241162461,5,0.8461284875869751,0.007422643053004837,5,0.8227347373962403,0.014624282964370846,5,0.0,0.0,5,261360.0,9941.164418718765,5,14.4,0.5477225575051662,5,407700.0,0.0,5,0.0,0.0,5,5.769156800024211,0.36244032695623973,5,5.0,0.7071067811865475,5,2.0,1.4142135623730951,5,7.4,0.8944271909999159,5,ACM,"PAP,PSP,KNN",15,hard,6,300,"42,43,44,45,46","local_uniform_vote,local_reliability_vote,topk_reliability_vote,fixed_ring,fixed_ring_matched,random_regular,random_matched,expander,expander_matched,full_mesh,adaptive_pair,adaptive_complementarity,adaptive_graph_val",15,5,0.001,2,1,0.85,topology_reliability,1.0,0.5,0.0,5,5,active_vote,all_parties,0,cuda,True,2026.0,True,True,results/multimodal_cache_v3,,multimodal,"ATTR,TEXT,STRUCT,HYBRID",64.0,
multimodal_core/acm_main_mixed,multimodal_core,main,ACM,expander,0.836092722415924,0.030751934518011347,5,0.8168039441108703,0.014890949860743463,5,0.8160710010660269,0.015599398665663037,5,0.8286655426025391,0.013230950884903257,5,0.8079077363014221,0.021052546694136066,5,0.0,0.0,5,272250.0,0.0,5,15.0,0.0,5,0.0,0.0,5,0.0,0.0,5,0.0,0.0,5,2.4,0.8944271909999159,5,7.2,1.7888543819998317,5,5.4,0.8944271909999159,5,ACM,"PAP,PSP,KNN",15,hard,6,300,"42,43,44,45,46","local_uniform_vote,local_reliability_vote,topk_reliability_vote,fixed_ring,fixed_ring_matched,random_regular,random_matched,expander,expander_matched,full_mesh,adaptive_pair,adaptive_complementarity,adaptive_graph_val",15,5,0.001,2,1,0.85,topology_reliability,1.0,0.5,0.0,5,5,active_vote,all_parties,0,cuda,True,2026.0,True,True,results/multimodal_cache_v3,,multimodal,"ATTR,TEXT,STRUCT,HYBRID",64.0,
multimodal_core/acm_main_mixed,multimodal_core,main,ACM,expander_matched,0.6377483427524566,0.15868753780791606,5,0.6065897762775421,0.15274858032274297,5,0.6072462788674068,0.15388290110058508,5,0.6293245315551758,0.14971381448199728,5,0.6023064017295837,0.1587911041629988,5,0.0,0.0,5,90750.0,0.0,5,5.0,0.0,5,0.0,0.0,5,0.0,0.0,5,0.0,0.0,5,0.4,0.5477225575051661,5,2.6,1.140175425099138,5,2.0,1.0,5,ACM,"PAP,PSP,KNN",15,hard,6,300,"42,43,44,45,46","local_uniform_vote,local_reliability_vote,topk_reliability_vote,fixed_ring,fixed_ring_matched,random_regular,random_matched,expander,expander_matched,full_mesh,adaptive_pair,adaptive_complementarity,adaptive_graph_val",15,5,0.001,2,1,0.85,topology_reliability,1.0,0.5,0.0,5,5,active_vote,all_parties,0,cuda,True,2026.0,True,True,results/multimodal_cache_v3,,multimodal,"ATTR,TEXT,STRUCT,HYBRID",64.0,
multimodal_core/acm_main_mixed,multimodal_core,main,ACM,fixed_ring,0.836092722415924,0.030751934518011347,5,0.8168039441108703,0.014890949860743463,5,0.8160710010660269,0.015599398665663037,5,0.8286655426025391,0.013230950884903257,5,0.8079077363014221,0.021052546694136066,5,0.0,0.0,5,272250.0,0.0,5,15.0,0.0,5,0.0,0.0,5,0.0,0.0,5,0.0,0.0,5,2.4,0.8944271909999159,5,7.2,1.7888543819998317,5,5.4,0.8944271909999159,5,ACM,"PAP,PSP,KNN",15,hard,6,300,"42,43,44,45,46","local_uniform_vote,local_reliability_vote,topk_reliability_vote,fixed_ring,fixed_ring_matched,random_regular,random_matched,expander,expander_matched,full_mesh,adaptive_pair,adaptive_complementarity,adaptive_graph_val",15,5,0.001,2,1,0.85,topology_reliability,1.0,0.5,0.0,5,5,active_vote,all_parties,0,cuda,True,2026.0,True,True,results/multimodal_cache_v3,,multimodal,"ATTR,TEXT,STRUCT,HYBRID",64.0,
multimodal_core/acm_main_mixed,multimodal_core,main,ACM,fixed_ring_matched,0.6950331091880798,0.12665507631336614,5,0.6787479281425476,0.12936388264555101,5,0.6755582434535119,0.134059567706693,5,0.6971993386745453,0.126432257211922,5,0.6570016324520112,0.12245746895587278,5,0.0,0.0,5,90750.0,0.0,5,5.0,0.0,5,0.0,0.0,5,0.0,0.0,5,0.0,0.0,5,0.8,0.4472135954999579,5,2.0,1.0,5,2.2,0.8366600265340756,5,ACM,"PAP,PSP,KNN",15,hard,6,300,"42,43,44,45,46","local_uniform_vote,local_reliability_vote,topk_reliability_vote,fixed_ring,fixed_ring_matched,random_regular,random_matched,expander,expander_matched,full_mesh,adaptive_pair,adaptive_complementarity,adaptive_graph_val",15,5,0.001,2,1,0.85,topology_reliability,1.0,0.5,0.0,5,5,active_vote,all_parties,0,cuda,True,2026.0,True,True,results/multimodal_cache_v3,,multimodal,"ATTR,TEXT,STRUCT,HYBRID",64.0,
multimodal_core/acm_main_mixed,multimodal_core,main,ACM,full_mesh,0.8453642368316651,0.028038362763883492,5,0.8266886234283447,0.013353450759811513,5,0.8267106552049862,0.013735558477390683,5,0.8395386815071106,0.010458365216011728,5,0.8204282999038697,0.01863871145245046,5,0.0,0.0,5,1905750.0,0.0,5,105.0,0.0,5,0.0,0.0,5,0.0,0.0,5,0.0,0.0,5,15.0,0.0,5,54.0,0.0,5,36.0,0.0,5,ACM,"PAP,PSP,KNN",15,hard,6,300,"42,43,44,45,46","local_uniform_vote,local_reliability_vote,topk_reliability_vote,fixed_ring,fixed_ring_matched,random_regular,random_matched,expander,expander_matched,full_mesh,adaptive_pair,adaptive_complementarity,adaptive_graph_val",15,5,0.001,2,1,0.85,topology_reliability,1.0,0.5,0.0,5,5,active_vote,all_parties,0,cuda,True,2026.0,True,True,results/multimodal_cache_v3,,multimodal,"ATTR,TEXT,STRUCT,HYBRID",64.0,
multimodal_core/acm_main_mixed,multimodal_core,main,ACM,local_reliability_vote,0.8460264921188354,0.027629666485973352,5,0.8273475885391235,0.013096930464034508,5,0.827394984582248,0.013513100371483823,5,0.8408566594123841,0.009577888981100867,5,0.8227347373962403,0.01620873089890242,5,0.0,0.0,5,0.0,0.0,5,0.0,0.0,5,0.0,0.0,5,0.0,0.0,5,0.0,0.0,5,0.0,0.0,5,0.0,0.0,5,0.0,0.0,5,ACM,"PAP,PSP,KNN",15,hard,6,300,"42,43,44,45,46","local_uniform_vote,local_reliability_vote,topk_reliability_vote,fixed_ring,fixed_ring_matched,random_regular,random_matched,expander,expander_matched,full_mesh,adaptive_pair,adaptive_complementarity,adaptive_graph_val",15,5,0.001,2,1,0.85,topology_reliability,1.0,0.5,0.0,5,5,active_vote,all_parties,0,cuda,True,2026.0,True,True,results/multimodal_cache_v3,,multimodal,"ATTR,TEXT,STRUCT,HYBRID",64.0,
multimodal_core/acm_main_mixed,multimodal_core,main,ACM,local_uniform_vote,0.6711920499801636,0.03719825682948996,5,0.6494233727455139,0.04064554988534698,5,0.645992715856025,0.04423295094758538,5,0.6708401918411255,0.03420981995409198,5,0.6467874646186829,0.04325291887711383,5,0.0,0.0,5,0.0,0.0,5,0.0,0.0,5,0.0,0.0,5,0.0,0.0,5,0.0,0.0,5,0.0,0.0,5,0.0,0.0,5,0.0,0.0,5,ACM,"PAP,PSP,KNN",15,hard,6,300,"42,43,44,45,46","local_uniform_vote,local_reliability_vote,topk_reliability_vote,fixed_ring,fixed_ring_matched,random_regular,random_matched,expander,expander_matched,full_mesh,adaptive_pair,adaptive_complementarity,adaptive_graph_val",15,5,0.001,2,1,0.85,topology_reliability,1.0,0.5,0.0,5,5,active_vote,all_parties,0,cuda,True,2026.0,True,True,results/multimodal_cache_v3,,multimodal,"ATTR,TEXT,STRUCT,HYBRID",64.0,
multimodal_core/acm_main_mixed,multimodal_core,main,ACM,random_matched,0.7566225171089173,0.217174747365086,5,0.7433278262615204,0.21178306336329894,5,0.7318821443070765,0.23676844071556413,5,0.756507396697998,0.21630664665526106,5,0.7298187673091888,0.22676786780845223,5,0.0,0.0,5,90750.0,0.0,5,5.0,0.0,5,0.0,0.0,5,0.0,0.0,5,0.0,0.0,5,1.2,0.8366600265340756,5,2.4,0.5477225575051661,5,1.4,1.140175425099138,5,ACM,"PAP,PSP,KNN",15,hard,6,300,"42,43,44,45,46","local_uniform_vote,local_reliability_vote,topk_reliability_vote,fixed_ring,fixed_ring_matched,random_regular,random_matched,expander,expander_matched,full_mesh,adaptive_pair,adaptive_complementarity,adaptive_graph_val",15,5,0.001,2,1,0.85,topology_reliability,1.0,0.5,0.0,5,5,active_vote,all_parties,0,cuda,True,2026.0,True,True,results/multimodal_cache_v3,,multimodal,"ATTR,TEXT,STRUCT,HYBRID",64.0,
multimodal_core/acm_main_mixed,multimodal_core,main,ACM,random_regular,0.8400662183761597,0.03065373720729125,5,0.8171334266662598,0.014075792192517873,5,0.8165197800593429,0.015245514400399203,5,0.8322899341583252,0.009843399208677573,5,0.8118615984916687,0.018396885035384027,5,0.0,0.0,5,268620.0,8116.926758324236,5,14.8,0.44721359549995804,5,0.0,0.0,5,0.0,0.0,5,0.0,0.0,5,2.4,0.5477225575051662,5,7.0,1.0,5,5.4,0.5477225575051661,5,ACM,"PAP,PSP,KNN",15,hard,6,300,"42,43,44,45,46","local_uniform_vote,local_reliability_vote,topk_reliability_vote,fixed_ring,fixed_ring_matched,random_regular,random_matched,expander,expander_matched,full_mesh,adaptive_pair,adaptive_complementarity,adaptive_graph_val",15,5,0.001,2,1,0.85,topology_reliability,1.0,0.5,0.0,5,5,active_vote,all_parties,0,cuda,True,2026.0,True,True,results/multimodal_cache_v3,,multimodal,"ATTR,TEXT,STRUCT,HYBRID",64.0,
multimodal_core/acm_main_mixed,multimodal_core,main,ACM,topk_reliability_vote,0.8966887354850769,0.01568921321140231,5,0.8777594566345215,0.012184413373734736,5,0.8774703338656824,0.012370023411273159,5,0.892915952205658,0.010288292312702748,5,0.8771004915237427,0.00769199578827744,5,0.0,0.0,5,0.0,0.0,5,0.0,0.0,5,0.0,0.0,5,0.0,0.0,5,0.0,0.0,5,0.0,0.0,5,0.0,0.0,5,0.0,0.0,5,ACM,"PAP,PSP,KNN",15,hard,6,300,"42,43,44,45,46","local_uniform_vote,local_reliability_vote,topk_reliability_vote,fixed_ring,fixed_ring_matched,random_regular,random_matched,expander,expander_matched,full_mesh,adaptive_pair,adaptive_complementarity,adaptive_graph_val",15,5,0.001,2,1,0.85,topology_reliability,1.0,0.5,0.0,5,5,active_vote,all_parties,0,cuda,True,2026.0,True,True,results/multimodal_cache_v3,,multimodal,"ATTR,TEXT,STRUCT,HYBRID",64.0,
multimodal_core/dblp_hard_noisy_mixed,multimodal_core,hard_noisy,DBLP,adaptive_complementarity,0.8869136214256287,0.017924639108334414,5,0.8850122570991517,0.01607881968195715,5,0.874302603871358,0.018097849592236218,5,0.8901719689369202,0.014447305361068774,5,0.8700245499610901,0.013384458848167252,5,0.0,0.0,5,473857.6,17776.883326387673,5,14.6,0.5477225575051662,5,729000.0,0.0,5,0.0,0.0,5,4.77445236001513,0.3633976762716182,5,1.0,0.0,5,4.0,0.0,5,9.6,0.5477225575051662,5,DBLP,"APA,APCPA,APTPA,KNN",15,hard,3,300,"42,43,44,45,46","local_uniform_vote,local_reliability_vote,topk_reliability_vote,fixed_ring,fixed_ring_matched,random_regular,random_matched,expander,expander_matched,full_mesh,adaptive_pair,adaptive_complementarity,adaptive_graph_val",15,5,0.001,2,1,0.85,topology_reliability,1.0,0.5,0.0,5,5,active_vote,all_parties,0,cuda,True,2026.0,True,True,results/multimodal_cache_v3,,multimodal,"ATTR,TEXT,STRUCT,HYBRID",64.0,
multimodal_core/dblp_hard_noisy_mixed,multimodal_core,hard_noisy,DBLP,adaptive_graph_val,0.918024730682373,0.01742885524632635,5,0.9054054021835327,0.012677982928010501,5,0.8984125556995954,0.014376054932832763,5,0.9115478873252869,0.012036789577618195,5,0.8995085954666138,0.012419408564503475,5,0.0,0.0,5,168771.2,14514.764455546632,5,5.2,0.44721359549995787,5,729000.0,0.0,5,7741.6,78.18759492400306,5,32.341095159959515,2.1441020223650242,5,0.8,0.4472135954999579,5,2.0,1.0,5,2.4,0.5477225575051661,5,DBLP,"APA,APCPA,APTPA,KNN",15,hard,3,300,"42,43,44,45,46","local_uniform_vote,local_reliability_vote,topk_reliability_vote,fixed_ring,fixed_ring_matched,random_regular,random_matched,expander,expander_matched,full_mesh,adaptive_pair,adaptive_complementarity,adaptive_graph_val",15,5,0.001,2,1,0.85,topology_reliability,1.0,0.5,0.0,5,5,active_vote,all_parties,0,cuda,True,2026.0,True,True,results/multimodal_cache_v3,,multimodal,"ATTR,TEXT,STRUCT,HYBRID",64.0,
multimodal_core/dblp_hard_noisy_mixed,multimodal_core,hard_noisy,DBLP,adaptive_pair,0.8918518900871277,0.01653123264379145,5,0.8869778752326966,0.019675213012594592,5,0.877337300016916,0.021859662023930956,5,0.8933660745620727,0.015081059886837623,5,0.8781326651573181,0.012983794470701564,5,0.0,0.0,5,467366.4,17776.883326387673,5,14.4,0.5477225575051662,5,729000.0,0.0,5,0.0,0.0,5,4.781343479995849,0.8755598502665917,5,3.0,0.0,5,0.0,0.0,5,11.4,0.5477225575051662,5,DBLP,"APA,APCPA,APTPA,KNN",15,hard,3,300,"42,43,44,45,46","local_uniform_vote,local_reliability_vote,topk_reliability_vote,fixed_ring,fixed_ring_matched,random_regular,random_matched,expander,expander_matched,full_mesh,adaptive_pair,adaptive_complementarity,adaptive_graph_val",15,5,0.001,2,1,0.85,topology_reliability,1.0,0.5,0.0,5,5,active_vote,all_parties,0,cuda,True,2026.0,True,True,results/multimodal_cache_v3,,multimodal,"ATTR,TEXT,STRUCT,HYBRID",64.0,
multimodal_core/dblp_hard_noisy_mixed,multimodal_core,hard_noisy,DBLP,expander,0.883950662612915,0.017805189963312026,5,0.88206387758255,0.014793106715744039,5,0.8709206650917614,0.015169210956354701,5,0.88796067237854,0.01436348322434251,5,0.8702702641487121,0.011770555871944935,5,0.0,0.0,5,486840.0,0.0,5,15.0,0.0,5,0.0,0.0,5,0.0,0.0,5,0.0,0.0,5,0.6,0.5477225575051662,5,4.8,1.0954451150103324,5,9.6,0.5477225575051662,5,DBLP,"APA,APCPA,APTPA,KNN",15,hard,3,300,"42,43,44,45,46","local_uniform_vote,local_reliability_vote,topk_reliability_vote,fixed_ring,fixed_ring_matched,random_regular,random_matched,expander,expander_matched,full_mesh,adaptive_pair,adaptive_complementarity,adaptive_graph_val",15,5,0.001,2,1,0.85,topology_reliability,1.0,0.5,0.0,5,5,active_vote,all_parties,0,cuda,True,2026.0,True,True,results/multimodal_cache_v3,,multimodal,"ATTR,TEXT,STRUCT,HYBRID",64.0,
multimodal_core/dblp_hard_noisy_mixed,multimodal_core,hard_noisy,DBLP,expander_matched,0.5409876883029938,0.32157048004989575,5,0.5194103002548218,0.34145083791375425,5,0.48196202213565986,0.36792983839453575,5,0.5425061225891114,0.3292344299941988,5,0.5206388086080551,0.34524751414874355,5,0.0,0.0,5,162280.0,0.0,5,5.0,0.0,5,0.0,0.0,5,0.0,0.0,5,0.0,0.0,5,0.0,0.0,5,1.0,1.4142135623730951,5,4.0,1.414213562373095,5,DBLP,"APA,APCPA,APTPA,KNN",15,hard,3,300,"42,43,44,45,46","local_uniform_vote,local_reliability_vote,topk_reliability_vote,fixed_ring,fixed_ring_matched,random_regular,random_matched,expander,expander_matched,full_mesh,adaptive_pair,adaptive_complementarity,adaptive_graph_val",15,5,0.001,2,1,0.85,topology_reliability,1.0,0.5,0.0,5,5,active_vote,all_parties,0,cuda,True,2026.0,True,True,results/multimodal_cache_v3,,multimodal,"ATTR,TEXT,STRUCT,HYBRID",64.0,
multimodal_core/dblp_hard_noisy_mixed,multimodal_core,hard_noisy,DBLP,fixed_ring,0.883950662612915,0.017805189963312026,5,0.88206387758255,0.014793106715744039,5,0.8709206650917614,0.015169210956354701,5,0.88796067237854,0.01436348322434251,5,0.8702702641487121,0.011770555871944935,5,0.0,0.0,5,486840.0,0.0,5,15.0,0.0,5,0.0,0.0,5,0.0,0.0,5,0.0,0.0,5,0.6,0.5477225575051662,5,4.8,1.0954451150103324,5,9.6,0.5477225575051662,5,DBLP,"APA,APCPA,APTPA,KNN",15,hard,3,300,"42,43,44,45,46","local_uniform_vote,local_reliability_vote,topk_reliability_vote,fixed_ring,fixed_ring_matched,random_regular,random_matched,expander,expander_matched,full_mesh,adaptive_pair,adaptive_complementarity,adaptive_graph_val",15,5,0.001,2,1,0.85,topology_reliability,1.0,0.5,0.0,5,5,active_vote,all_parties,0,cuda,True,2026.0,True,True,results/multimodal_cache_v3,,multimodal,"ATTR,TEXT,STRUCT,HYBRID",64.0,
multimodal_core/dblp_hard_noisy_mixed,multimodal_core,hard_noisy,DBLP,fixed_ring_matched,0.49925928711891177,0.23954214332296023,5,0.48771498799324037,0.24542828648170684,5,0.43293836614561626,0.27903211000247846,5,0.5100737035274505,0.24028649511877975,5,0.48820638060569765,0.2399992811905646,5,0.0,0.0,5,162280.0,0.0,5,5.0,0.0,5,0.0,0.0,5,0.0,0.0,5,0.0,0.0,5,0.4,0.5477225575051661,5,1.6,1.1401754250991378,5,3.0,1.2247448713915892,5,DBLP,"APA,APCPA,APTPA,KNN",15,hard,3,300,"42,43,44,45,46","local_uniform_vote,local_reliability_vote,topk_reliability_vote,fixed_ring,fixed_ring_matched,random_regular,random_matched,expander,expander_matched,full_mesh,adaptive_pair,adaptive_complementarity,adaptive_graph_val",15,5,0.001,2,1,0.85,topology_reliability,1.0,0.5,0.0,5,5,active_vote,all_parties,0,cuda,True,2026.0,True,True,results/multimodal_cache_v3,,multimodal,"ATTR,TEXT,STRUCT,HYBRID",64.0,
multimodal_core/dblp_hard_noisy_mixed,multimodal_core,hard_noisy,DBLP,full_mesh,0.8918518900871277,0.01773228754478325,5,0.8869778633117675,0.016618857792672467,5,0.877324436340013,0.018053728938073818,5,0.8948402643203736,0.015674824206236487,5,0.8771498680114747,0.010745009065730728,5,0.0,0.0,5,3407880.0,0.0,5,105.0,0.0,5,0.0,0.0,5,0.0,0.0,5,0.0,0.0,5,3.0,0.0,5,36.0,0.0,5,66.0,0.0,5,DBLP,"APA,APCPA,APTPA,KNN",15,hard,3,300,"42,43,44,45,46","local_uniform_vote,local_reliability_vote,topk_reliability_vote,fixed_ring,fixed_ring_matched,random_regular,random_matched,expander,expander_matched,full_mesh,adaptive_pair,adaptive_complementarity,adaptive_graph_val",15,5,0.001,2,1,0.85,topology_reliability,1.0,0.5,0.0,5,5,active_vote,all_parties,0,cuda,True,2026.0,True,True,results/multimodal_cache_v3,,multimodal,"ATTR,TEXT,STRUCT,HYBRID",64.0,
multimodal_core/dblp_hard_noisy_mixed,multimodal_core,hard_noisy,DBLP,local_reliability_vote,0.8938271999359131,0.01808125092296558,5,0.8886977672576905,0.018192616652038616,5,0.8790939872269619,0.01974684152600927,5,0.8963144779205322,0.015260133777724134,5,0.8800982594490051,0.011834491807468456,5,0.0,0.0,5,0.0,0.0,5,0.0,0.0,5,0.0,0.0,5,0.0,0.0,5,0.0,0.0,5,0.0,0.0,5,0.0,0.0,5,0.0,0.0,5,DBLP,"APA,APCPA,APTPA,KNN",15,hard,3,300,"42,43,44,45,46","local_uniform_vote,local_reliability_vote,topk_reliability_vote,fixed_ring,fixed_ring_matched,random_regular,random_matched,expander,expander_matched,full_mesh,adaptive_pair,adaptive_complementarity,adaptive_graph_val",15,5,0.001,2,1,0.85,topology_reliability,1.0,0.5,0.0,5,5,active_vote,all_parties,0,cuda,True,2026.0,True,True,results/multimodal_cache_v3,,multimodal,"ATTR,TEXT,STRUCT,HYBRID",64.0,
multimodal_core/dblp_hard_noisy_mixed,multimodal_core,hard_noisy,DBLP,local_uniform_vote,0.6461728692054749,0.017472502028050334,5,0.6474201321601868,0.015220547286255586,5,0.5450736106826747,0.017842486933276572,5,0.6533169388771057,0.0183536622951564,5,0.5975429773330688,0.02000986738394563,5,0.0,0.0,5,0.0,0.0,5,0.0,0.0,5,0.0,0.0,5,0.0,0.0,5,0.0,0.0,5,0.0,0.0,5,0.0,0.0,5,0.0,0.0,5,DBLP,"APA,APCPA,APTPA,KNN",15,hard,3,300,"42,43,44,45,46","local_uniform_vote,local_reliability_vote,topk_reliability_vote,fixed_ring,fixed_ring_matched,random_regular,random_matched,expander,expander_matched,full_mesh,adaptive_pair,adaptive_complementarity,adaptive_graph_val",15,5,0.001,2,1,0.85,topology_reliability,1.0,0.5,0.0,5,5,active_vote,all_parties,0,cuda,True,2026.0,True,True,results/multimodal_cache_v3,,multimodal,"ATTR,TEXT,STRUCT,HYBRID",64.0,
multimodal_core/dblp_hard_noisy_mixed,multimodal_core,hard_noisy,DBLP,random_matched,0.6856790363788605,0.2926506726868943,5,0.6744471549987793,0.3097528724292275,5,0.6253758200937194,0.36938873763531505,5,0.6823095738887787,0.3061539853330104,5,0.6665847539901734,0.3152471574221211,5,0.0,0.0,5,162280.0,0.0,5,5.0,0.0,5,0.0,0.0,5,0.0,0.0,5,0.0,0.0,5,0.2,0.4472135954999579,5,2.4,1.816590212458495,5,2.4,1.816590212458495,5,DBLP,"APA,APCPA,APTPA,KNN",15,hard,3,300,"42,43,44,45,46","local_uniform_vote,local_reliability_vote,topk_reliability_vote,fixed_ring,fixed_ring_matched,random_regular,random_matched,expander,expander_matched,full_mesh,adaptive_pair,adaptive_complementarity,adaptive_graph_val",15,5,0.001,2,1,0.85,topology_reliability,1.0,0.5,0.0,5,5,active_vote,all_parties,0,cuda,True,2026.0,True,True,results/multimodal_cache_v3,,multimodal,"ATTR,TEXT,STRUCT,HYBRID",64.0,
multimodal_core/dblp_hard_noisy_mixed,multimodal_core,hard_noisy,DBLP,random_regular,0.886172890663147,0.019741522085530663,5,0.8852579593658447,0.012546365278862728,5,0.873944327302614,0.014668032315054627,5,0.8904176712036133,0.015131036770442603,5,0.8722358584403992,0.009712167007588186,5,0.0,0.0,5,480348.8,14514.76445554664,5,14.8,0.44721359549995804,5,0.0,0.0,5,0.0,0.0,5,0.0,0.0,5,0.8,1.0954451150103321,5,4.4,2.1908902300206647,5,9.6,1.3416407864998738,5,DBLP,"APA,APCPA,APTPA,KNN",15,hard,3,300,"42,43,44,45,46","local_uniform_vote,local_reliability_vote,topk_reliability_vote,fixed_ring,fixed_ring_matched,random_regular,random_matched,expander,expander_matched,full_mesh,adaptive_pair,adaptive_complementarity,adaptive_graph_val",15,5,0.001,2,1,0.85,topology_reliability,1.0,0.5,0.0,5,5,active_vote,all_parties,0,cuda,True,2026.0,True,True,results/multimodal_cache_v3,,multimodal,"ATTR,TEXT,STRUCT,HYBRID",64.0,
multimodal_core/dblp_hard_noisy_mixed,multimodal_core,hard_noisy,DBLP,topk_reliability_vote,0.91580251455307,0.016936550387266613,5,0.907862389087677,0.013871723301429955,5,0.901194394048999,0.014327812430070473,5,0.9137592077255249,0.013412619928677308,5,0.9049139976501465,0.010589360797558211,5,0.0,0.0,5,0.0,0.0,5,0.0,0.0,5,0.0,0.0,5,0.0,0.0,5,0.0,0.0,5,0.0,0.0,5,0.0,0.0,5,0.0,0.0,5,DBLP,"APA,APCPA,APTPA,KNN",15,hard,3,300,"42,43,44,45,46","local_uniform_vote,local_reliability_vote,topk_reliability_vote,fixed_ring,fixed_ring_matched,random_regular,random_matched,expander,expander_matched,full_mesh,adaptive_pair,adaptive_complementarity,adaptive_graph_val",15,5,0.001,2,1,0.85,topology_reliability,1.0,0.5,0.0,5,5,active_vote,all_parties,0,cuda,True,2026.0,True,True,results/multimodal_cache_v3,,multimodal,"ATTR,TEXT,STRUCT,HYBRID",64.0,
multimodal_core/dblp_main_mixed,multimodal_core,main,DBLP,adaptive_complementarity,0.9266667008399964,0.012177862946442231,5,0.9125306963920593,0.012983803212184496,5,0.9045883608248383,0.015101874206242717,5,0.9194103002548217,0.01275514186574875,5,0.9113021969795227,0.013608105597394771,5,0.0,0.0,5,467366.4,17776.883326387666,5,14.4,0.547722557505166,5,729000.0,0.0,5,0.0,0.0,5,4.947139360010624,0.24714436665953074,5,4.0,0.0,5,4.0,0.0,5,6.4,0.5477225575051663,5,DBLP,"APA,APCPA,APTPA,KNN",15,hard,6,300,"42,43,44,45,46","local_uniform_vote,local_reliability_vote,topk_reliability_vote,fixed_ring,fixed_ring_matched,random_regular,random_matched,expander,expander_matched,full_mesh,adaptive_pair,adaptive_complementarity,adaptive_graph_val",15,5,0.001,2,1,0.85,topology_reliability,1.0,0.5,0.0,5,5,active_vote,all_parties,0,cuda,True,2026.0,True,True,results/multimodal_cache_v3,,multimodal,"ATTR,TEXT,STRUCT,HYBRID",64.0,
multimodal_core/dblp_main_mixed,multimodal_core,main,DBLP,adaptive_graph_val,0.9338271856307984,0.012177875635904327,5,0.9162161946296692,0.011138114867282013,5,0.9099570883030117,0.011476324995372399,5,0.9270270109176636,0.010226867699014139,5,0.9159704923629761,0.018295999837817115,5,0.0,0.0,5,168771.2,14514.764455546634,5,5.2,0.44721359549995787,5,729000.0,0.0,5,8110.4,334.7779861340946,5,36.30827164000948,2.0812592339042473,5,2.2,0.447213595499958,5,2.0,1.0,5,1.0,1.0,5,DBLP,"APA,APCPA,APTPA,KNN",15,hard,6,300,"42,43,44,45,46","local_uniform_vote,local_reliability_vote,topk_reliability_vote,fixed_ring,fixed_ring_matched,random_regular,random_matched,expander,expander_matched,full_mesh,adaptive_pair,adaptive_complementarity,adaptive_graph_val",15,5,0.001,2,1,0.85,topology_reliability,1.0,0.5,0.0,5,5,active_vote,all_parties,0,cuda,True,2026.0,True,True,results/multimodal_cache_v3,,multimodal,"ATTR,TEXT,STRUCT,HYBRID",64.0,
multimodal_core/dblp_main_mixed,multimodal_core,main,DBLP,adaptive_pair,0.9271605372428894,0.012252733169189003,5,0.914004898071289,0.011686932793119198,5,0.9065817865695832,0.01283570497156954,5,0.9201474070549012,0.011622166548463696,5,0.9120392799377441,0.01341825040045598,5,0.0,0.0,5,467366.4,17776.883326387673,5,14.4,0.5477225575051662,5,729000.0,0.0,5,0.0,0.0,5,5.136966379964724,0.19325223755254042,5,6.0,0.0,5,0.0,0.0,5,8.4,0.5477225575051662,5,DBLP,"APA,APCPA,APTPA,KNN",15,hard,6,300,"42,43,44,45,46","local_uniform_vote,local_reliability_vote,topk_reliability_vote,fixed_ring,fixed_ring_matched,random_regular,random_matched,expander,expander_matched,full_mesh,adaptive_pair,adaptive_complementarity,adaptive_graph_val",15,5,0.001,2,1,0.85,topology_reliability,1.0,0.5,0.0,5,5,active_vote,all_parties,0,cuda,True,2026.0,True,True,results/multimodal_cache_v3,,multimodal,"ATTR,TEXT,STRUCT,HYBRID",64.0,
multimodal_core/dblp_main_mixed,multimodal_core,main,DBLP,expander,0.9254321336746216,0.01173165291595841,5,0.9135134935379028,0.011929762147744405,5,0.9056954563821916,0.013166441180404994,5,0.9194103121757508,0.012455823486420908,5,0.9105650782585144,0.012867047057425028,5,0.0,0.0,5,486840.0,0.0,5,15.0,0.0,5,0.0,0.0,5,0.0,0.0,5,0.0,0.0,5,2.4,0.8944271909999159,5,7.2,1.7888543819998317,5,5.4,0.8944271909999159,5,DBLP,"APA,APCPA,APTPA,KNN",15,hard,6,300,"42,43,44,45,46","local_uniform_vote,local_reliability_vote,topk_reliability_vote,fixed_ring,fixed_ring_matched,random_regular,random_matched,expander,expander_matched,full_mesh,adaptive_pair,adaptive_complementarity,adaptive_graph_val",15,5,0.001,2,1,0.85,topology_reliability,1.0,0.5,0.0,5,5,active_vote,all_parties,0,cuda,True,2026.0,True,True,results/multimodal_cache_v3,,multimodal,"ATTR,TEXT,STRUCT,HYBRID",64.0,
multimodal_core/dblp_main_mixed,multimodal_core,main,DBLP,expander_matched,0.8244444847106933,0.11693710134397216,5,0.8196559906005859,0.11346989404456032,5,0.8102063526744819,0.11385480436039272,5,0.8285012125968934,0.10697346988631114,5,0.8194103121757508,0.10883509033496577,5,0.0,0.0,5,162280.0,0.0,5,5.0,0.0,5,0.0,0.0,5,0.0,0.0,5,0.0,0.0,5,0.4,0.5477225575051661,5,2.6,1.140175425099138,5,2.0,1.0,5,DBLP,"APA,APCPA,APTPA,KNN",15,hard,6,300,"42,43,44,45,46","local_uniform_vote,local_reliability_vote,topk_reliability_vote,fixed_ring,fixed_ring_matched,random_regular,random_matched,expander,expander_matched,full_mesh,adaptive_pair,adaptive_complementarity,adaptive_graph_val",15,5,0.001,2,1,0.85,topology_reliability,1.0,0.5,0.0,5,5,active_vote,all_parties,0,cuda,True,2026.0,True,True,results/multimodal_cache_v3,,multimodal,"ATTR,TEXT,STRUCT,HYBRID",64.0,
multimodal_core/dblp_main_mixed,multimodal_core,main,DBLP,fixed_ring,0.9254321336746216,0.01173165291595841,5,0.9135134935379028,0.011929762147744405,5,0.9056954563821916,0.013166441180404994,5,0.9194103121757508,0.012455823486420908,5,0.9105650782585144,0.012867047057425028,5,0.0,0.0,5,486840.0,0.0,5,15.0,0.0,5,0.0,0.0,5,0.0,0.0,5,0.0,0.0,5,2.4,0.8944271909999159,5,7.2,1.7888543819998317,5,5.4,0.8944271909999159,5,DBLP,"APA,APCPA,APTPA,KNN",15,hard,6,300,"42,43,44,45,46","local_uniform_vote,local_reliability_vote,topk_reliability_vote,fixed_ring,fixed_ring_matched,random_regular,random_matched,expander,expander_matched,full_mesh,adaptive_pair,adaptive_complementarity,adaptive_graph_val",15,5,0.001,2,1,0.85,topology_reliability,1.0,0.5,0.0,5,5,active_vote,all_parties,0,cuda,True,2026.0,True,True,results/multimodal_cache_v3,,multimodal,"ATTR,TEXT,STRUCT,HYBRID",64.0,
multimodal_core/dblp_main_mixed,multimodal_core,main,DBLP,fixed_ring_matched,0.68814817070961,0.21885062555194032,5,0.6732186555862427,0.2201417970072193,5,0.6444555057937988,0.24272581659969442,5,0.6835380792617798,0.2189570446464818,5,0.6604422390460968,0.22866891671352568,5,0.0,0.0,5,162280.0,0.0,5,5.0,0.0,5,0.0,0.0,5,0.0,0.0,5,0.0,0.0,5,0.8,0.4472135954999579,5,2.0,1.0,5,2.2,0.8366600265340756,5,DBLP,"APA,APCPA,APTPA,KNN",15,hard,6,300,"42,43,44,45,46","local_uniform_vote,local_reliability_vote,topk_reliability_vote,fixed_ring,fixed_ring_matched,random_regular,random_matched,expander,expander_matched,full_mesh,adaptive_pair,adaptive_complementarity,adaptive_graph_val",15,5,0.001,2,1,0.85,topology_reliability,1.0,0.5,0.0,5,5,active_vote,all_parties,0,cuda,True,2026.0,True,True,results/multimodal_cache_v3,,multimodal,"ATTR,TEXT,STRUCT,HYBRID",64.0,
multimodal_core/dblp_main_mixed,multimodal_core,main,DBLP,full_mesh,0.9269136190414429,0.012234055636858495,5,0.9144962906837464,0.011802565892557888,5,0.9071228659891679,0.012990430088717047,5,0.9196560144424438,0.011178684765357905,5,0.9115478754043579,0.013030222242960212,5,0.0,0.0,5,3407880.0,0.0,5,105.0,0.0,5,0.0,0.0,5,0.0,0.0,5,0.0,0.0,5,15.0,0.0,5,54.0,0.0,5,36.0,0.0,5,DBLP,"APA,APCPA,APTPA,KNN",15,hard,6,300,"42,43,44,45,46","local_uniform_vote,local_reliability_vote,topk_reliability_vote,fixed_ring,fixed_ring_matched,random_regular,random_matched,expander,expander_matched,full_mesh,adaptive_pair,adaptive_complementarity,adaptive_graph_val",15,5,0.001,2,1,0.85,topology_reliability,1.0,0.5,0.0,5,5,active_vote,all_parties,0,cuda,True,2026.0,True,True,results/multimodal_cache_v3,,multimodal,"ATTR,TEXT,STRUCT,HYBRID",64.0,
multimodal_core/dblp_main_mixed,multimodal_core,main,DBLP,local_reliability_vote,0.9271605372428894,0.011809321564432994,5,0.9142505884170532,0.012142915613189198,5,0.9068367883894005,0.01331657047396851,5,0.9196560144424438,0.011178684765357905,5,0.9117935776710511,0.01332796614725994,5,0.0,0.0,5,0.0,0.0,5,0.0,0.0,5,0.0,0.0,5,0.0,0.0,5,0.0,0.0,5,0.0,0.0,5,0.0,0.0,5,0.0,0.0,5,DBLP,"APA,APCPA,APTPA,KNN",15,hard,6,300,"42,43,44,45,46","local_uniform_vote,local_reliability_vote,topk_reliability_vote,fixed_ring,fixed_ring_matched,random_regular,random_matched,expander,expander_matched,full_mesh,adaptive_pair,adaptive_complementarity,adaptive_graph_val",15,5,0.001,2,1,0.85,topology_reliability,1.0,0.5,0.0,5,5,active_vote,all_parties,0,cuda,True,2026.0,True,True,results/multimodal_cache_v3,,multimodal,"ATTR,TEXT,STRUCT,HYBRID",64.0,
multimodal_core/dblp_main_mixed,multimodal_core,main,DBLP,local_uniform_vote,0.8755555868148803,0.014087058686996088,5,0.859950852394104,0.012068095267443154,5,0.842834093163526,0.014060450694363314,5,0.8685503482818604,0.009904497390120007,5,0.8506142258644104,0.012576395007129287,5,0.0,0.0,5,0.0,0.0,5,0.0,0.0,5,0.0,0.0,5,0.0,0.0,5,0.0,0.0,5,0.0,0.0,5,0.0,0.0,5,0.0,0.0,5,DBLP,"APA,APCPA,APTPA,KNN",15,hard,6,300,"42,43,44,45,46","local_uniform_vote,local_reliability_vote,topk_reliability_vote,fixed_ring,fixed_ring_matched,random_regular,random_matched,expander,expander_matched,full_mesh,adaptive_pair,adaptive_complementarity,adaptive_graph_val",15,5,0.001,2,1,0.85,topology_reliability,1.0,0.5,0.0,5,5,active_vote,all_parties,0,cuda,True,2026.0,True,True,results/multimodal_cache_v3,,multimodal,"ATTR,TEXT,STRUCT,HYBRID",64.0,
multimodal_core/dblp_main_mixed,multimodal_core,main,DBLP,random_matched,0.9165432691574097,0.012547731938527892,5,0.9017198801040649,0.016088211191645514,5,0.8929404939394523,0.01794085594677647,5,0.907862389087677,0.01627474812426221,5,0.8992628812789917,0.017738988902430974,5,0.0,0.0,5,162280.0,0.0,5,5.0,0.0,5,0.0,0.0,5,0.0,0.0,5,0.0,0.0,5,1.2,0.8366600265340756,5,2.4,0.5477225575051661,5,1.4,1.140175425099138,5,DBLP,"APA,APCPA,APTPA,KNN",15,hard,6,300,"42,43,44,45,46","local_uniform_vote,local_reliability_vote,topk_reliability_vote,fixed_ring,fixed_ring_matched,random_regular,random_matched,expander,expander_matched,full_mesh,adaptive_pair,adaptive_complementarity,adaptive_graph_val",15,5,0.001,2,1,0.85,topology_reliability,1.0,0.5,0.0,5,5,active_vote,all_parties,0,cuda,True,2026.0,True,True,results/multimodal_cache_v3,,multimodal,"ATTR,TEXT,STRUCT,HYBRID",64.0,
multimodal_core/dblp_main_mixed,multimodal_core,main,DBLP,random_regular,0.9266667127609253,0.011731627198967143,5,0.9135135054588318,0.012576386273575504,5,0.9058548463175425,0.014126603997878833,5,0.9194103002548217,0.012241943326960181,5,0.9098280072212219,0.01281417217743222,5,0.0,0.0,5,480348.8,14514.76445554664,5,14.8,0.44721359549995804,5,0.0,0.0,5,0.0,0.0,5,0.0,0.0,5,2.4,0.5477225575051662,5,7.0,1.0,5,5.4,0.5477225575051661,5,DBLP,"APA,APCPA,APTPA,KNN",15,hard,6,300,"42,43,44,45,46","local_uniform_vote,local_reliability_vote,topk_reliability_vote,fixed_ring,fixed_ring_matched,random_regular,random_matched,expander,expander_matched,full_mesh,adaptive_pair,adaptive_complementarity,adaptive_graph_val",15,5,0.001,2,1,0.85,topology_reliability,1.0,0.5,0.0,5,5,active_vote,all_parties,0,cuda,True,2026.0,True,True,results/multimodal_cache_v3,,multimodal,"ATTR,TEXT,STRUCT,HYBRID",64.0,
multimodal_core/dblp_main_mixed,multimodal_core,main,DBLP,topk_reliability_vote,0.9308642506599426,0.011969582596830931,5,0.9201474070549012,0.011359482008740797,5,0.9142585473603146,0.013123683030504618,5,0.9255527973175048,0.013248474440393404,5,0.9194103121757508,0.01660977051248376,5,0.0,0.0,5,0.0,0.0,5,0.0,0.0,5,0.0,0.0,5,0.0,0.0,5,0.0,0.0,5,0.0,0.0,5,0.0,0.0,5,0.0,0.0,5,DBLP,"APA,APCPA,APTPA,KNN",15,hard,6,300,"42,43,44,45,46","local_uniform_vote,local_reliability_vote,topk_reliability_vote,fixed_ring,fixed_ring_matched,random_regular,random_matched,expander,expander_matched,full_mesh,adaptive_pair,adaptive_complementarity,adaptive_graph_val",15,5,0.001,2,1,0.85,topology_reliability,1.0,0.5,0.0,5,5,active_vote,all_parties,0,cuda,True,2026.0,True,True,results/multimodal_cache_v3,,multimodal,"ATTR,TEXT,STRUCT,HYBRID",64.0,
multimodal_core/imdb_main_mixed,multimodal_core,main,IMDB,adaptive_complementarity,0.31739573478698724,0.009127335291140588,5,0.3042338669300079,0.01159055452288315,5,0.1935562413611879,0.006282774535967266,5,0.31794353723526003,0.010095754402121198,5,0.2997983813285827,0.008689264562523488,5,0.0,0.0,5,729936.0,22056.574530057926,5,14.8,0.44721359549995815,5,1105875.0,0.0,5,0.0,0.0,5,3.6510691000265068,0.8811221259043327,5,3.0,0.7071067811865476,5,6.0,1.4142135623730951,5,5.8,0.8366600265340756,5,IMDB,"MAM,MDM,KNN",15,hard,6,300,"42,43,44,45,46","local_uniform_vote,local_reliability_vote,topk_reliability_vote,fixed_ring,fixed_ring_matched,random_regular,random_matched,expander,expander_matched,full_mesh,adaptive_pair,adaptive_complementarity,adaptive_graph_val",15,5,0.001,2,1,0.85,topology_reliability,1.0,0.5,0.0,5,5,active_vote,all_parties,0,cuda,True,2026.0,True,True,results/multimodal_cache_v3,,multimodal,"ATTR,TEXT,STRUCT,HYBRID",64.0,
multimodal_core/imdb_main_mixed,multimodal_core,main,IMDB,adaptive_graph_val,0.40040692687034607,0.010289263467627542,5,0.39173386096954343,0.015675317975046326,5,0.25714000582181146,0.01285292012652458,5,0.40463708639144896,0.012172145458474563,5,0.38790321350097656,0.01977194751944538,5,0.0,0.0,5,246600.0,0.0,5,5.0,0.0,5,1105875.0,0.0,5,7503.8,151.37602187929247,5,23.95489897999796,4.747489992903021,5,5.0,0.0,5,0.0,0.0,5,0.0,0.0,5,IMDB,"MAM,MDM,KNN",15,hard,6,300,"42,43,44,45,46","local_uniform_vote,local_reliability_vote,topk_reliability_vote,fixed_ring,fixed_ring_matched,random_regular,random_matched,expander,expander_matched,full_mesh,adaptive_pair,adaptive_complementarity,adaptive_graph_val",15,5,0.001,2,1,0.85,topology_reliability,1.0,0.5,0.0,5,5,active_vote,all_parties,0,cuda,True,2026.0,True,True,results/multimodal_cache_v3,,multimodal,"ATTR,TEXT,STRUCT,HYBRID",64.0,
multimodal_core/imdb_main_mixed,multimodal_core,main,IMDB,adaptive_pair,0.3190234065055847,0.009666968690315851,5,0.3006048262119293,0.011211743345772686,5,0.19302935633245802,0.012139006260042901,5,0.32016128301620483,0.00714943803115208,5,0.29737902283668516,0.009953837598210379,5,0.0,0.0,5,700344.0,22056.574530057926,5,14.2,0.44721359549995804,5,1105875.0,0.0,5,0.0,0.0,5,3.4419743799895515,1.1249938940734436,5,5.2,0.44721359549995804,5,1.6,0.8944271909999159,5,7.4,0.5477225575051662,5,IMDB,"MAM,MDM,KNN",15,hard,6,300,"42,43,44,45,46","local_uniform_vote,local_reliability_vote,topk_reliability_vote,fixed_ring,fixed_ring_matched,random_regular,random_matched,expander,expander_matched,full_mesh,adaptive_pair,adaptive_complementarity,adaptive_graph_val",15,5,0.001,2,1,0.85,topology_reliability,1.0,0.5,0.0,5,5,active_vote,all_parties,0,cuda,True,2026.0,True,True,results/multimodal_cache_v3,,multimodal,"ATTR,TEXT,STRUCT,HYBRID",64.0,
multimodal_core/imdb_main_mixed,multimodal_core,main,IMDB,expander,0.31719226837158204,0.00939001651261663,5,0.3018145143985748,0.01292133060581153,5,0.19061407874757835,0.0057157346929248695,5,0.31794353723526003,0.01168224312383241,5,0.2999999940395355,0.009033295930557265,5,0.0,0.0,5,739800.0,0.0,5,15.0,0.0,5,0.0,0.0,5,0.0,0.0,5,0.0,0.0,5,2.4,0.8944271909999159,5,7.2,1.7888543819998317,5,5.4,0.8944271909999159,5,IMDB,"MAM,MDM,KNN",15,hard,6,300,"42,43,44,45,46","local_uniform_vote,local_reliability_vote,topk_reliability_vote,fixed_ring,fixed_ring_matched,random_regular,random_matched,expander,expander_matched,full_mesh,adaptive_pair,adaptive_complementarity,adaptive_graph_val",15,5,0.001,2,1,0.85,topology_reliability,1.0,0.5,0.0,5,5,active_vote,all_parties,0,cuda,True,2026.0,True,True,results/multimodal_cache_v3,,multimodal,"ATTR,TEXT,STRUCT,HYBRID",64.0,
multimodal_core/imdb_main_mixed,multimodal_core,main,IMDB,expander_matched,0.3051882028579712,0.01079003505825349,5,0.28568547368049624,0.008630588300033232,5,0.13470492126813097,0.04526013969645011,5,0.30141128301620485,0.008759154711143484,5,0.2733870804309845,0.015077220139345074,5,0.0,0.0,5,246600.0,0.0,5,5.0,0.0,5,0.0,0.0,5,0.0,0.0,5,0.0,0.0,5,0.4,0.5477225575051661,5,2.6,1.140175425099138,5,2.0,1.0,5,IMDB,"MAM,MDM,KNN",15,hard,6,300,"42,43,44,45,46","local_uniform_vote,local_reliability_vote,topk_reliability_vote,fixed_ring,fixed_ring_matched,random_regular,random_matched,expander,expander_matched,full_mesh,adaptive_pair,adaptive_complementarity,adaptive_graph_val",15,5,0.001,2,1,0.85,topology_reliability,1.0,0.5,0.0,5,5,active_vote,all_parties,0,cuda,True,2026.0,True,True,results/multimodal_cache_v3,,multimodal,"ATTR,TEXT,STRUCT,HYBRID",64.0,
multimodal_core/imdb_main_mixed,multimodal_core,main,IMDB,fixed_ring,0.31719226837158204,0.00939001651261663,5,0.3018145143985748,0.01292133060581153,5,0.19061407874757835,0.0057157346929248695,5,0.31794353723526003,0.01168224312383241,5,0.2999999940395355,0.009033295930557265,5,0.0,0.0,5,739800.0,0.0,5,15.0,0.0,5,0.0,0.0,5,0.0,0.0,5,0.0,0.0,5,2.4,0.8944271909999159,5,7.2,1.7888543819998317,5,5.4,0.8944271909999159,5,IMDB,"MAM,MDM,KNN",15,hard,6,300,"42,43,44,45,46","local_uniform_vote,local_reliability_vote,topk_reliability_vote,fixed_ring,fixed_ring_matched,random_regular,random_matched,expander,expander_matched,full_mesh,adaptive_pair,adaptive_complementarity,adaptive_graph_val",15,5,0.001,2,1,0.85,topology_reliability,1.0,0.5,0.0,5,5,active_vote,all_parties,0,cuda,True,2026.0,True,True,results/multimodal_cache_v3,,multimodal,"ATTR,TEXT,STRUCT,HYBRID",64.0,
multimodal_core/imdb_main_mixed,multimodal_core,main,IMDB,fixed_ring_matched,0.3102746725082397,0.01320524711160251,5,0.29556450843811033,0.014191882631001363,5,0.16659647166284938,0.05577993122065696,5,0.3098790168762207,0.016059577091271506,5,0.285887086391449,0.00952607639566379,5,0.0,0.0,5,246600.0,0.0,5,5.0,0.0,5,0.0,0.0,5,0.0,0.0,5,0.0,0.0,5,0.8,0.4472135954999579,5,2.0,1.0,5,2.2,0.8366600265340756,5,IMDB,"MAM,MDM,KNN",15,hard,6,300,"42,43,44,45,46","local_uniform_vote,local_reliability_vote,topk_reliability_vote,fixed_ring,fixed_ring_matched,random_regular,random_matched,expander,expander_matched,full_mesh,adaptive_pair,adaptive_complementarity,adaptive_graph_val",15,5,0.001,2,1,0.85,topology_reliability,1.0,0.5,0.0,5,5,active_vote,all_parties,0,cuda,True,2026.0,True,True,results/multimodal_cache_v3,,multimodal,"ATTR,TEXT,STRUCT,HYBRID",64.0,
multimodal_core/imdb_main_mixed,multimodal_core,main,IMDB,full_mesh,0.318209570646286,0.00941752950971069,5,0.3028225779533386,0.014688024099581887,5,0.19152896344217138,0.006951576054215789,5,0.3189516067504883,0.01014594809832367,5,0.30040321946144105,0.00828210082798639,5,0.0,0.0,5,5178600.0,0.0,5,105.0,0.0,5,0.0,0.0,5,0.0,0.0,5,0.0,0.0,5,15.0,0.0,5,54.0,0.0,5,36.0,0.0,5,IMDB,"MAM,MDM,KNN",15,hard,6,300,"42,43,44,45,46","local_uniform_vote,local_reliability_vote,topk_reliability_vote,fixed_ring,fixed_ring_matched,random_regular,random_matched,expander,expander_matched,full_mesh,adaptive_pair,adaptive_complementarity,adaptive_graph_val",15,5,0.001,2,1,0.85,topology_reliability,1.0,0.5,0.0,5,5,active_vote,all_parties,0,cuda,True,2026.0,True,True,results/multimodal_cache_v3,,multimodal,"ATTR,TEXT,STRUCT,HYBRID",64.0,
multimodal_core/imdb_main_mixed,multimodal_core,main,IMDB,local_reliability_vote,0.3180061101913452,0.009613297660902817,5,0.30262096524238585,0.014924804409530654,5,0.19131747309777267,0.007163469105580136,5,0.3189516067504883,0.01014594809832367,5,0.30080644488334657,0.008269822168771692,5,0.0,0.0,5,0.0,0.0,5,0.0,0.0,5,0.0,0.0,5,0.0,0.0,5,0.0,0.0,5,0.0,0.0,5,0.0,0.0,5,0.0,0.0,5,IMDB,"MAM,MDM,KNN",15,hard,6,300,"42,43,44,45,46","local_uniform_vote,local_reliability_vote,topk_reliability_vote,fixed_ring,fixed_ring_matched,random_regular,random_matched,expander,expander_matched,full_mesh,adaptive_pair,adaptive_complementarity,adaptive_graph_val",15,5,0.001,2,1,0.85,topology_reliability,1.0,0.5,0.0,5,5,active_vote,all_parties,0,cuda,True,2026.0,True,True,results/multimodal_cache_v3,,multimodal,"ATTR,TEXT,STRUCT,HYBRID",64.0,
multimodal_core/imdb_main_mixed,multimodal_core,main,IMDB,local_uniform_vote,0.3066124081611633,0.007070010591121634,5,0.29153225421905515,0.011999780719969742,5,0.17495564251711962,0.029974970386086066,5,0.31391127705574035,0.010730091602663389,5,0.2933467626571655,0.007234216938813439,5,0.0,0.0,5,0.0,0.0,5,0.0,0.0,5,0.0,0.0,5,0.0,0.0,5,0.0,0.0,5,0.0,0.0,5,0.0,0.0,5,0.0,0.0,5,IMDB,"MAM,MDM,KNN",15,hard,6,300,"42,43,44,45,46","local_uniform_vote,local_reliability_vote,topk_reliability_vote,fixed_ring,fixed_ring_matched,random_regular,random_matched,expander,expander_matched,full_mesh,adaptive_pair,adaptive_complementarity,adaptive_graph_val",15,5,0.001,2,1,0.85,topology_reliability,1.0,0.5,0.0,5,5,active_vote,all_parties,0,cuda,True,2026.0,True,True,results/multimodal_cache_v3,,multimodal,"ATTR,TEXT,STRUCT,HYBRID",64.0,
multimodal_core/imdb_main_mixed,multimodal_core,main,IMDB,random_matched,0.320854526758194,0.019469954765138756,5,0.3020161211490631,0.019161177532966513,5,0.18456396036875317,0.05533629338135593,5,0.319153219461441,0.02020660347967739,5,0.29798386096954343,0.017526987122602793,5,0.0,0.0,5,246600.0,0.0,5,5.0,0.0,5,0.0,0.0,5,0.0,0.0,5,0.0,0.0,5,1.2,0.8366600265340756,5,2.4,0.5477225575051661,5,1.4,1.140175425099138,5,IMDB,"MAM,MDM,KNN",15,hard,6,300,"42,43,44,45,46","local_uniform_vote,local_reliability_vote,topk_reliability_vote,fixed_ring,fixed_ring_matched,random_regular,random_matched,expander,expander_matched,full_mesh,adaptive_pair,adaptive_complementarity,adaptive_graph_val",15,5,0.001,2,1,0.85,topology_reliability,1.0,0.5,0.0,5,5,active_vote,all_parties,0,cuda,True,2026.0,True,True,results/multimodal_cache_v3,,multimodal,"ATTR,TEXT,STRUCT,HYBRID",64.0,
multimodal_core/imdb_main_mixed,multimodal_core,main,IMDB,random_regular,0.3180061042308807,0.01031436953102788,5,0.3038306415081024,0.01260282637188262,5,0.19353854442625007,0.004706341583351767,5,0.3189516007900238,0.01114811705447745,5,0.29939514994621275,0.007234224206313726,5,0.0,0.0,5,729936.0,22056.574530057926,5,14.8,0.44721359549995804,5,0.0,0.0,5,0.0,0.0,5,0.0,0.0,5,2.4,0.5477225575051662,5,7.0,1.0,5,5.4,0.5477225575051661,5,IMDB,"MAM,MDM,KNN",15,hard,6,300,"42,43,44,45,46","local_uniform_vote,local_reliability_vote,topk_reliability_vote,fixed_ring,fixed_ring_matched,random_regular,random_matched,expander,expander_matched,full_mesh,adaptive_pair,adaptive_complementarity,adaptive_graph_val",15,5,0.001,2,1,0.85,topology_reliability,1.0,0.5,0.0,5,5,active_vote,all_parties,0,cuda,True,2026.0,True,True,results/multimodal_cache_v3,,multimodal,"ATTR,TEXT,STRUCT,HYBRID",64.0,
multimodal_core/imdb_main_mixed,multimodal_core,main,IMDB,topk_reliability_vote,0.404069185256958,0.010309362972996882,5,0.4004032135009766,0.009304828525512936,5,0.26586131124493895,0.007375713838514193,5,0.40866934657096865,0.006279201049426283,5,0.39254030585289,0.013740780677439883,5,0.0,0.0,5,0.0,0.0,5,0.0,0.0,5,0.0,0.0,5,0.0,0.0,5,0.0,0.0,5,0.0,0.0,5,0.0,0.0,5,0.0,0.0,5,IMDB,"MAM,MDM,KNN",15,hard,6,300,"42,43,44,45,46","local_uniform_vote,local_reliability_vote,topk_reliability_vote,fixed_ring,fixed_ring_matched,random_regular,random_matched,expander,expander_matched,full_mesh,adaptive_pair,adaptive_complementarity,adaptive_graph_val",15,5,0.001,2,1,0.85,topology_reliability,1.0,0.5,0.0,5,5,active_vote,all_parties,0,cuda,True,2026.0,True,True,results/multimodal_cache_v3,,multimodal,"ATTR,TEXT,STRUCT,HYBRID",64.0,
noise_ratio/acm_useful3,noise_ratio,useful_3,ACM,adaptive_graph_val,0.8877483487129212,0.01661412986322092,5,0.8566721320152283,0.012383270069308271,5,0.85660312865358,0.012342979892214237,5,0.869522213935852,0.012350367197582686,5,0.8566721320152283,0.01333311779648518,5,0.0,0.0,5,90750.0,0.0,5,5.0,0.0,5,407700.0,0.0,5,7493.8,57.14630346750357,5,40.81049161998671,4.376523660146543,5,2.0,0.0,5,2.0,0.0,5,1.0,0.0,5,ACM,"PAP,PSP,KNN",15,hard,3,300,"42,43,44,45,46","local_uniform_vote,local_reliability_vote,fixed_ring,full_mesh,adaptive_graph_val",15,5,0.001,2,1,0.85,topology_reliability,1.0,0.5,0.0,5,5,active_vote,all_parties,0,cuda,,,,,,,,,,
noise_ratio/acm_useful3,noise_ratio,useful_3,ACM,fixed_ring,0.7867549657821655,0.014213372551112257,5,0.7733113527297973,0.0066512935109310735,5,0.7728298604595797,0.0062847494307543645,5,0.7897858142852783,0.004135061117191662,5,0.7716639041900635,0.007047545557828729,5,0.0,0.0,5,272250.0,0.0,5,15.0,0.0,5,0.0,0.0,5,0.0,0.0,5,0.0,0.0,5,2.0,0.0,5,2.0,0.0,5,11.0,0.0,5,ACM,"PAP,PSP,KNN",15,hard,3,300,"42,43,44,45,46","local_uniform_vote,local_reliability_vote,fixed_ring,full_mesh,adaptive_graph_val",15,5,0.001,2,1,0.85,topology_reliability,1.0,0.5,0.0,5,5,active_vote,all_parties,0,cuda,,,,,,,,,,
noise_ratio/acm_useful3,noise_ratio,useful_3,ACM,full_mesh,0.7917218565940857,0.015056222150920924,5,0.7749587893486023,0.011330293390323105,5,0.7742609468937699,0.011362235064632662,5,0.7911037802696228,0.005388940933875923,5,0.7766062378883362,0.008204217032404369,5,0.0,0.0,5,1905750.0,0.0,5,105.0,0.0,5,0.0,0.0,5,0.0,0.0,5,0.0,0.0,5,3.0,0.0,5,36.0,0.0,5,66.0,0.0,5,ACM,"PAP,PSP,KNN",15,hard,3,300,"42,43,44,45,46","local_uniform_vote,local_reliability_vote,fixed_ring,full_mesh,adaptive_graph_val",15,5,0.001,2,1,0.85,topology_reliability,1.0,0.5,0.0,5,5,active_vote,all_parties,0,cuda,,,,,,,,,,
noise_ratio/acm_useful3,noise_ratio,useful_3,ACM,local_reliability_vote,0.793708598613739,0.014028954007422087,5,0.7759472727775574,0.006891761008677369,5,0.7755020004410998,0.007212832728177213,5,0.7934101939201355,0.005777821486544794,5,0.777265214920044,0.00956370957368729,5,0.0,0.0,5,0.0,0.0,5,0.0,0.0,5,0.0,0.0,5,0.0,0.0,5,0.0,0.0,5,0.0,0.0,5,0.0,0.0,5,0.0,0.0,5,ACM,"PAP,PSP,KNN",15,hard,3,300,"42,43,44,45,46","local_uniform_vote,local_reliability_vote,fixed_ring,full_mesh,adaptive_graph_val",15,5,0.001,2,1,0.85,topology_reliability,1.0,0.5,0.0,5,5,active_vote,all_parties,0,cuda,,,,,,,,,,
noise_ratio/acm_useful3,noise_ratio,useful_3,ACM,local_uniform_vote,0.612582778930664,0.01600916102080651,5,0.5960461139678955,0.009348445872518566,5,0.5942125830479158,0.009590726874221687,5,0.6151564955711365,0.009718519526405817,5,0.5894563317298889,0.010952729528922676,5,0.0,0.0,5,0.0,0.0,5,0.0,0.0,5,0.0,0.0,5,0.0,0.0,5,0.0,0.0,5,0.0,0.0,5,0.0,0.0,5,0.0,0.0,5,ACM,"PAP,PSP,KNN",15,hard,3,300,"42,43,44,45,46","local_uniform_vote,local_reliability_vote,fixed_ring,full_mesh,adaptive_graph_val",15,5,0.001,2,1,0.85,topology_reliability,1.0,0.5,0.0,5,5,active_vote,all_parties,0,cuda,,,,,,,,,,
noise_ratio/acm_useful4,noise_ratio,useful_4,ACM,adaptive_graph_val,0.9182119250297547,0.006476038486516928,5,0.8879736065864563,0.012106207460527558,5,0.8884051070077017,0.01245274983975033,5,0.9060955286026001,0.005824605955852645,5,0.8922569751739502,0.008528614889926836,5,0.0,0.0,5,94380.0,8116.926758324236,5,5.2,0.44721359549995787,5,407700.0,0.0,5,7668.8,67.42180656137904,5,33.131843079952525,2.6798696481375948,5,2.4,0.5477225575051661,5,2.4,1.140175425099138,5,0.4,0.5477225575051662,5,ACM,"PAP,PSP,KNN",15,hard,4,300,"42,43,44,45,46","local_uniform_vote,local_reliability_vote,fixed_ring,full_mesh,adaptive_graph_val",15,5,0.001,2,1,0.85,topology_reliability,1.0,0.5,0.0,5,5,active_vote,all_parties,0,cuda,,,,,,,,,,
noise_ratio/acm_useful4,noise_ratio,useful_4,ACM,fixed_ring,0.8642384052276612,0.016679995239077292,5,0.8421746134757996,0.015251126908964843,5,0.8423473250093082,0.016781620077074122,5,0.8527182579040528,0.009216878996777937,5,0.8471169471740723,0.017605335887493207,5,0.0,0.0,5,272250.0,0.0,5,15.0,0.0,5,0.0,0.0,5,0.0,0.0,5,0.0,0.0,5,3.0,0.0,5,2.0,0.0,5,10.0,0.0,5,ACM,"PAP,PSP,KNN",15,hard,4,300,"42,43,44,45,46","local_uniform_vote,local_reliability_vote,fixed_ring,full_mesh,adaptive_graph_val",15,5,0.001,2,1,0.85,topology_reliability,1.0,0.5,0.0,5,5,active_vote,all_parties,0,cuda,,,,,,,,,,
noise_ratio/acm_useful4,noise_ratio,useful_4,ACM,full_mesh,0.8658940315246582,0.015219192955606205,5,0.8454695105552673,0.010248671565212452,5,0.8453805665656644,0.011125676982820425,5,0.8566721320152283,0.005586771571004067,5,0.8484349250793457,0.009606181429011044,5,0.0,0.0,5,1905750.0,0.0,5,105.0,0.0,5,0.0,0.0,5,0.0,0.0,5,0.0,0.0,5,6.0,0.0,5,44.0,0.0,5,55.0,0.0,5,ACM,"PAP,PSP,KNN",15,hard,4,300,"42,43,44,45,46","local_uniform_vote,local_reliability_vote,fixed_ring,full_mesh,adaptive_graph_val",15,5,0.001,2,1,0.85,topology_reliability,1.0,0.5,0.0,5,5,active_vote,all_parties,0,cuda,,,,,,,,,,
noise_ratio/acm_useful4,noise_ratio,useful_4,ACM,local_reliability_vote,0.86721853017807,0.014780614656541315,5,0.8461284756660461,0.008993327227188883,5,0.8466073116178654,0.008043579257678419,5,0.8593080520629883,0.0041350611171916685,5,0.8537067413330078,0.006208063041306292,5,0.0,0.0,5,0.0,0.0,5,0.0,0.0,5,0.0,0.0,5,0.0,0.0,5,0.0,0.0,5,0.0,0.0,5,0.0,0.0,5,0.0,0.0,5,ACM,"PAP,PSP,KNN",15,hard,4,300,"42,43,44,45,46","local_uniform_vote,local_reliability_vote,fixed_ring,full_mesh,adaptive_graph_val",15,5,0.001,2,1,0.85,topology_reliability,1.0,0.5,0.0,5,5,active_vote,all_parties,0,cuda,,,,,,,,,,
noise_ratio/acm_useful4,noise_ratio,useful_4,ACM,local_uniform_vote,0.6983443617820739,0.015282097772750818,5,0.676441490650177,0.015436847018417245,5,0.6767502519159261,0.01596891267143987,5,0.6909390330314636,0.01912741863395398,5,0.6764415025711059,0.011684109181956242,5,0.0,0.0,5,0.0,0.0,5,0.0,0.0,5,0.0,0.0,5,0.0,0.0,5,0.0,0.0,5,0.0,0.0,5,0.0,0.0,5,0.0,0.0,5,ACM,"PAP,PSP,KNN",15,hard,4,300,"42,43,44,45,46","local_uniform_vote,local_reliability_vote,fixed_ring,full_mesh,adaptive_graph_val",15,5,0.001,2,1,0.85,topology_reliability,1.0,0.5,0.0,5,5,active_vote,all_parties,0,cuda,,,,,,,,,,
noise_ratio/acm_useful6,noise_ratio,useful_6,ACM,adaptive_graph_val,0.9195364236831665,0.011973301280604238,5,0.8929159641265869,0.01276105650775211,5,0.8931620527113304,0.013167197547825851,5,0.9024711489677429,0.010048070779694161,5,0.8906095266342163,0.013210407819804941,5,0.0,0.0,5,101640.0,9941.164418718765,5,5.6,0.5477225575051662,5,407700.0,0.0,5,7981.4,179.20881674739104,5,34.33528195999679,1.0365795996607092,5,4.2,0.44721359549995804,5,1.0,0.7071067811865476,5,0.4,0.894427190999916,5,ACM,"PAP,PSP,KNN",15,hard,6,300,"42,43,44,45,46","local_uniform_vote,local_reliability_vote,fixed_ring,full_mesh,adaptive_graph_val",15,5,0.001,2,1,0.85,topology_reliability,1.0,0.5,0.0,5,5,active_vote,all_parties,0,cuda,,,,,,,,,,
noise_ratio/acm_useful6,noise_ratio,useful_6,ACM,fixed_ring,0.8771523118019104,0.016111578362773448,5,0.8523887753486633,0.0018783787708817508,5,0.8521615207055546,0.0020418814940131366,5,0.8639209032058716,0.004451157974512696,5,0.8527182817459107,0.007779710886014816,5,0.0,0.0,5,272250.0,0.0,5,15.0,0.0,5,0.0,0.0,5,0.0,0.0,5,0.0,0.0,5,5.0,0.0,5,2.0,0.0,5,8.0,0.0,5,ACM,"PAP,PSP,KNN",15,hard,6,300,"42,43,44,45,46","local_uniform_vote,local_reliability_vote,fixed_ring,full_mesh,adaptive_graph_val",15,5,0.001,2,1,0.85,topology_reliability,1.0,0.5,0.0,5,5,active_vote,all_parties,0,cuda,,,,,,,,,,
noise_ratio/acm_useful6,noise_ratio,useful_6,ACM,full_mesh,0.8794702053070068,0.016196421688499635,5,0.8576606035232544,0.004601078068982147,5,0.8576758966009372,0.004684086068716642,5,0.8649093627929687,0.0042001709296409,5,0.8533772349357605,0.011532121471003349,5,0.0,0.0,5,1905750.0,0.0,5,105.0,0.0,5,0.0,0.0,5,0.0,0.0,5,0.0,0.0,5,15.0,0.0,5,54.0,0.0,5,36.0,0.0,5,ACM,"PAP,PSP,KNN",15,hard,6,300,"42,43,44,45,46","local_uniform_vote,local_reliability_vote,fixed_ring,full_mesh,adaptive_graph_val",15,5,0.001,2,1,0.85,topology_reliability,1.0,0.5,0.0,5,5,active_vote,all_parties,0,cuda,,,,,,,,,,
noise_ratio/acm_useful6,noise_ratio,useful_6,ACM,local_reliability_vote,0.8791390776634216,0.01596630868506241,5,0.8517297983169556,0.0058245975264707515,5,0.851370225722601,0.005826417244010653,5,0.866886305809021,0.007404332165112962,5,0.8523887872695923,0.011508566826802803,5,0.0,0.0,5,0.0,0.0,5,0.0,0.0,5,0.0,0.0,5,0.0,0.0,5,0.0,0.0,5,0.0,0.0,5,0.0,0.0,5,0.0,0.0,5,ACM,"PAP,PSP,KNN",15,hard,6,300,"42,43,44,45,46","local_uniform_vote,local_reliability_vote,fixed_ring,full_mesh,adaptive_graph_val",15,5,0.001,2,1,0.85,topology_reliability,1.0,0.5,0.0,5,5,active_vote,all_parties,0,cuda,,,,,,,,,,
noise_ratio/acm_useful6,noise_ratio,useful_6,ACM,local_uniform_vote,0.7301324486732483,0.0330918879567686,5,0.7084019660949707,0.013734223223601275,5,0.7085027179913442,0.014009278425238149,5,0.7314662098884582,0.014872699862567564,5,0.7136737823486328,0.010380207958989102,5,0.0,0.0,5,0.0,0.0,5,0.0,0.0,5,0.0,0.0,5,0.0,0.0,5,0.0,0.0,5,0.0,0.0,5,0.0,0.0,5,0.0,0.0,5,ACM,"PAP,PSP,KNN",15,hard,6,300,"42,43,44,45,46","local_uniform_vote,local_reliability_vote,fixed_ring,full_mesh,adaptive_graph_val",15,5,0.001,2,1,0.85,topology_reliability,1.0,0.5,0.0,5,5,active_vote,all_parties,0,cuda,,,,,,,,,,
noise_ratio/acm_useful9,noise_ratio,useful_9,ACM,adaptive_graph_val,0.9198675632476807,0.011624823862327893,5,0.8971993088722229,0.007330666074982415,5,0.8973576991663155,0.007884020902921668,5,0.9054365396499634,0.010393282935987357,5,0.8998352289199829,0.010890603325242016,5,0.0,0.0,5,94380.0,8116.926758324236,5,5.2,0.44721359549995787,5,407700.0,0.0,5,8039.8,140.9067067246979,5,32.1953861800197,1.2538964154037417,5,4.4,0.894427190999916,5,0.8,0.4472135954999579,5,0.0,0.0,5,ACM,"PAP,PSP,KNN",15,hard,9,300,"42,43,44,45,46","local_uniform_vote,local_reliability_vote,fixed_ring,full_mesh,adaptive_graph_val",15,5,0.001,2,1,0.85,topology_reliability,1.0,0.5,0.0,5,5,active_vote,all_parties,0,cuda,,,,,,,,,,
noise_ratio/acm_useful9,noise_ratio,useful_9,ACM,fixed_ring,0.8854304671287536,0.01295206325858259,5,0.8741350769996643,0.008841120180421784,5,0.8743010631957533,0.008704265657878954,5,0.885996687412262,0.007404354047188562,5,0.8774299502372742,0.008286510116978788,5,0.0,0.0,5,272250.0,0.0,5,15.0,0.0,5,0.0,0.0,5,0.0,0.0,5,0.0,0.0,5,8.0,0.0,5,2.0,0.0,5,5.0,0.0,5,ACM,"PAP,PSP,KNN",15,hard,9,300,"42,43,44,45,46","local_uniform_vote,local_reliability_vote,fixed_ring,full_mesh,adaptive_graph_val",15,5,0.001,2,1,0.85,topology_reliability,1.0,0.5,0.0,5,5,active_vote,all_parties,0,cuda,,,,,,,,,,
noise_ratio/acm_useful9,noise_ratio,useful_9,ACM,full_mesh,0.8854304671287536,0.012132497971280416,5,0.8741350769996643,0.011088185428023908,5,0.8745040225239805,0.011021329199488939,5,0.8856671810150146,0.007422657605075268,5,0.876441502571106,0.007085932320654306,5,0.0,0.0,5,1905750.0,0.0,5,105.0,0.0,5,0.0,0.0,5,0.0,0.0,5,0.0,0.0,5,36.0,0.0,5,54.0,0.0,5,15.0,0.0,5,ACM,"PAP,PSP,KNN",15,hard,9,300,"42,43,44,45,46","local_uniform_vote,local_reliability_vote,fixed_ring,full_mesh,adaptive_graph_val",15,5,0.001,2,1,0.85,topology_reliability,1.0,0.5,0.0,5,5,active_vote,all_parties,0,cuda,,,,,,,,,,
noise_ratio/acm_useful9,noise_ratio,useful_9,ACM,local_reliability_vote,0.8867549777030945,0.013172405368189017,5,0.8767709732055664,0.0051309518058961215,5,0.8773575141276879,0.004936869018391249,5,0.8873146414756775,0.005537949000448445,5,0.8761120080947876,0.006832436531976506,5,0.0,0.0,5,0.0,0.0,5,0.0,0.0,5,0.0,0.0,5,0.0,0.0,5,0.0,0.0,5,0.0,0.0,5,0.0,0.0,5,0.0,0.0,5,ACM,"PAP,PSP,KNN",15,hard,9,300,"42,43,44,45,46","local_uniform_vote,local_reliability_vote,fixed_ring,full_mesh,adaptive_graph_val",15,5,0.001,2,1,0.85,topology_reliability,1.0,0.5,0.0,5,5,active_vote,all_parties,0,cuda,,,,,,,,,,
noise_ratio/acm_useful9,noise_ratio,useful_9,ACM,local_uniform_vote,0.7708609342575073,0.01922241697759175,5,0.7700164556503296,0.012898576759521252,5,0.7703910312207253,0.01234937709267375,5,0.785172963142395,0.018877469114793793,5,0.7696869730949402,0.01824878834207175,5,0.0,0.0,5,0.0,0.0,5,0.0,0.0,5,0.0,0.0,5,0.0,0.0,5,0.0,0.0,5,0.0,0.0,5,0.0,0.0,5,0.0,0.0,5,ACM,"PAP,PSP,KNN",15,hard,9,300,"42,43,44,45,46","local_uniform_vote,local_reliability_vote,fixed_ring,full_mesh,adaptive_graph_val",15,5,0.001,2,1,0.85,topology_reliability,1.0,0.5,0.0,5,5,active_vote,all_parties,0,cuda,,,,,,,,,,
noise_ratio/dblp_useful3,noise_ratio,useful_3,DBLP,adaptive_graph_val,0.9128395557403565,0.010014481212829173,5,0.8941031694412231,0.009331761335313231,5,0.8856309406758267,0.01107045336343375,5,0.9051596879959106,0.008440073684451039,5,0.8953316688537598,0.009766378217138345,5,0.0,0.0,5,162280.0,0.0,5,5.0,0.0,5,729000.0,0.0,5,7755.4,106.8400673904693,5,23.824781460029772,2.7720803768433147,5,0.8,0.4472135954999579,5,2.4,1.1401754250991378,5,1.8,0.8366600265340756,5,DBLP,"APA,APCPA,APTPA,KNN",15,hard,3,300,"42,43,44,45,46","local_uniform_vote,local_reliability_vote,fixed_ring,full_mesh,adaptive_graph_val",15,5,0.001,2,1,0.85,topology_reliability,1.0,0.5,0.0,5,5,active_vote,all_parties,0,cuda,,,,,,,,,,
noise_ratio/dblp_useful3,noise_ratio,useful_3,DBLP,fixed_ring,0.8782716512680053,0.011402212863976394,5,0.871990156173706,0.014363488577187911,5,0.8569438107540523,0.019594870965732796,5,0.8783783555030823,0.009673228430151401,5,0.8609336495399476,0.014597973171401305,5,0.0,0.0,5,486840.0,0.0,5,15.0,0.0,5,0.0,0.0,5,0.0,0.0,5,0.0,0.0,5,2.0,0.0,5,2.0,0.0,5,11.0,0.0,5,DBLP,"APA,APCPA,APTPA,KNN",15,hard,3,300,"42,43,44,45,46","local_uniform_vote,local_reliability_vote,fixed_ring,full_mesh,adaptive_graph_val",15,5,0.001,2,1,0.85,topology_reliability,1.0,0.5,0.0,5,5,active_vote,all_parties,0,cuda,,,,,,,,,,
noise_ratio/dblp_useful3,noise_ratio,useful_3,DBLP,full_mesh,0.881234610080719,0.007778763585012408,5,0.8712530612945557,0.009209650401169422,5,0.8564333627140062,0.012546105175166149,5,0.8781326651573181,0.008440097109077904,5,0.8628992438316345,0.01516091494098839,5,0.0,0.0,5,3407880.0,0.0,5,105.0,0.0,5,0.0,0.0,5,0.0,0.0,5,0.0,0.0,5,3.0,0.0,5,36.0,0.0,5,66.0,0.0,5,DBLP,"APA,APCPA,APTPA,KNN",15,hard,3,300,"42,43,44,45,46","local_uniform_vote,local_reliability_vote,fixed_ring,full_mesh,adaptive_graph_val",15,5,0.001,2,1,0.85,topology_reliability,1.0,0.5,0.0,5,5,active_vote,all_parties,0,cuda,,,,,,,,,,
noise_ratio/dblp_useful3,noise_ratio,useful_3,DBLP,local_reliability_vote,0.8839506506919861,0.009279813788298955,5,0.8773955583572388,0.011372749794394003,5,0.8639754501472481,0.01678059845087179,5,0.8823095679283142,0.009649783414564513,5,0.868058955669403,0.012455833774201367,5,0.0,0.0,5,0.0,0.0,5,0.0,0.0,5,0.0,0.0,5,0.0,0.0,5,0.0,0.0,5,0.0,0.0,5,0.0,0.0,5,0.0,0.0,5,DBLP,"APA,APCPA,APTPA,KNN",15,hard,3,300,"42,43,44,45,46","local_uniform_vote,local_reliability_vote,fixed_ring,full_mesh,adaptive_graph_val",15,5,0.001,2,1,0.85,topology_reliability,1.0,0.5,0.0,5,5,active_vote,all_parties,0,cuda,,,,,,,,,,
noise_ratio/dblp_useful3,noise_ratio,useful_3,DBLP,local_uniform_vote,0.6501234889030456,0.013285226414664765,5,0.6449631214141845,0.026633282095520506,5,0.559676121606824,0.029217266129902164,5,0.6574938416481018,0.016987100421091948,5,0.6162161946296691,0.016288651547845163,5,0.0,0.0,5,0.0,0.0,5,0.0,0.0,5,0.0,0.0,5,0.0,0.0,5,0.0,0.0,5,0.0,0.0,5,0.0,0.0,5,0.0,0.0,5,DBLP,"APA,APCPA,APTPA,KNN",15,hard,3,300,"42,43,44,45,46","local_uniform_vote,local_reliability_vote,fixed_ring,full_mesh,adaptive_graph_val",15,5,0.001,2,1,0.85,topology_reliability,1.0,0.5,0.0,5,5,active_vote,all_parties,0,cuda,,,,,,,,,,
noise_ratio/dblp_useful4,noise_ratio,useful_4,DBLP,adaptive_graph_val,0.9259259700775146,0.0078080883341066915,5,0.9113021969795227,0.011104202129643205,5,0.9050038870109359,0.012854520715267336,5,0.919901704788208,0.009727675084950505,5,0.9113021969795227,0.012570396781126982,5,0.0,0.0,5,175262.4,17776.883326387673,5,5.4,0.5477225575051661,5,729000.0,0.0,5,7822.8,87.88458340346163,5,24.114404279983138,0.7807841080712518,5,1.4,0.5477225575051661,5,1.6,0.5477225575051661,5,2.4,0.8944271909999159,5,DBLP,"APA,APCPA,APTPA,KNN",15,hard,4,300,"42,43,44,45,46","local_uniform_vote,local_reliability_vote,fixed_ring,full_mesh,adaptive_graph_val",15,5,0.001,2,1,0.85,topology_reliability,1.0,0.5,0.0,5,5,active_vote,all_parties,0,cuda,,,,,,,,,,
noise_ratio/dblp_useful4,noise_ratio,useful_4,DBLP,fixed_ring,0.8896296739578247,0.008490727492282668,5,0.887714958190918,0.016125693927655414,5,0.8750441110136249,0.020683164267042448,5,0.8933660626411438,0.013635808025635415,5,0.8769041538238526,0.015573401731738743,5,0.0,0.0,5,486840.0,0.0,5,15.0,0.0,5,0.0,0.0,5,0.0,0.0,5,0.0,0.0,5,3.0,0.0,5,2.0,0.0,5,10.0,0.0,5,DBLP,"APA,APCPA,APTPA,KNN",15,hard,4,300,"42,43,44,45,46","local_uniform_vote,local_reliability_vote,fixed_ring,full_mesh,adaptive_graph_val",15,5,0.001,2,1,0.85,topology_reliability,1.0,0.5,0.0,5,5,active_vote,all_parties,0,cuda,,,,,,,,,,
noise_ratio/dblp_useful4,noise_ratio,useful_4,DBLP,full_mesh,0.8935802817344666,0.006950941694971265,5,0.8936117768287659,0.01656427944524539,5,0.8828157747219423,0.019385338374594385,5,0.8960687756538391,0.014808420831250916,5,0.8805896520614624,0.016605226661136768,5,0.0,0.0,5,3407880.0,0.0,5,105.0,0.0,5,0.0,0.0,5,0.0,0.0,5,0.0,0.0,5,6.0,0.0,5,44.0,0.0,5,55.0,0.0,5,DBLP,"APA,APCPA,APTPA,KNN",15,hard,4,300,"42,43,44,45,46","local_uniform_vote,local_reliability_vote,fixed_ring,full_mesh,adaptive_graph_val",15,5,0.001,2,1,0.85,topology_reliability,1.0,0.5,0.0,5,5,active_vote,all_parties,0,cuda,,,,,,,,,,
noise_ratio/dblp_useful4,noise_ratio,useful_4,DBLP,local_reliability_vote,0.8948148488998413,0.008436713683354882,5,0.8904176712036133,0.01382813597575283,5,0.8789480629921782,0.01726857434350955,5,0.8965601682662964,0.012080594525141434,5,0.8800982594490051,0.017559406532736983,5,0.0,0.0,5,0.0,0.0,5,0.0,0.0,5,0.0,0.0,5,0.0,0.0,5,0.0,0.0,5,0.0,0.0,5,0.0,0.0,5,0.0,0.0,5,DBLP,"APA,APCPA,APTPA,KNN",15,hard,4,300,"42,43,44,45,46","local_uniform_vote,local_reliability_vote,fixed_ring,full_mesh,adaptive_graph_val",15,5,0.001,2,1,0.85,topology_reliability,1.0,0.5,0.0,5,5,active_vote,all_parties,0,cuda,,,,,,,,,,
noise_ratio/dblp_useful4,noise_ratio,useful_4,DBLP,local_uniform_vote,0.7330864548683167,0.013279506127295117,5,0.7309582114219666,0.011719154355687015,5,0.671984203716365,0.018160612852748843,5,0.7439803361892701,0.01545665967908063,5,0.7226044058799743,0.022808464538714893,5,0.0,0.0,5,0.0,0.0,5,0.0,0.0,5,0.0,0.0,5,0.0,0.0,5,0.0,0.0,5,0.0,0.0,5,0.0,0.0,5,0.0,0.0,5,DBLP,"APA,APCPA,APTPA,KNN",15,hard,4,300,"42,43,44,45,46","local_uniform_vote,local_reliability_vote,fixed_ring,full_mesh,adaptive_graph_val",15,5,0.001,2,1,0.85,topology_reliability,1.0,0.5,0.0,5,5,active_vote,all_parties,0,cuda,,,,,,,,,,
noise_ratio/dblp_useful6,noise_ratio,useful_6,DBLP,adaptive_graph_val,0.9301234960556031,0.009345278752642287,5,0.9211302042007447,0.012111792734981353,5,0.9157025991379648,0.012893648418557455,5,0.9243242979049683,0.01211804636503027,5,0.9095822930335998,0.010040681418393243,5,0.0,0.0,5,162280.0,0.0,5,5.0,0.0,5,729000.0,0.0,5,7913.2,142.58927028356655,5,23.879680700029713,0.7805884635032937,5,2.0,0.0,5,1.8,0.8366600265340756,5,1.2,0.8366600265340756,5,DBLP,"APA,APCPA,APTPA,KNN",15,hard,6,300,"42,43,44,45,46","local_uniform_vote,local_reliability_vote,fixed_ring,full_mesh,adaptive_graph_val",15,5,0.001,2,1,0.85,topology_reliability,1.0,0.5,0.0,5,5,active_vote,all_parties,0,cuda,,,,,,,,,,
noise_ratio/dblp_useful6,noise_ratio,useful_6,DBLP,fixed_ring,0.9128395557403565,0.0065093539849504145,5,0.9088451862335205,0.011205651396507591,5,0.8997209060971022,0.014216969565927596,5,0.9132678031921386,0.00969658542034822,5,0.9056510925292969,0.011070146477221704,5,0.0,0.0,5,486840.0,0.0,5,15.0,0.0,5,0.0,0.0,5,0.0,0.0,5,0.0,0.0,5,5.0,0.0,5,2.0,0.0,5,8.0,0.0,5,DBLP,"APA,APCPA,APTPA,KNN",15,hard,6,300,"42,43,44,45,46","local_uniform_vote,local_reliability_vote,fixed_ring,full_mesh,adaptive_graph_val",15,5,0.001,2,1,0.85,topology_reliability,1.0,0.5,0.0,5,5,active_vote,all_parties,0,cuda,,,,,,,,,,
noise_ratio/dblp_useful6,noise_ratio,useful_6,DBLP,full_mesh,0.9143210411071777,0.007124214345163771,5,0.91179358959198,0.014310841714111261,5,0.9029020982380154,0.017527221263553164,5,0.9142506003379822,0.011986529493208378,5,0.9068795919418335,0.010402435403877388,5,0.0,0.0,5,3407880.0,0.0,5,105.0,0.0,5,0.0,0.0,5,0.0,0.0,5,0.0,0.0,5,15.0,0.0,5,54.0,0.0,5,36.0,0.0,5,DBLP,"APA,APCPA,APTPA,KNN",15,hard,6,300,"42,43,44,45,46","local_uniform_vote,local_reliability_vote,fixed_ring,full_mesh,adaptive_graph_val",15,5,0.001,2,1,0.85,topology_reliability,1.0,0.5,0.0,5,5,active_vote,all_parties,0,cuda,,,,,,,,,,
noise_ratio/dblp_useful6,noise_ratio,useful_6,DBLP,local_reliability_vote,0.915308678150177,0.006906971671996318,5,0.9103193879127502,0.012618313198117863,5,0.902073462378935,0.015773342806489753,5,0.9140048861503601,0.011589645333084979,5,0.9090908885002136,0.012285007536418402,5,0.0,0.0,5,0.0,0.0,5,0.0,0.0,5,0.0,0.0,5,0.0,0.0,5,0.0,0.0,5,0.0,0.0,5,0.0,0.0,5,0.0,0.0,5,DBLP,"APA,APCPA,APTPA,KNN",15,hard,6,300,"42,43,44,45,46","local_uniform_vote,local_reliability_vote,fixed_ring,full_mesh,adaptive_graph_val",15,5,0.001,2,1,0.85,topology_reliability,1.0,0.5,0.0,5,5,active_vote,all_parties,0,cuda,,,,,,,,,,
noise_ratio/dblp_useful6,noise_ratio,useful_6,DBLP,local_uniform_vote,0.8528395533561707,0.0035352733847932275,5,0.8442260146141052,0.009957692827918202,5,0.8166700033737129,0.015592195759760862,5,0.8486486196517944,0.011955027058822369,5,0.8383292198181153,0.011770558360326503,5,0.0,0.0,5,0.0,0.0,5,0.0,0.0,5,0.0,0.0,5,0.0,0.0,5,0.0,0.0,5,0.0,0.0,5,0.0,0.0,5,0.0,0.0,5,DBLP,"APA,APCPA,APTPA,KNN",15,hard,6,300,"42,43,44,45,46","local_uniform_vote,local_reliability_vote,fixed_ring,full_mesh,adaptive_graph_val",15,5,0.001,2,1,0.85,topology_reliability,1.0,0.5,0.0,5,5,active_vote,all_parties,0,cuda,,,,,,,,,,
noise_ratio/dblp_useful9,noise_ratio,useful_9,DBLP,adaptive_graph_val,0.9360494256019593,0.0067280961850525465,5,0.9196560025215149,0.010373379884487742,5,0.9139181635721286,0.012280506359655297,5,0.9262899160385132,0.009634130574614149,5,0.9196560025215149,0.010152800754644834,5,0.0,0.0,5,168771.2,14514.764455546634,5,5.2,0.44721359549995787,5,729000.0,0.0,5,8047.6,213.01713546097653,5,25.310669500008224,1.6149862417077558,5,3.6,0.5477225575051661,5,1.6,0.5477225575051662,5,0.0,0.0,5,DBLP,"APA,APCPA,APTPA,KNN",15,hard,9,300,"42,43,44,45,46","local_uniform_vote,local_reliability_vote,fixed_ring,full_mesh,adaptive_graph_val",15,5,0.001,2,1,0.85,topology_reliability,1.0,0.5,0.0,5,5,active_vote,all_parties,0,cuda,,,,,,,,,,
noise_ratio/dblp_useful9,noise_ratio,useful_9,DBLP,fixed_ring,0.9217284321784973,0.008263304156837577,5,0.9162161946296692,0.0118281238568108,5,0.9087376870602479,0.014816193913068109,5,0.9206388115882873,0.010078198208612176,5,0.912039291858673,0.009052631713520321,5,0.0,0.0,5,486840.0,0.0,5,15.0,0.0,5,0.0,0.0,5,0.0,0.0,5,0.0,0.0,5,8.0,0.0,5,2.0,0.0,5,5.0,0.0,5,DBLP,"APA,APCPA,APTPA,KNN",15,hard,9,300,"42,43,44,45,46","local_uniform_vote,local_reliability_vote,fixed_ring,full_mesh,adaptive_graph_val",15,5,0.001,2,1,0.85,topology_reliability,1.0,0.5,0.0,5,5,active_vote,all_parties,0,cuda,,,,,,,,,,
noise_ratio/dblp_useful9,noise_ratio,useful_9,DBLP,full_mesh,0.9212346076965332,0.006010225678858895,5,0.9142506003379822,0.012510224738500197,5,0.9070974070760229,0.015173577553564483,5,0.9216215968132019,0.009492110124731612,5,0.9125306844711304,0.012954725825589994,5,0.0,0.0,5,3407880.0,0.0,5,105.0,0.0,5,0.0,0.0,5,0.0,0.0,5,0.0,0.0,5,36.0,0.0,5,54.0,0.0,5,15.0,0.0,5,DBLP,"APA,APCPA,APTPA,KNN",15,hard,9,300,"42,43,44,45,46","local_uniform_vote,local_reliability_vote,fixed_ring,full_mesh,adaptive_graph_val",15,5,0.001,2,1,0.85,topology_reliability,1.0,0.5,0.0,5,5,active_vote,all_parties,0,cuda,,,,,,,,,,
noise_ratio/dblp_useful9,noise_ratio,useful_9,DBLP,local_reliability_vote,0.9212345957756043,0.007972278064161195,5,0.9154790759086608,0.009044307335746186,5,0.9083622123218221,0.011521126276022605,5,0.9216215968132019,0.008960490326496385,5,0.913759195804596,0.01025632614896412,5,0.0,0.0,5,0.0,0.0,5,0.0,0.0,5,0.0,0.0,5,0.0,0.0,5,0.0,0.0,5,0.0,0.0,5,0.0,0.0,5,0.0,0.0,5,DBLP,"APA,APCPA,APTPA,KNN",15,hard,9,300,"42,43,44,45,46","local_uniform_vote,local_reliability_vote,fixed_ring,full_mesh,adaptive_graph_val",15,5,0.001,2,1,0.85,topology_reliability,1.0,0.5,0.0,5,5,active_vote,all_parties,0,cuda,,,,,,,,,,
noise_ratio/dblp_useful9,noise_ratio,useful_9,DBLP,local_uniform_vote,0.8775308966636658,0.008345891249247802,5,0.8791154742240905,0.006817894615320038,5,0.8637008220099542,0.009297135316358106,5,0.8840294480323792,0.006762342195242373,5,0.8732186555862427,0.008121117824466173,5,0.0,0.0,5,0.0,0.0,5,0.0,0.0,5,0.0,0.0,5,0.0,0.0,5,0.0,0.0,5,0.0,0.0,5,0.0,0.0,5,0.0,0.0,5,DBLP,"APA,APCPA,APTPA,KNN",15,hard,9,300,"42,43,44,45,46","local_uniform_vote,local_reliability_vote,fixed_ring,full_mesh,adaptive_graph_val",15,5,0.001,2,1,0.85,topology_reliability,1.0,0.5,0.0,5,5,active_vote,all_parties,0,cuda,,,,,,,,,,
protocol_sensitivity/acm_hard_noisy_custom_split,protocol_sensitivity,hard_noisy,ACM,adaptive_graph_val,0.8880794644355774,0.015246184960698433,5,0.8546952128410339,0.009843402201400302,5,0.8543057138284935,0.010137822764398714,5,0.8741350769996643,0.007779705837204811,5,0.8576606035232544,0.012845848233403448,5,0.0,0.0,5,90750.0,0.0,5,5.0,0.0,5,407700.0,0.0,5,7489.0,58.80476171195666,5,32.69587656002841,0.887794535471581,5,2.2,0.447213595499958,5,1.6,0.8944271909999159,5,1.2,0.4472135954999579,5,ACM,"PAP,PSP,KNN",15,hard,3,300,"42,43,44,45,46","local_uniform_vote,local_reliability_vote,fixed_ring,full_mesh,adaptive_graph_val",15,5,0.001,2,1,0.85,topology_reliability,1.0,0.5,0.0,5,5,active_vote,all_parties,0,cuda,,,,,,,,,,True
protocol_sensitivity/acm_hard_noisy_custom_split,protocol_sensitivity,hard_noisy,ACM,fixed_ring,0.7880794763565063,0.01617948574939786,5,0.7696869730949402,0.00802019492317658,5,0.7687646272116168,0.008588844165515794,5,0.7897858142852783,0.004296017221620654,5,0.7686985015869141,0.00836799453530208,5,0.0,0.0,5,272250.0,0.0,5,15.0,0.0,5,0.0,0.0,5,0.0,0.0,5,0.0,0.0,5,2.0,0.0,5,2.0,0.0,5,11.0,0.0,5,ACM,"PAP,PSP,KNN",15,hard,3,300,"42,43,44,45,46","local_uniform_vote,local_reliability_vote,fixed_ring,full_mesh,adaptive_graph_val",15,5,0.001,2,1,0.85,topology_reliability,1.0,0.5,0.0,5,5,active_vote,all_parties,0,cuda,,,,,,,,,,True
protocol_sensitivity/acm_hard_noisy_custom_split,protocol_sensitivity,hard_noisy,ACM,full_mesh,0.7894039750099182,0.016778317032771262,5,0.7769357204437256,0.007143162801088511,5,0.7768329411836322,0.00812654781971347,5,0.7914332747459412,0.005287250541591584,5,0.7756177663803101,0.008351747143488773,5,0.0,0.0,5,1905750.0,0.0,5,105.0,0.0,5,0.0,0.0,5,0.0,0.0,5,0.0,0.0,5,3.0,0.0,5,36.0,0.0,5,66.0,0.0,5,ACM,"PAP,PSP,KNN",15,hard,3,300,"42,43,44,45,46","local_uniform_vote,local_reliability_vote,fixed_ring,full_mesh,adaptive_graph_val",15,5,0.001,2,1,0.85,topology_reliability,1.0,0.5,0.0,5,5,active_vote,all_parties,0,cuda,,,,,,,,,,True
protocol_sensitivity/acm_hard_noisy_custom_split,protocol_sensitivity,hard_noisy,ACM,local_reliability_vote,0.7930463671684265,0.014808401769700883,5,0.7749588012695312,0.008448684387120084,5,0.7744080337050925,0.009253811167880547,5,0.7934101939201355,0.006008089620630158,5,0.7766062498092652,0.005287247755795932,5,0.0,0.0,5,0.0,0.0,5,0.0,0.0,5,0.0,0.0,5,0.0,0.0,5,0.0,0.0,5,0.0,0.0,5,0.0,0.0,5,0.0,0.0,5,ACM,"PAP,PSP,KNN",15,hard,3,300,"42,43,44,45,46","local_uniform_vote,local_reliability_vote,fixed_ring,full_mesh,adaptive_graph_val",15,5,0.001,2,1,0.85,topology_reliability,1.0,0.5,0.0,5,5,active_vote,all_parties,0,cuda,,,,,,,,,,True
protocol_sensitivity/acm_hard_noisy_custom_split,protocol_sensitivity,hard_noisy,ACM,local_uniform_vote,0.6099337935447693,0.016077505295343537,5,0.5980230689048767,0.008319191986850747,5,0.5966032253223407,0.009018324863283403,5,0.6125205755233765,0.010638468333766993,5,0.5855024576187133,0.008841135729738558,5,0.0,0.0,5,0.0,0.0,5,0.0,0.0,5,0.0,0.0,5,0.0,0.0,5,0.0,0.0,5,0.0,0.0,5,0.0,0.0,5,0.0,0.0,5,ACM,"PAP,PSP,KNN",15,hard,3,300,"42,43,44,45,46","local_uniform_vote,local_reliability_vote,fixed_ring,full_mesh,adaptive_graph_val",15,5,0.001,2,1,0.85,topology_reliability,1.0,0.5,0.0,5,5,active_vote,all_parties,0,cuda,,,,,,,,,,True
protocol_sensitivity/acm_main_custom_split,protocol_sensitivity,main,ACM,adaptive_graph_val,0.9208609223365783,0.013822260474376897,5,0.8942339062690735,0.010510145454112973,5,0.8941614916437903,0.010705933665669298,5,0.9074134826660156,0.011378130456271097,5,0.895551860332489,0.016905404871400537,5,0.0,0.0,5,90750.0,0.0,5,5.0,0.0,5,407700.0,0.0,5,7956.4,170.82242241579405,5,43.0557299600041,4.122649534978772,5,3.4,0.8944271909999159,5,1.6,0.8944271909999159,5,0.0,0.0,5,ACM,"PAP,PSP,KNN",15,hard,6,300,"42,43,44,45,46","local_uniform_vote,local_reliability_vote,fixed_ring,full_mesh,adaptive_graph_val",15,5,0.001,2,1,0.85,topology_reliability,1.0,0.5,0.0,5,5,active_vote,all_parties,0,cuda,,,,,,,,,,True
protocol_sensitivity/acm_main_custom_split,protocol_sensitivity,main,ACM,fixed_ring,0.8807947039604187,0.014575188354459905,5,0.8490938901901245,0.004746243279525711,5,0.8492288411292475,0.005105883123232705,5,0.8655683636665344,0.005777829134394938,5,0.8530477523803711,0.011614188226161695,5,0.0,0.0,5,272250.0,0.0,5,15.0,0.0,5,0.0,0.0,5,0.0,0.0,5,0.0,0.0,5,5.0,0.0,5,2.0,0.0,5,8.0,0.0,5,ACM,"PAP,PSP,KNN",15,hard,6,300,"42,43,44,45,46","local_uniform_vote,local_reliability_vote,fixed_ring,full_mesh,adaptive_graph_val",15,5,0.001,2,1,0.85,topology_reliability,1.0,0.5,0.0,5,5,active_vote,all_parties,0,cuda,,,,,,,,,,True
protocol_sensitivity/acm_main_custom_split,protocol_sensitivity,main,ACM,full_mesh,0.8754966974258422,0.02327912297650252,5,0.8457989931106568,0.01071473366241166,5,0.846081659277653,0.010548697044862422,5,0.8583195805549622,0.009815792027493372,5,0.8481054186820984,0.01011538070722369,5,0.0,0.0,5,1905750.0,0.0,5,105.0,0.0,5,0.0,0.0,5,0.0,0.0,5,0.0,0.0,5,15.0,0.0,5,54.0,0.0,5,36.0,0.0,5,ACM,"PAP,PSP,KNN",15,hard,6,300,"42,43,44,45,46","local_uniform_vote,local_reliability_vote,fixed_ring,full_mesh,adaptive_graph_val",15,5,0.001,2,1,0.85,topology_reliability,1.0,0.5,0.0,5,5,active_vote,all_parties,0,cuda,,,,,,,,,,True
protocol_sensitivity/acm_main_custom_split,protocol_sensitivity,main,ACM,local_reliability_vote,0.879801332950592,0.01511072972901819,5,0.8579900979995727,0.00673240252904639,5,0.8580403074393763,0.006779661810639015,5,0.8652388572692871,0.006527703396574092,5,0.854695200920105,0.009704577976976212,5,0.0,0.0,5,0.0,0.0,5,0.0,0.0,5,0.0,0.0,5,0.0,0.0,5,0.0,0.0,5,0.0,0.0,5,0.0,0.0,5,0.0,0.0,5,ACM,"PAP,PSP,KNN",15,hard,6,300,"42,43,44,45,46","local_uniform_vote,local_reliability_vote,fixed_ring,full_mesh,adaptive_graph_val",15,5,0.001,2,1,0.85,topology_reliability,1.0,0.5,0.0,5,5,active_vote,all_parties,0,cuda,,,,,,,,,,True
protocol_sensitivity/acm_main_custom_split,protocol_sensitivity,main,ACM,local_uniform_vote,0.7268211841583252,0.03333945980283952,5,0.7120263457298279,0.018136889831895927,5,0.7129582419565685,0.016996075795131037,5,0.7261943936347961,0.019783087738221523,5,0.7077429890632629,0.010965119157212431,5,0.0,0.0,5,0.0,0.0,5,0.0,0.0,5,0.0,0.0,5,0.0,0.0,5,0.0,0.0,5,0.0,0.0,5,0.0,0.0,5,0.0,0.0,5,ACM,"PAP,PSP,KNN",15,hard,6,300,"42,43,44,45,46","local_uniform_vote,local_reliability_vote,fixed_ring,full_mesh,adaptive_graph_val",15,5,0.001,2,1,0.85,topology_reliability,1.0,0.5,0.0,5,5,active_vote,all_parties,0,cuda,,,,,,,,,,True
protocol_sensitivity/dblp_hard_noisy_custom_split,protocol_sensitivity,hard_noisy,DBLP,adaptive_graph_val,0.9133333921432495,0.011854433159526844,5,0.8975429773330689,0.009774131093865969,5,0.8890424477930589,0.011590288285281983,5,0.9073709845542908,0.006762342195242446,5,0.8928746700286865,0.010510684367063433,5,0.0,0.0,5,162280.0,0.0,5,5.0,0.0,5,729000.0,0.0,5,7711.6,59.35739212600223,5,31.937508820020593,1.9996863156152485,5,1.4,1.140175425099138,5,1.8,1.4832396974191326,5,1.8,0.8366600265340756,5,DBLP,"APA,APCPA,APTPA,KNN",15,hard,3,300,"42,43,44,45,46","local_uniform_vote,local_reliability_vote,fixed_ring,full_mesh,adaptive_graph_val",15,5,0.001,2,1,0.85,topology_reliability,1.0,0.5,0.0,5,5,active_vote,all_parties,0,cuda,,,,,,,,,,True
protocol_sensitivity/dblp_hard_noisy_custom_split,protocol_sensitivity,hard_noisy,DBLP,fixed_ring,0.8807407736778259,0.008755859111338821,5,0.8749385595321655,0.00778913173474416,5,0.8618682616798186,0.010581146523777745,5,0.8783783674240112,0.005696321293320506,5,0.8606879591941834,0.012546358858932433,5,0.0,0.0,5,486840.0,0.0,5,15.0,0.0,5,0.0,0.0,5,0.0,0.0,5,0.0,0.0,5,2.0,0.0,5,2.0,0.0,5,11.0,0.0,5,DBLP,"APA,APCPA,APTPA,KNN",15,hard,3,300,"42,43,44,45,46","local_uniform_vote,local_reliability_vote,fixed_ring,full_mesh,adaptive_graph_val",15,5,0.001,2,1,0.85,topology_reliability,1.0,0.5,0.0,5,5,active_vote,all_parties,0,cuda,,,,,,,,,,True
protocol_sensitivity/dblp_hard_noisy_custom_split,protocol_sensitivity,hard_noisy,DBLP,full_mesh,0.8804938673973084,0.011528519141437772,5,0.873955762386322,0.010589377393309422,5,0.859323868125989,0.015403012190264945,5,0.8791154742240905,0.004480246389035685,5,0.8628992319107056,0.0163118058156819,5,0.0,0.0,5,3407880.0,0.0,5,105.0,0.0,5,0.0,0.0,5,0.0,0.0,5,0.0,0.0,5,3.0,0.0,5,36.0,0.0,5,66.0,0.0,5,DBLP,"APA,APCPA,APTPA,KNN",15,hard,3,300,"42,43,44,45,46","local_uniform_vote,local_reliability_vote,fixed_ring,full_mesh,adaptive_graph_val",15,5,0.001,2,1,0.85,topology_reliability,1.0,0.5,0.0,5,5,active_vote,all_parties,0,cuda,,,,,,,,,,True
protocol_sensitivity/dblp_hard_noisy_custom_split,protocol_sensitivity,hard_noisy,DBLP,local_reliability_vote,0.8817284345626831,0.010417291131514302,5,0.8764127731323242,0.011706271994849549,5,0.8620547006191697,0.016575050742861867,5,0.879852569103241,0.009995506091339102,5,0.8628992438316345,0.013502344387328388,5,0.0,0.0,5,0.0,0.0,5,0.0,0.0,5,0.0,0.0,5,0.0,0.0,5,0.0,0.0,5,0.0,0.0,5,0.0,0.0,5,0.0,0.0,5,DBLP,"APA,APCPA,APTPA,KNN",15,hard,3,300,"42,43,44,45,46","local_uniform_vote,local_reliability_vote,fixed_ring,full_mesh,adaptive_graph_val",15,5,0.001,2,1,0.85,topology_reliability,1.0,0.5,0.0,5,5,active_vote,all_parties,0,cuda,,,,,,,,,,True
protocol_sensitivity/dblp_hard_noisy_custom_split,protocol_sensitivity,hard_noisy,DBLP,local_uniform_vote,0.6506173133850097,0.01234567463399383,5,0.6476658344268799,0.025921093636807054,5,0.5607299162890534,0.03434466582258331,5,0.6577395439147949,0.018151078695706518,5,0.6149877071380615,0.020066342923662602,5,0.0,0.0,5,0.0,0.0,5,0.0,0.0,5,0.0,0.0,5,0.0,0.0,5,0.0,0.0,5,0.0,0.0,5,0.0,0.0,5,0.0,0.0,5,DBLP,"APA,APCPA,APTPA,KNN",15,hard,3,300,"42,43,44,45,46","local_uniform_vote,local_reliability_vote,fixed_ring,full_mesh,adaptive_graph_val",15,5,0.001,2,1,0.85,topology_reliability,1.0,0.5,0.0,5,5,active_vote,all_parties,0,cuda,,,,,,,,,,True
protocol_sensitivity/dblp_main_custom_split,protocol_sensitivity,main,DBLP,adaptive_graph_val,0.9301234960556031,0.0073350387673038605,5,0.9140049099922181,0.007573004121080216,5,0.9077561070163315,0.009570634701618022,5,0.9216216087341309,0.011306221169593901,5,0.9105651021003723,0.009649800108555665,5,0.0,0.0,5,168771.2,14514.764455546636,5,5.2,0.4472135954999579,5,729000.0,0.0,5,7869.2,83.7090198246282,5,34.14323886000202,1.6369127610828178,5,2.0,0.0,5,2.2,0.8366600265340756,5,1.0,0.7071067811865476,5,DBLP,"APA,APCPA,APTPA,KNN",15,hard,6,300,"42,43,44,45,46","local_uniform_vote,local_reliability_vote,fixed_ring,full_mesh,adaptive_graph_val",15,5,0.001,2,1,0.85,topology_reliability,1.0,0.5,0.0,5,5,active_vote,all_parties,0,cuda,,,,,,,,,,True
protocol_sensitivity/dblp_main_custom_split,protocol_sensitivity,main,DBLP,fixed_ring,0.9133333683013916,0.006840435081087208,5,0.9100736856460572,0.014284463332780516,5,0.900855830463825,0.017481762599930752,5,0.9127763986587525,0.012254257494198586,5,0.9049139857292176,0.009965263799596598,5,0.0,0.0,5,486840.0,0.0,5,15.0,0.0,5,0.0,0.0,5,0.0,0.0,5,0.0,0.0,5,5.0,0.0,5,2.0,0.0,5,8.0,0.0,5,DBLP,"APA,APCPA,APTPA,KNN",15,hard,6,300,"42,43,44,45,46","local_uniform_vote,local_reliability_vote,fixed_ring,full_mesh,adaptive_graph_val",15,5,0.001,2,1,0.85,topology_reliability,1.0,0.5,0.0,5,5,active_vote,all_parties,0,cuda,,,,,,,,,,True
protocol_sensitivity/dblp_main_custom_split,protocol_sensitivity,main,DBLP,full_mesh,0.9160494208335876,0.006172844767592774,5,0.9090908885002136,0.013145549238873087,5,0.900324685181569,0.016274591407138488,5,0.9142506122589111,0.010219485519266458,5,0.9066339015960694,0.013231366847406847,5,0.0,0.0,5,3407880.0,0.0,5,105.0,0.0,5,0.0,0.0,5,0.0,0.0,5,0.0,0.0,5,15.0,0.0,5,54.0,0.0,5,36.0,0.0,5,DBLP,"APA,APCPA,APTPA,KNN",15,hard,6,300,"42,43,44,45,46","local_uniform_vote,local_reliability_vote,fixed_ring,full_mesh,adaptive_graph_val",15,5,0.001,2,1,0.85,topology_reliability,1.0,0.5,0.0,5,5,active_vote,all_parties,0,cuda,,,,,,,,,,True
protocol_sensitivity/dblp_main_custom_split,protocol_sensitivity,main,DBLP,local_reliability_vote,0.9143210291862488,0.008076750924269634,5,0.9100736975669861,0.012449744819859266,5,0.9014054308625352,0.01587026607247031,5,0.913759195804596,0.011764123124523886,5,0.9068795800209045,0.013635814469642668,5,0.0,0.0,5,0.0,0.0,5,0.0,0.0,5,0.0,0.0,5,0.0,0.0,5,0.0,0.0,5,0.0,0.0,5,0.0,0.0,5,0.0,0.0,5,DBLP,"APA,APCPA,APTPA,KNN",15,hard,6,300,"42,43,44,45,46","local_uniform_vote,local_reliability_vote,fixed_ring,full_mesh,adaptive_graph_val",15,5,0.001,2,1,0.85,topology_reliability,1.0,0.5,0.0,5,5,active_vote,all_parties,0,cuda,,,,,,,,,,True
protocol_sensitivity/dblp_main_custom_split,protocol_sensitivity,main,DBLP,local_uniform_vote,0.8506173133850098,0.007145562748039493,5,0.8444717288017273,0.009735440355663537,5,0.8158256093821216,0.010861948265465968,5,0.8488943338394165,0.010603607091194237,5,0.8368550300598144,0.014098356200626012,5,0.0,0.0,5,0.0,0.0,5,0.0,0.0,5,0.0,0.0,5,0.0,0.0,5,0.0,0.0,5,0.0,0.0,5,0.0,0.0,5,0.0,0.0,5,DBLP,"APA,APCPA,APTPA,KNN",15,hard,6,300,"42,43,44,45,46","local_uniform_vote,local_reliability_vote,fixed_ring,full_mesh,adaptive_graph_val",15,5,0.001,2,1,0.85,topology_reliability,1.0,0.5,0.0,5,5,active_vote,all_parties,0,cuda,,,,,,,,,,True
readout_ablation/acm_hard_noisy_active_vote,readout_ablation,hard_noisy,ACM,adaptive_graph_val,0.8870860815048218,0.016572854669211632,5,0.8570016264915467,0.011730474593837612,5,0.8575470952412868,0.011235121292851933,5,0.869522225856781,0.0124597512534431,5,0.854695200920105,0.019541521702983244,5,0.0,0.0,5,90750.0,0.0,5,5.0,0.0,5,407700.0,0.0,5,7509.4,70.02356746124832,5,32.38397152000107,1.332262629348948,5,2.2,0.4472135954999579,5,1.6,0.8944271909999159,5,1.2,0.4472135954999579,5,ACM,"PAP,PSP,KNN",15,hard,3,300,"42,43,44,45,46",adaptive_graph_val,15,5,0.001,2,1,0.85,topology_reliability,1.0,0.5,0.0,5,5,active_vote,all_parties,0,cuda,,,,,,,,,,
readout_ablation/acm_hard_noisy_best_party,readout_ablation,hard_noisy,ACM,adaptive_graph_val,0.8662251472473145,0.007159517217752889,5,0.8500823497772216,0.027763267453184807,5,0.850380215431791,0.027471294559636053,5,0.8655683517456054,0.0198583929130178,5,0.8434925675392151,0.020740824188989038,5,0.0,0.0,5,90750.0,0.0,5,5.0,0.0,5,407700.0,0.0,5,7591.0,69.27481504847196,5,83.77897025998682,0.9375352179186575,5,2.2,0.447213595499958,5,1.2,0.8366600265340756,5,1.6,0.5477225575051662,5,ACM,"PAP,PSP,KNN",15,hard,3,300,"42,43,44,45,46",adaptive_graph_val,15,5,0.001,2,1,0.85,topology_reliability,1.0,0.5,0.0,5,5,best_party,all_parties,0,cuda,,,,,,,,,,
readout_ablation/acm_hard_noisy_mean_party,readout_ablation,hard_noisy,ACM,adaptive_graph_val,0.6430463552474975,0.012962630900743814,5,0.626029634475708,0.00605310271640332,5,0.6254992708343156,0.004367150277900949,5,0.646128487586975,0.013704528014015073,5,0.6214167952537537,0.011614208940370508,5,0.0,0.0,5,98010.0,9941.164418718765,5,5.4,0.5477225575051661,5,407700.0,0.0,5,8324.0,61.54266812545569,5,36.20127269999939,2.9267348232558836,5,1.0,0.0,5,4.0,0.0,5,0.4,0.5477225575051662,5,ACM,"PAP,PSP,KNN",15,hard,3,300,"42,43,44,45,46",adaptive_graph_val,15,5,0.001,2,1,0.85,topology_reliability,1.0,0.5,0.0,5,5,mean_party,all_parties,0,cuda,,,,,,,,,,
readout_ablation/acm_main_active_vote,readout_ablation,main,ACM,adaptive_graph_val,0.9188741683959961,0.013802436705427489,5,0.891268503665924,0.01105140078084166,5,0.8912335855732628,0.011675163101207605,5,0.9044480919837952,0.01505410155328402,5,0.8948928833007812,0.01325144839436972,5,0.0,0.0,5,98010.0,9941.164418718765,5,5.4,0.5477225575051661,5,407700.0,0.0,5,7973.4,214.3788702274549,5,48.318106539960716,4.6706849943142625,5,4.0,0.7071067811865476,5,1.4,0.5477225575051661,5,0.0,0.0,5,ACM,"PAP,PSP,KNN",15,hard,6,300,"42,43,44,45,46",adaptive_graph_val,15,5,0.001,2,1,0.85,topology_reliability,1.0,0.5,0.0,5,5,active_vote,all_parties,0,cuda,,,,,,,,,,
readout_ablation/acm_main_best_party,readout_ablation,main,ACM,adaptive_graph_val,0.8847682237625122,0.0036272971110119056,5,0.8652388453483582,0.025823414747009964,5,0.8654867653493368,0.026090483083316292,5,0.8741350650787354,0.018441104355563107,5,0.8570016384124756,0.03358931646636963,5,0.0,0.0,5,90750.0,0.0,5,5.0,0.0,5,407700.0,0.0,5,7572.8,50.186651611758286,5,92.3919958599843,7.0302653847946095,5,5.0,0.0,5,0.0,0.0,5,0.0,0.0,5,ACM,"PAP,PSP,KNN",15,hard,6,300,"42,43,44,45,46",adaptive_graph_val,15,5,0.001,2,1,0.85,topology_reliability,1.0,0.5,0.0,5,5,best_party,all_parties,0,cuda,,,,,,,,,,
readout_ablation/acm_main_mean_party,readout_ablation,main,ACM,adaptive_graph_val,0.7596026539802552,0.030039530330775714,5,0.7406919121742248,0.01503606852064522,5,0.7413197384204488,0.013322822075536237,5,0.7555189251899719,0.011390054343223,5,0.7357495546340942,0.0044511612836218815,5,0.0,0.0,5,112530.0,8116.926758324236,5,6.2,0.44721359549995787,5,407700.0,0.0,5,8574.4,124.86712938159496,5,46.434010240004866,1.737769787099578,5,2.0,0.0,5,4.0,0.0,5,0.2,0.447213595499958,5,ACM,"PAP,PSP,KNN",15,hard,6,300,"42,43,44,45,46",adaptive_graph_val,15,5,0.001,2,1,0.85,topology_reliability,1.0,0.5,0.0,5,5,mean_party,all_parties,0,cuda,,,,,,,,,,
readout_ablation/dblp_hard_noisy_active_vote,readout_ablation,hard_noisy,DBLP,adaptive_graph_val,0.9120988011360168,0.010526445563100258,5,0.8987714767456054,0.011543996602044604,5,0.8903552313927786,0.013590895489365257,5,0.905651080608368,0.006407080945839268,5,0.8960687756538391,0.006649825985730621,5,0.0,0.0,5,162280.0,0.0,5,5.0,0.0,5,729000.0,0.0,5,7708.6,65.02153489421787,5,27.158858419966418,4.08999691620206,5,1.6,0.8944271909999159,5,1.2,0.8366600265340756,5,2.2,0.8366600265340756,5,DBLP,"APA,APCPA,APTPA,KNN",15,hard,3,300,"42,43,44,45,46",adaptive_graph_val,15,5,0.001,2,1,0.85,topology_reliability,1.0,0.5,0.0,5,5,active_vote,all_parties,0,cuda,,,,,,,,,,
readout_ablation/dblp_hard_noisy_best_party,readout_ablation,hard_noisy,DBLP,adaptive_graph_val,0.9039506554603577,0.012571987915045468,5,0.8948402762413025,0.013833601032873403,5,0.8860292695747216,0.014192617185187788,5,0.9044225692749024,0.011306219550463478,5,0.8941031575202942,0.012983806314001369,5,0.0,0.0,5,162280.0,0.0,5,5.0,0.0,5,729000.0,0.0,5,7761.0,71.6275086820699,5,58.234785640001064,3.6733877309405916,5,1.2,0.4472135954999579,5,3.0,0.7071067811865476,5,0.8,0.4472135954999579,5,DBLP,"APA,APCPA,APTPA,KNN",15,hard,3,300,"42,43,44,45,46",adaptive_graph_val,15,5,0.001,2,1,0.85,topology_reliability,1.0,0.5,0.0,5,5,best_party,all_parties,0,cuda,,,,,,,,,,
readout_ablation/dblp_hard_noisy_mean_party,readout_ablation,hard_noisy,DBLP,adaptive_graph_val,0.6896296739578247,0.015920660547974353,5,0.6783783674240113,0.020249782230365623,5,0.5942346136724239,0.023134188833165276,5,0.6948402881622314,0.019004077657097385,5,0.6533169388771057,0.020472135813755007,5,0.0,0.0,5,168771.2,14514.764455546634,5,5.2,0.44721359549995787,5,729000.0,0.0,5,8164.2,87.54256107745535,5,25.046494779997737,1.9912609621440045,5,1.0,0.0,5,4.0,0.0,5,0.2,0.447213595499958,5,DBLP,"APA,APCPA,APTPA,KNN",15,hard,3,300,"42,43,44,45,46",adaptive_graph_val,15,5,0.001,2,1,0.85,topology_reliability,1.0,0.5,0.0,5,5,mean_party,all_parties,0,cuda,,,,,,,,,,
readout_ablation/dblp_main_active_vote,readout_ablation,main,DBLP,adaptive_graph_val,0.9306173205375672,0.010195468334735796,5,0.9137592077255249,0.013327976311233704,5,0.9075687265457709,0.014986086059169613,5,0.9221130013465881,0.01134618612367094,5,0.9100736856460572,0.011104180698149004,5,0.0,0.0,5,181753.6,29029.52891109327,5,5.6,0.8944271909999159,5,729000.0,0.0,5,7899.2,119.07644603362998,5,35.72896814001142,1.4878525341674262,5,2.2,0.447213595499958,5,2.4,0.5477225575051661,5,1.0,1.0,5,DBLP,"APA,APCPA,APTPA,KNN",15,hard,6,300,"42,43,44,45,46",adaptive_graph_val,15,5,0.001,2,1,0.85,topology_reliability,1.0,0.5,0.0,5,5,active_vote,all_parties,0,cuda,,,,,,,,,,
readout_ablation/dblp_main_best_party,readout_ablation,main,DBLP,adaptive_graph_val,0.9091358423233032,0.010351236746929827,5,0.898034393787384,0.013541405743395732,5,0.8887481065924518,0.01419329094888703,5,0.9095822930335998,0.009500058696756136,5,0.9007370948791504,0.011955017871337835,5,0.0,0.0,5,162280.0,0.0,5,5.0,0.0,5,729000.0,0.0,5,7675.6,119.34948680241557,5,83.67669222000987,4.190435053382095,5,4.0,0.7071067811865476,5,1.0,0.7071067811865476,5,0.0,0.0,5,DBLP,"APA,APCPA,APTPA,KNN",15,hard,6,300,"42,43,44,45,46",adaptive_graph_val,15,5,0.001,2,1,0.85,topology_reliability,1.0,0.5,0.0,5,5,best_party,all_parties,0,cuda,,,,,,,,,,
readout_ablation/dblp_main_mean_party,readout_ablation,main,DBLP,adaptive_graph_val,0.8693827629089356,0.0047334164545015205,5,0.8643734455108643,0.018296010243550622,5,0.8408015154911277,0.024510990649886547,5,0.8668304443359375,0.014935264807107024,5,0.8587223410606384,0.011158411528082172,5,0.0,0.0,5,181753.6,29029.528911093268,5,5.6,0.8944271909999159,5,729000.0,0.0,5,8446.4,182.31099802260965,5,38.81646317998529,3.0037519286184877,5,1.4,0.5477225575051661,5,4.2,0.8366600265340756,5,0.0,0.0,5,DBLP,"APA,APCPA,APTPA,KNN",15,hard,6,300,"42,43,44,45,46",adaptive_graph_val,15,5,0.001,2,1,0.85,topology_reliability,1.0,0.5,0.0,5,5,mean_party,all_parties,0,cuda,,,,,,,,,,
reviewer_safe_shuffled/acm_hard,reviewer_safe_shuffled,hard,ACM,adaptive_complementarity,0.7917218685150147,0.06351448932777438,5,0.7647446274757386,0.052941765429682826,5,0.7641680854512158,0.051867154542838544,5,0.7831960201263428,0.04734222941152457,5,0.7696869730949402,0.04824797594003637,5,0.0,0.0,5,261360.0,9941.164418718765,5,14.4,0.5477225575051662,5,407700.0,0.0,5,0.0,0.0,5,1.8755849599954673,0.03965700541769138,5,3.0,0.0,5,0.0,0.0,5,11.4,0.5477225575051662,5,ACM,"PAP,PSP,KNN",15,hard,3,300,"42,43,44,45,46","local_uniform_vote,local_reliability_vote,topk_reliability_vote,fixed_ring,fixed_ring_matched,random_regular,random_matched,expander,expander_matched,full_mesh,adaptive_pair,adaptive_complementarity,adaptive_graph_val",15,5,0.001,2,1,0.85,topology_reliability,1.0,0.5,0.0,5,5,active_vote,all_parties,0,cuda,True,2026.0,,,,,,,,
reviewer_safe_shuffled/acm_hard,reviewer_safe_shuffled,hard,ACM,adaptive_graph_val,0.8903973460197449,0.029347175310914707,5,0.8550246834754944,0.02435214447240085,5,0.8553350314403062,0.024284838036981327,5,0.8718286514282226,0.02171257790518021,5,0.8550246953964233,0.028247827160593455,5,0.0,0.0,5,90750.0,0.0,5,5.0,0.0,5,407700.0,0.0,5,7541.6,76.62767124218253,5,12.112190019985428,0.214163765813303,5,2.0,0.0,5,1.8,0.4472135954999579,5,1.2,0.4472135954999579,5,ACM,"PAP,PSP,KNN",15,hard,3,300,"42,43,44,45,46","local_uniform_vote,local_reliability_vote,topk_reliability_vote,fixed_ring,fixed_ring_matched,random_regular,random_matched,expander,expander_matched,full_mesh,adaptive_pair,adaptive_complementarity,adaptive_graph_val",15,5,0.001,2,1,0.85,topology_reliability,1.0,0.5,0.0,5,5,active_vote,all_parties,0,cuda,True,2026.0,,,,,,,,
reviewer_safe_shuffled/acm_hard,reviewer_safe_shuffled,hard,ACM,adaptive_pair,0.793708610534668,0.06326802300032733,5,0.77034592628479,0.0473708848668271,5,0.769644419843809,0.04745610522530711,5,0.7864909291267395,0.04249325215542934,5,0.7624382019042969,0.05169675885639914,5,0.0,0.0,5,261360.0,9941.164418718765,5,14.4,0.547722557505166,5,407700.0,0.0,5,0.0,0.0,5,1.8623106200015171,0.027536062047847785,5,3.0,0.0,5,0.0,0.0,5,11.4,0.547722557505166,5,ACM,"PAP,PSP,KNN",15,hard,3,300,"42,43,44,45,46","local_uniform_vote,local_reliability_vote,topk_reliability_vote,fixed_ring,fixed_ring_matched,random_regular,random_matched,expander,expander_matched,full_mesh,adaptive_pair,adaptive_complementarity,adaptive_graph_val",15,5,0.001,2,1,0.85,topology_reliability,1.0,0.5,0.0,5,5,active_vote,all_parties,0,cuda,True,2026.0,,,,,,,,
reviewer_safe_shuffled/acm_hard,reviewer_safe_shuffled,hard,ACM,expander,0.7725165486335754,0.06749202630785288,5,0.744316291809082,0.050245774143928806,5,0.7441145744788098,0.04957032650152424,5,0.7716639041900635,0.04506603053029062,5,0.7542009711265564,0.05290329629148361,5,0.0,0.0,5,272250.0,0.0,5,15.0,0.0,5,0.0,0.0,5,0.0,0.0,5,0.0,0.0,5,0.6,0.5477225575051662,5,4.8,1.0954451150103324,5,9.6,0.5477225575051662,5,ACM,"PAP,PSP,KNN",15,hard,3,300,"42,43,44,45,46","local_uniform_vote,local_reliability_vote,topk_reliability_vote,fixed_ring,fixed_ring_matched,random_regular,random_matched,expander,expander_matched,full_mesh,adaptive_pair,adaptive_complementarity,adaptive_graph_val",15,5,0.001,2,1,0.85,topology_reliability,1.0,0.5,0.0,5,5,active_vote,all_parties,0,cuda,True,2026.0,,,,,,,,
reviewer_safe_shuffled/acm_hard,reviewer_safe_shuffled,hard,ACM,expander_matched,0.44602649807929995,0.16081606874237742,5,0.4085667133331299,0.1671285414217708,5,0.4047601392494592,0.16993520082231875,5,0.43953869938850404,0.17253569812897385,5,0.4102141737937927,0.17237282278719906,5,0.0,0.0,5,90750.0,0.0,5,5.0,0.0,5,0.0,0.0,5,0.0,0.0,5,0.0,0.0,5,0.0,0.0,5,1.0,1.4142135623730951,5,4.0,1.414213562373095,5,ACM,"PAP,PSP,KNN",15,hard,3,300,"42,43,44,45,46","local_uniform_vote,local_reliability_vote,topk_reliability_vote,fixed_ring,fixed_ring_matched,random_regular,random_matched,expander,expander_matched,full_mesh,adaptive_pair,adaptive_complementarity,adaptive_graph_val",15,5,0.001,2,1,0.85,topology_reliability,1.0,0.5,0.0,5,5,active_vote,all_parties,0,cuda,True,2026.0,,,,,,,,
reviewer_safe_shuffled/acm_hard,reviewer_safe_shuffled,hard,ACM,fixed_ring,0.7761589407920837,0.06869764546898346,5,0.7509060740470886,0.0440888210476737,5,0.7503579627182833,0.044522889641609394,5,0.770345938205719,0.04514123630202931,5,0.7548599481582642,0.04857033852962163,5,0.0,0.0,5,272250.0,0.0,5,15.0,0.0,5,0.0,0.0,5,0.0,0.0,5,0.0,0.0,5,0.6,0.5477225575051662,5,4.8,1.0954451150103324,5,9.6,0.5477225575051662,5,ACM,"PAP,PSP,KNN",15,hard,3,300,"42,43,44,45,46","local_uniform_vote,local_reliability_vote,topk_reliability_vote,fixed_ring,fixed_ring_matched,random_regular,random_matched,expander,expander_matched,full_mesh,adaptive_pair,adaptive_complementarity,adaptive_graph_val",15,5,0.001,2,1,0.85,topology_reliability,1.0,0.5,0.0,5,5,active_vote,all_parties,0,cuda,True,2026.0,,,,,,,,
reviewer_safe_shuffled/acm_hard,reviewer_safe_shuffled,hard,ACM,fixed_ring_matched,0.6927152335643768,0.2050762481465906,5,0.6767709970474243,0.20892192094078846,5,0.6754978072551756,0.20975080654678357,5,0.6978583037853241,0.19598934570235924,5,0.6817133247852325,0.2050339546864992,5,0.0,0.0,5,90750.0,0.0,5,5.0,0.0,5,0.0,0.0,5,0.0,0.0,5,0.0,0.0,5,0.4,0.5477225575051661,5,1.6,1.1401754250991378,5,3.0,1.2247448713915892,5,ACM,"PAP,PSP,KNN",15,hard,3,300,"42,43,44,45,46","local_uniform_vote,local_reliability_vote,topk_reliability_vote,fixed_ring,fixed_ring_matched,random_regular,random_matched,expander,expander_matched,full_mesh,adaptive_pair,adaptive_complementarity,adaptive_graph_val",15,5,0.001,2,1,0.85,topology_reliability,1.0,0.5,0.0,5,5,active_vote,all_parties,0,cuda,True,2026.0,,,,,,,,
reviewer_safe_shuffled/acm_hard,reviewer_safe_shuffled,hard,ACM,full_mesh,0.7837748408317566,0.06588905180468972,5,0.7578253626823426,0.04898210355046378,5,0.7575936907767529,0.04908410105077452,5,0.7808896064758301,0.04631933194143249,5,0.7670510530471801,0.05488246190888743,5,0.0,0.0,5,1905750.0,0.0,5,105.0,0.0,5,0.0,0.0,5,0.0,0.0,5,0.0,0.0,5,3.0,0.0,5,36.0,0.0,5,66.0,0.0,5,ACM,"PAP,PSP,KNN",15,hard,3,300,"42,43,44,45,46","local_uniform_vote,local_reliability_vote,topk_reliability_vote,fixed_ring,fixed_ring_matched,random_regular,random_matched,expander,expander_matched,full_mesh,adaptive_pair,adaptive_complementarity,adaptive_graph_val",15,5,0.001,2,1,0.85,topology_reliability,1.0,0.5,0.0,5,5,active_vote,all_parties,0,cuda,True,2026.0,,,,,,,,
reviewer_safe_shuffled/acm_hard,reviewer_safe_shuffled,hard,ACM,local_reliability_vote,0.7860927224159241,0.06759145731582485,5,0.7637561678886413,0.04432214218910966,5,0.7633579862790307,0.044794895045290155,5,0.7831960201263428,0.045916208311122766,5,0.7716639041900635,0.051264443191483496,5,0.0,0.0,5,0.0,0.0,5,0.0,0.0,5,0.0,0.0,5,0.0,0.0,5,0.0,0.0,5,0.0,0.0,5,0.0,0.0,5,0.0,0.0,5,ACM,"PAP,PSP,KNN",15,hard,3,300,"42,43,44,45,46","local_uniform_vote,local_reliability_vote,topk_reliability_vote,fixed_ring,fixed_ring_matched,random_regular,random_matched,expander,expander_matched,full_mesh,adaptive_pair,adaptive_complementarity,adaptive_graph_val",15,5,0.001,2,1,0.85,topology_reliability,1.0,0.5,0.0,5,5,active_vote,all_parties,0,cuda,True,2026.0,,,,,,,,
reviewer_safe_shuffled/acm_hard,reviewer_safe_shuffled,hard,ACM,local_uniform_vote,0.5903973460197449,0.050674150535773524,5,0.5614497423171997,0.06415953072078566,5,0.5592786276259669,0.06675254147455764,5,0.5953871369361877,0.053033969254100206,5,0.5736408472061157,0.05106288581622865,5,0.0,0.0,5,0.0,0.0,5,0.0,0.0,5,0.0,0.0,5,0.0,0.0,5,0.0,0.0,5,0.0,0.0,5,0.0,0.0,5,0.0,0.0,5,ACM,"PAP,PSP,KNN",15,hard,3,300,"42,43,44,45,46","local_uniform_vote,local_reliability_vote,topk_reliability_vote,fixed_ring,fixed_ring_matched,random_regular,random_matched,expander,expander_matched,full_mesh,adaptive_pair,adaptive_complementarity,adaptive_graph_val",15,5,0.001,2,1,0.85,topology_reliability,1.0,0.5,0.0,5,5,active_vote,all_parties,0,cuda,True,2026.0,,,,,,,,
reviewer_safe_shuffled/acm_hard,reviewer_safe_shuffled,hard,ACM,random_matched,0.7079470157623291,0.19666336569626805,5,0.6820428192615509,0.20912190088331453,5,0.6809381574481597,0.21120752651834054,5,0.7011531949043274,0.1880962470986154,5,0.6823722958564759,0.19215680077356959,5,0.0,0.0,5,90750.0,0.0,5,5.0,0.0,5,0.0,0.0,5,0.0,0.0,5,0.0,0.0,5,0.2,0.4472135954999579,5,2.4,1.816590212458495,5,2.4,1.816590212458495,5,ACM,"PAP,PSP,KNN",15,hard,3,300,"42,43,44,45,46","local_uniform_vote,local_reliability_vote,topk_reliability_vote,fixed_ring,fixed_ring_matched,random_regular,random_matched,expander,expander_matched,full_mesh,adaptive_pair,adaptive_complementarity,adaptive_graph_val",15,5,0.001,2,1,0.85,topology_reliability,1.0,0.5,0.0,5,5,active_vote,all_parties,0,cuda,True,2026.0,,,,,,,,
reviewer_safe_shuffled/acm_hard,reviewer_safe_shuffled,hard,ACM,random_regular,0.7701986789703369,0.07142653058047571,5,0.7459637522697449,0.05564126699911131,5,0.7452933740597836,0.055715275045808525,5,0.763426673412323,0.054894821012004776,5,0.7499176144599915,0.06258564026363482,5,0.0,0.0,5,268620.0,8116.926758324236,5,14.8,0.44721359549995804,5,0.0,0.0,5,0.0,0.0,5,0.0,0.0,5,0.8,1.0954451150103321,5,4.4,2.1908902300206647,5,9.6,1.3416407864998738,5,ACM,"PAP,PSP,KNN",15,hard,3,300,"42,43,44,45,46","local_uniform_vote,local_reliability_vote,topk_reliability_vote,fixed_ring,fixed_ring_matched,random_regular,random_matched,expander,expander_matched,full_mesh,adaptive_pair,adaptive_complementarity,adaptive_graph_val",15,5,0.001,2,1,0.85,topology_reliability,1.0,0.5,0.0,5,5,active_vote,all_parties,0,cuda,True,2026.0,,,,,,,,
reviewer_safe_shuffled/acm_hard,reviewer_safe_shuffled,hard,ACM,topk_reliability_vote,0.8768211960792541,0.03594280540334551,5,0.8586490750312805,0.02849653513714474,5,0.8583725266427121,0.02896736808547375,5,0.8757825255393982,0.020129881168351165,5,0.8612849950790405,0.02436326363087984,5,0.0,0.0,5,0.0,0.0,5,0.0,0.0,5,0.0,0.0,5,0.0,0.0,5,0.0,0.0,5,0.0,0.0,5,0.0,0.0,5,0.0,0.0,5,ACM,"PAP,PSP,KNN",15,hard,3,300,"42,43,44,45,46","local_uniform_vote,local_reliability_vote,topk_reliability_vote,fixed_ring,fixed_ring_matched,random_regular,random_matched,expander,expander_matched,full_mesh,adaptive_pair,adaptive_complementarity,adaptive_graph_val",15,5,0.001,2,1,0.85,topology_reliability,1.0,0.5,0.0,5,5,active_vote,all_parties,0,cuda,True,2026.0,,,,,,,,
reviewer_safe_shuffled/acm_main,reviewer_safe_shuffled,main,ACM,adaptive_complementarity,0.8794702053070068,0.02761478080458276,5,0.8570016384124756,0.0161584178688345,5,0.8569164184338938,0.015801573128817997,5,0.8685337543487549,0.019191166271561644,5,0.8579900979995727,0.021334273701619326,5,0.0,0.0,5,264990.0,9941.164418718765,5,14.6,0.547722557505166,5,407700.0,0.0,5,0.0,0.0,5,2.238960460026283,0.6791282475487433,5,5.6,0.8944271909999159,5,0.8,1.7888543819998317,5,8.2,0.8366600265340753,5,ACM,"PAP,PSP,KNN",15,hard,6,300,"42,43,44,45,46","local_uniform_vote,local_reliability_vote,topk_reliability_vote,fixed_ring,fixed_ring_matched,random_regular,random_matched,expander,expander_matched,full_mesh,adaptive_pair,adaptive_complementarity,adaptive_graph_val",15,5,0.001,2,1,0.85,topology_reliability,1.0,0.5,0.0,5,5,active_vote,all_parties,0,cuda,True,2026.0,,,,,,,,
reviewer_safe_shuffled/acm_main,reviewer_safe_shuffled,main,ACM,adaptive_graph_val,0.9271523118019104,0.01783167109784868,5,0.8952223896980286,0.02072771879725407,5,0.8952115802025146,0.02098070919428259,5,0.9057660579681397,0.016532030573568047,5,0.8998352408409118,0.019714368528409305,5,0.0,0.0,5,90750.0,0.0,5,5.0,0.0,5,407700.0,0.0,5,7932.2,161.04098857123293,5,14.710974460002035,3.238079362477584,5,3.4,0.5477225575051661,5,1.6,0.5477225575051661,5,0.0,0.0,5,ACM,"PAP,PSP,KNN",15,hard,6,300,"42,43,44,45,46","local_uniform_vote,local_reliability_vote,topk_reliability_vote,fixed_ring,fixed_ring_matched,random_regular,random_matched,expander,expander_matched,full_mesh,adaptive_pair,adaptive_complementarity,adaptive_graph_val",15,5,0.001,2,1,0.85,topology_reliability,1.0,0.5,0.0,5,5,active_vote,all_parties,0,cuda,True,2026.0,,,,,,,,
reviewer_safe_shuffled/acm_main,reviewer_safe_shuffled,main,ACM,adaptive_pair,0.8860926985740661,0.027886416574331913,5,0.8639209032058716,0.02199819940782069,5,0.864384359772852,0.02177695112260974,5,0.876441502571106,0.02160604891126456,5,0.8632619261741639,0.029836531437727562,5,0.0,0.0,5,261360.0,9941.164418718765,5,14.4,0.5477225575051662,5,407700.0,0.0,5,0.0,0.0,5,2.264952899992932,0.8199198618133234,5,5.0,0.7071067811865475,5,2.0,1.4142135623730951,5,7.4,0.894427190999916,5,ACM,"PAP,PSP,KNN",15,hard,6,300,"42,43,44,45,46","local_uniform_vote,local_reliability_vote,topk_reliability_vote,fixed_ring,fixed_ring_matched,random_regular,random_matched,expander,expander_matched,full_mesh,adaptive_pair,adaptive_complementarity,adaptive_graph_val",15,5,0.001,2,1,0.85,topology_reliability,1.0,0.5,0.0,5,5,active_vote,all_parties,0,cuda,True,2026.0,,,,,,,,
reviewer_safe_shuffled/acm_main,reviewer_safe_shuffled,main,ACM,expander,0.870198667049408,0.03168703812442052,5,0.8474464416503906,0.026833666383475844,5,0.8478838723383687,0.02601296128851876,5,0.8609555125236511,0.024673238860707315,5,0.8510708332061767,0.02548487777115501,5,0.0,0.0,5,272250.0,0.0,5,15.0,0.0,5,0.0,0.0,5,0.0,0.0,5,0.0,0.0,5,2.4,0.8944271909999159,5,7.2,1.7888543819998317,5,5.4,0.8944271909999159,5,ACM,"PAP,PSP,KNN",15,hard,6,300,"42,43,44,45,46","local_uniform_vote,local_reliability_vote,topk_reliability_vote,fixed_ring,fixed_ring_matched,random_regular,random_matched,expander,expander_matched,full_mesh,adaptive_pair,adaptive_complementarity,adaptive_graph_val",15,5,0.001,2,1,0.85,topology_reliability,1.0,0.5,0.0,5,5,active_vote,all_parties,0,cuda,True,2026.0,,,,,,,,
reviewer_safe_shuffled/acm_main,reviewer_safe_shuffled,main,ACM,expander_matched,0.6337748348712922,0.16780518225317842,5,0.6118615984916687,0.165843119710229,5,0.6129453767081895,0.16667299601581437,5,0.6372322857379913,0.1487197963102789,5,0.6072487473487854,0.1636396157551812,5,0.0,0.0,5,90750.0,0.0,5,5.0,0.0,5,0.0,0.0,5,0.0,0.0,5,0.0,0.0,5,0.4,0.5477225575051661,5,2.6,1.140175425099138,5,2.0,1.0,5,ACM,"PAP,PSP,KNN",15,hard,6,300,"42,43,44,45,46","local_uniform_vote,local_reliability_vote,topk_reliability_vote,fixed_ring,fixed_ring_matched,random_regular,random_matched,expander,expander_matched,full_mesh,adaptive_pair,adaptive_complementarity,adaptive_graph_val",15,5,0.001,2,1,0.85,topology_reliability,1.0,0.5,0.0,5,5,active_vote,all_parties,0,cuda,True,2026.0,,,,,,,,
reviewer_safe_shuffled/acm_main,reviewer_safe_shuffled,main,ACM,fixed_ring,0.8735099315643311,0.03160040187659379,5,0.8490938782691956,0.03383487658398983,5,0.8494323143418295,0.03318569074296116,5,0.8616144776344299,0.026359151117508816,5,0.8510708212852478,0.02819011082305483,5,0.0,0.0,5,272250.0,0.0,5,15.0,0.0,5,0.0,0.0,5,0.0,0.0,5,0.0,0.0,5,2.4,0.8944271909999159,5,7.2,1.7888543819998317,5,5.4,0.8944271909999159,5,ACM,"PAP,PSP,KNN",15,hard,6,300,"42,43,44,45,46","local_uniform_vote,local_reliability_vote,topk_reliability_vote,fixed_ring,fixed_ring_matched,random_regular,random_matched,expander,expander_matched,full_mesh,adaptive_pair,adaptive_complementarity,adaptive_graph_val",15,5,0.001,2,1,0.85,topology_reliability,1.0,0.5,0.0,5,5,active_vote,all_parties,0,cuda,True,2026.0,,,,,,,,
reviewer_safe_shuffled/acm_main,reviewer_safe_shuffled,main,ACM,fixed_ring_matched,0.7854304671287536,0.07279687220927292,5,0.7654036164283753,0.0681712340579644,5,0.7637250762110177,0.07023539614166396,5,0.7818780779838562,0.06807165031801801,5,0.7654036164283753,0.07343250995045471,5,0.0,0.0,5,90750.0,0.0,5,5.0,0.0,5,0.0,0.0,5,0.0,0.0,5,0.0,0.0,5,0.8,0.4472135954999579,5,2.0,1.0,5,2.2,0.8366600265340756,5,ACM,"PAP,PSP,KNN",15,hard,6,300,"42,43,44,45,46","local_uniform_vote,local_reliability_vote,topk_reliability_vote,fixed_ring,fixed_ring_matched,random_regular,random_matched,expander,expander_matched,full_mesh,adaptive_pair,adaptive_complementarity,adaptive_graph_val",15,5,0.001,2,1,0.85,topology_reliability,1.0,0.5,0.0,5,5,active_vote,all_parties,0,cuda,True,2026.0,,,,,,,,
reviewer_safe_shuffled/acm_main,reviewer_safe_shuffled,main,ACM,full_mesh,0.8781457066535949,0.029117427600800435,5,0.8560131549835205,0.02835809398606123,5,0.8563180765655118,0.02752639103835431,5,0.86688631772995,0.022660629030387548,5,0.8579900979995727,0.02569171901697732,5,0.0,0.0,5,1905750.0,0.0,5,105.0,0.0,5,0.0,0.0,5,0.0,0.0,5,0.0,0.0,5,15.0,0.0,5,54.0,0.0,5,36.0,0.0,5,ACM,"PAP,PSP,KNN",15,hard,6,300,"42,43,44,45,46","local_uniform_vote,local_reliability_vote,topk_reliability_vote,fixed_ring,fixed_ring_matched,random_regular,random_matched,expander,expander_matched,full_mesh,adaptive_pair,adaptive_complementarity,adaptive_graph_val",15,5,0.001,2,1,0.85,topology_reliability,1.0,0.5,0.0,5,5,active_vote,all_parties,0,cuda,True,2026.0,,,,,,,,
reviewer_safe_shuffled/acm_main,reviewer_safe_shuffled,main,ACM,local_reliability_vote,0.879801332950592,0.027320385149143964,5,0.8622734546661377,0.022786043028065736,5,0.8623467827246365,0.021993047224772768,5,0.8682042837142945,0.022946269121118586,5,0.8612850069999695,0.027005051598308166,5,0.0,0.0,5,0.0,0.0,5,0.0,0.0,5,0.0,0.0,5,0.0,0.0,5,0.0,0.0,5,0.0,0.0,5,0.0,0.0,5,0.0,0.0,5,ACM,"PAP,PSP,KNN",15,hard,6,300,"42,43,44,45,46","local_uniform_vote,local_reliability_vote,topk_reliability_vote,fixed_ring,fixed_ring_matched,random_regular,random_matched,expander,expander_matched,full_mesh,adaptive_pair,adaptive_complementarity,adaptive_graph_val",15,5,0.001,2,1,0.85,topology_reliability,1.0,0.5,0.0,5,5,active_vote,all_parties,0,cuda,True,2026.0,,,,,,,,
reviewer_safe_shuffled/acm_main,reviewer_safe_shuffled,main,ACM,local_uniform_vote,0.721854293346405,0.042469396612689767,5,0.7133442997932434,0.04947829065652689,5,0.7123527168802909,0.04934593497556569,5,0.7235584735870362,0.04882114522844947,5,0.707742977142334,0.043814029267363545,5,0.0,0.0,5,0.0,0.0,5,0.0,0.0,5,0.0,0.0,5,0.0,0.0,5,0.0,0.0,5,0.0,0.0,5,0.0,0.0,5,0.0,0.0,5,ACM,"PAP,PSP,KNN",15,hard,6,300,"42,43,44,45,46","local_uniform_vote,local_reliability_vote,topk_reliability_vote,fixed_ring,fixed_ring_matched,random_regular,random_matched,expander,expander_matched,full_mesh,adaptive_pair,adaptive_complementarity,adaptive_graph_val",15,5,0.001,2,1,0.85,topology_reliability,1.0,0.5,0.0,5,5,active_vote,all_parties,0,cuda,True,2026.0,,,,,,,,
reviewer_safe_shuffled/acm_main,reviewer_safe_shuffled,main,ACM,random_matched,0.7735099256038666,0.22329335855466656,5,0.7502470970153808,0.23182386730139345,5,0.7399348178816835,0.2547921024383014,5,0.7650741100311279,0.22608042641461992,5,0.7466227173805237,0.23573858642075635,5,0.0,0.0,5,90750.0,0.0,5,5.0,0.0,5,0.0,0.0,5,0.0,0.0,5,0.0,0.0,5,1.2,0.8366600265340756,5,2.4,0.5477225575051661,5,1.4,1.140175425099138,5,ACM,"PAP,PSP,KNN",15,hard,6,300,"42,43,44,45,46","local_uniform_vote,local_reliability_vote,topk_reliability_vote,fixed_ring,fixed_ring_matched,random_regular,random_matched,expander,expander_matched,full_mesh,adaptive_pair,adaptive_complementarity,adaptive_graph_val",15,5,0.001,2,1,0.85,topology_reliability,1.0,0.5,0.0,5,5,active_vote,all_parties,0,cuda,True,2026.0,,,,,,,,
reviewer_safe_shuffled/acm_main,reviewer_safe_shuffled,main,ACM,random_regular,0.8771523237228394,0.027738585783815363,5,0.854695200920105,0.020556810769908344,5,0.8549596306568782,0.01942132100348267,5,0.8652388572692871,0.01971436852840932,5,0.8550246953964233,0.025944008455786594,5,0.0,0.0,5,268620.0,8116.926758324236,5,14.8,0.44721359549995804,5,0.0,0.0,5,0.0,0.0,5,0.0,0.0,5,2.4,0.5477225575051662,5,7.0,1.0,5,5.4,0.5477225575051661,5,ACM,"PAP,PSP,KNN",15,hard,6,300,"42,43,44,45,46","local_uniform_vote,local_reliability_vote,topk_reliability_vote,fixed_ring,fixed_ring_matched,random_regular,random_matched,expander,expander_matched,full_mesh,adaptive_pair,adaptive_complementarity,adaptive_graph_val",15,5,0.001,2,1,0.85,topology_reliability,1.0,0.5,0.0,5,5,active_vote,all_parties,0,cuda,True,2026.0,,,,,,,,
reviewer_safe_shuffled/acm_main,reviewer_safe_shuffled,main,ACM,topk_reliability_vote,0.9208609342575074,0.018562265742219183,5,0.8955518722534179,0.012083765827312291,5,0.8959456653399839,0.011899689375002269,5,0.9074134945869445,0.015027013830079908,5,0.8978583097457886,0.014781181635478922,5,0.0,0.0,5,0.0,0.0,5,0.0,0.0,5,0.0,0.0,5,0.0,0.0,5,0.0,0.0,5,0.0,0.0,5,0.0,0.0,5,0.0,0.0,5,ACM,"PAP,PSP,KNN",15,hard,6,300,"42,43,44,45,46","local_uniform_vote,local_reliability_vote,topk_reliability_vote,fixed_ring,fixed_ring_matched,random_regular,random_matched,expander,expander_matched,full_mesh,adaptive_pair,adaptive_complementarity,adaptive_graph_val",15,5,0.001,2,1,0.85,topology_reliability,1.0,0.5,0.0,5,5,active_vote,all_parties,0,cuda,True,2026.0,,,,,,,,
topology_objective/acm_hard_noisy,topology_objective,hard_noisy,ACM,adaptive_complementarity,0.7917218565940857,0.0632550074650969,5,0.7673805475234985,0.051854014568489724,5,0.7676743841960254,0.05110417618905955,5,0.7861614346504211,0.045363156406388765,5,0.7673805356025696,0.04971631107773789,5,0.0,0.0,5,261360.0,9941.164418718765,5,14.4,0.5477225575051662,5,407700.0,0.0,5,0.0,0.0,5,1.4143599000031828,0.3914660027025288,5,3.0,0.0,5,0.0,0.0,5,11.4,0.5477225575051662,5,ACM,"PAP,PSP,KNN",15,hard,3,300,"42,43,44,45,46","adaptive_pair,adaptive_complementarity,adaptive_graph_val",15,5,0.001,2,1,0.85,topology_reliability,1.0,0.5,0.0,5,5,active_vote,all_parties,0,cuda,True,2026.0,True,True,C:\Users\Yin Kuan\OneDrive\桌面\Durham_CS\Research\TA-DVFG\results\core_cache_v2,True,,,,
topology_objective/acm_hard_noisy,topology_objective,hard_noisy,ACM,adaptive_graph_val,0.8903973460197449,0.02904202733393718,5,0.8553541898727417,0.029085707022040122,5,0.856033353251721,0.02851183731598348,5,0.8714991569519043,0.02509316430233685,5,0.8550246953964233,0.022738340530757455,5,0.0,0.0,5,90750.0,0.0,5,5.0,0.0,5,407700.0,0.0,5,7520.4,108.32497403646124,5,11.976089640014106,2.252817864256583,5,2.0,0.0,5,1.8,0.4472135954999579,5,1.2,0.4472135954999579,5,ACM,"PAP,PSP,KNN",15,hard,3,300,"42,43,44,45,46","adaptive_pair,adaptive_complementarity,adaptive_graph_val",15,5,0.001,2,1,0.85,topology_reliability,1.0,0.5,0.0,5,5,active_vote,all_parties,0,cuda,True,2026.0,True,True,C:\Users\Yin Kuan\OneDrive\桌面\Durham_CS\Research\TA-DVFG\results\core_cache_v2,True,,,,
topology_objective/acm_hard_noisy,topology_objective,hard_noisy,ACM,adaptive_pair,0.792052972316742,0.0639145667182718,5,0.7640856623649597,0.0457058702087807,5,0.7641028019063116,0.046251751981309784,5,0.7884678483009339,0.04086530599617106,5,0.7677100300788879,0.05022684275892734,5,0.0,0.0,5,261360.0,9941.164418718765,5,14.4,0.547722557505166,5,407700.0,0.0,5,0.0,0.0,5,1.4529807000129948,0.3393825231908602,5,3.0,0.0,5,0.0,0.0,5,11.4,0.547722557505166,5,ACM,"PAP,PSP,KNN",15,hard,3,300,"42,43,44,45,46","adaptive_pair,adaptive_complementarity,adaptive_graph_val",15,5,0.001,2,1,0.85,topology_reliability,1.0,0.5,0.0,5,5,active_vote,all_parties,0,cuda,True,2026.0,True,True,C:\Users\Yin Kuan\OneDrive\桌面\Durham_CS\Research\TA-DVFG\results\core_cache_v2,True,,,,
topology_objective/dblp_hard_noisy,topology_objective,hard_noisy,DBLP,adaptive_complementarity,0.879012382030487,0.015906284780857642,5,0.8732186555862427,0.016003574302470625,5,0.8597881539500755,0.018384770464141564,5,0.8756756544113159,0.01692034513156129,5,0.8609336376190185,0.017338849841829002,5,0.0,0.0,5,460875.2,14514.764455546632,5,14.2,0.44721359549995815,5,729000.0,0.0,5,0.0,0.0,5,1.209567619988229,0.04848565313077979,5,1.0,0.0,5,4.0,0.0,5,9.2,0.44721359549995815,5,DBLP,"APA,APCPA,APTPA,KNN",15,hard,3,300,"42,43,44,45,46","adaptive_pair,adaptive_complementarity,adaptive_graph_val",15,5,0.001,2,1,0.85,topology_reliability,1.0,0.5,0.0,5,5,active_vote,all_parties,0,cuda,True,2026.0,True,True,C:\Users\Yin Kuan\OneDrive\桌面\Durham_CS\Research\TA-DVFG\results\core_cache_v2,True,,,,
topology_objective/dblp_hard_noisy,topology_objective,hard_noisy,DBLP,adaptive_graph_val,0.9125926256179809,0.009968694909089996,5,0.9024569869041443,0.011412513215862362,5,0.8953847599699282,0.012701452682714122,5,0.907862377166748,0.010093163484203511,5,0.896068787574768,0.010300387847290584,5,0.0,0.0,5,162280.0,0.0,5,5.0,0.0,5,729000.0,0.0,5,7637.0,75.50496672405065,5,10.876617900002747,0.13220906348318803,5,1.0,0.0,5,2.4,0.5477225575051661,5,1.6,0.5477225575051661,5,DBLP,"APA,APCPA,APTPA,KNN",15,hard,3,300,"42,43,44,45,46","adaptive_pair,adaptive_complementarity,adaptive_graph_val",15,5,0.001,2,1,0.85,topology_reliability,1.0,0.5,0.0,5,5,active_vote,all_parties,0,cuda,True,2026.0,True,True,C:\Users\Yin Kuan\OneDrive\桌面\Durham_CS\Research\TA-DVFG\results\core_cache_v2,True,,,,
topology_objective/dblp_hard_noisy,topology_objective,hard_noisy,DBLP,adaptive_pair,0.8827160835266114,0.012314782541130347,5,0.8791154623031616,0.013390088037042764,5,0.8668087505486666,0.014634988329657676,5,0.8813267707824707,0.013191376079752473,5,0.8643734455108643,0.015937422617067737,5,0.0,0.0,5,473857.6,17776.883326387673,5,14.6,0.5477225575051662,5,729000.0,0.0,5,0.0,0.0,5,1.2379757399990923,0.08192966735397285,5,3.0,0.0,5,0.0,0.0,5,11.6,0.5477225575051662,5,DBLP,"APA,APCPA,APTPA,KNN",15,hard,3,300,"42,43,44,45,46","adaptive_pair,adaptive_complementarity,adaptive_graph_val",15,5,0.001,2,1,0.85,topology_reliability,1.0,0.5,0.0,5,5,active_vote,all_parties,0,cuda,True,2026.0,True,True,C:\Users\Yin Kuan\OneDrive\桌面\Durham_CS\Research\TA-DVFG\results\core_cache_v2,True,,,,
